system,noise,floor,unit,pair,any_fired,p_unit-norm_th1,p_unit-norm_th2,p_energy,p_dz=0,p_fk-x,p_fk-y
acrobot,0.0,1e-08,block,0,False,1.0,1.0,1.0,,,
acrobot,0.0,1e-08,block,1,False,1.0,1.0,1.0,,,
acrobot,0.0,1e-08,block,2,False,1.0,1.0,1.0,,,
acrobot,0.0,1e-08,block,3,False,1.0,1.0,1.0,,,
acrobot,0.0,1e-08,block,4,False,1.0,1.0,1.0,,,
acrobot,0.0,1e-08,block,5,False,1.0,1.0,1.0,,,
acrobot,0.0,1e-08,block,6,False,1.0,1.0,1.0,,,
acrobot,0.0,1e-08,block,7,False,1.0,1.0,1.0,,,
acrobot,0.0,1e-08,block,8,False,1.0,1.0,1.0,,,
acrobot,0.0,1e-08,block,9,False,1.0,1.0,1.0,,,
acrobot,0.0,1e-08,block,10,False,1.0,1.0,1.0,,,
acrobot,0.0,1e-08,block,11,False,1.0,1.0,1.0,,,
acrobot,0.0,1e-08,block,12,False,1.0,1.0,1.0,,,
acrobot,0.0,1e-08,block,13,False,1.0,1.0,1.0,,,
acrobot,0.0,1e-08,block,14,False,1.0,1.0,1.0,,,
acrobot,0.0,1e-08,block,15,False,1.0,1.0,1.0,,,
acrobot,0.0,1e-08,block,16,False,1.0,1.0,1.0,,,
acrobot,0.0,1e-08,block,17,False,1.0,1.0,1.0,,,
acrobot,0.0,1e-08,block,18,False,1.0,1.0,1.0,,,
acrobot,0.0,1e-08,block,19,False,1.0,1.0,1.0,,,
acrobot,0.0,1e-08,block,20,False,1.0,1.0,1.0,,,
acrobot,0.0,1e-08,block,21,False,1.0,1.0,1.0,,,
acrobot,0.0,1e-08,block,22,False,1.0,1.0,1.0,,,
acrobot,0.0,1e-08,block,23,False,1.0,1.0,1.0,,,
acrobot,0.0,1e-08,block,24,False,1.0,1.0,1.0,,,
acrobot,0.0,1e-08,block,25,False,1.0,1.0,1.0,,,
acrobot,0.0,1e-08,block,26,False,1.0,1.0,1.0,,,
acrobot,0.0,1e-08,block,27,False,1.0,1.0,1.0,,,
acrobot,0.0,1e-08,block,28,False,1.0,1.0,1.0,,,
acrobot,0.0,1e-08,block,29,False,1.0,1.0,1.0,,,
acrobot,0.0,1e-08,block,30,False,1.0,1.0,1.0,,,
acrobot,0.0,1e-08,block,31,False,1.0,1.0,1.0,,,
acrobot,0.0,1e-08,block,32,False,1.0,1.0,1.0,,,
acrobot,0.0,1e-08,block,33,False,1.0,1.0,1.0,,,
acrobot,0.0,1e-08,block,34,False,1.0,1.0,1.0,,,
acrobot,0.0,1e-08,block,35,False,1.0,1.0,1.0,,,
acrobot,0.0,1e-08,block,36,False,1.0,1.0,1.0,,,
acrobot,0.0,1e-08,block,37,False,1.0,1.0,1.0,,,
acrobot,0.0,1e-08,block,38,False,1.0,1.0,1.0,,,
acrobot,0.0,1e-08,block,39,False,1.0,1.0,1.0,,,
acrobot,0.0,1e-08,block,40,False,1.0,1.0,1.0,,,
acrobot,0.0,1e-08,block,41,False,1.0,1.0,1.0,,,
acrobot,0.0,1e-08,block,42,False,1.0,1.0,1.0,,,
acrobot,0.0,1e-08,block,43,False,1.0,1.0,1.0,,,
acrobot,0.0,1e-08,block,44,False,1.0,1.0,1.0,,,
acrobot,0.0,1e-08,block,45,False,1.0,1.0,1.0,,,
acrobot,0.0,1e-08,block,46,False,1.0,1.0,1.0,,,
acrobot,0.0,1e-08,block,47,False,1.0,1.0,1.0,,,
acrobot,0.0,1e-08,block,48,False,1.0,1.0,1.0,,,
acrobot,0.0,1e-08,block,49,False,1.0,1.0,1.0,,,
acrobot,0.0,1e-08,block,50,False,1.0,1.0,1.0,,,
acrobot,0.0,1e-08,block,51,False,1.0,1.0,1.0,,,
acrobot,0.0,1e-08,block,52,False,1.0,1.0,1.0,,,
acrobot,0.0,1e-08,block,53,False,1.0,1.0,1.0,,,
acrobot,0.0,1e-08,block,54,False,1.0,1.0,1.0,,,
acrobot,0.0,1e-08,block,55,False,1.0,1.0,1.0,,,
acrobot,0.0,1e-08,block,56,False,1.0,1.0,1.0,,,
acrobot,0.0,1e-08,block,57,False,1.0,1.0,1.0,,,
acrobot,0.0,1e-08,block,58,False,1.0,1.0,1.0,,,
acrobot,0.0,1e-08,block,59,False,1.0,1.0,1.0,,,
acrobot,0.0,1e-08,block,60,False,1.0,1.0,1.0,,,
acrobot,0.0,1e-08,block,61,False,1.0,1.0,1.0,,,
acrobot,0.0,1e-08,block,62,False,1.0,1.0,1.0,,,
acrobot,0.0,1e-08,block,63,False,1.0,1.0,1.0,,,
acrobot,0.0,1e-08,block,64,False,1.0,1.0,1.0,,,
acrobot,0.0,1e-08,block,65,False,1.0,1.0,1.0,,,
acrobot,0.0,1e-08,block,66,False,1.0,1.0,1.0,,,
acrobot,0.0,1e-08,block,67,False,1.0,1.0,1.0,,,
acrobot,0.0,1e-08,block,68,False,1.0,1.0,1.0,,,
acrobot,0.0,1e-08,block,69,False,1.0,1.0,1.0,,,
acrobot,0.0,1e-08,block,70,False,1.0,1.0,1.0,,,
acrobot,0.0,1e-08,block,71,False,1.0,1.0,1.0,,,
acrobot,0.0,1e-08,block,72,False,1.0,1.0,1.0,,,
acrobot,0.0,1e-08,block,73,False,1.0,1.0,1.0,,,
acrobot,0.0,1e-08,block,74,False,1.0,1.0,1.0,,,
acrobot,0.0,1e-08,block,75,False,1.0,1.0,1.0,,,
acrobot,0.0,1e-08,block,76,False,1.0,1.0,1.0,,,
acrobot,0.0,1e-08,block,77,False,1.0,1.0,1.0,,,
acrobot,0.0,1e-08,block,78,False,1.0,1.0,1.0,,,
acrobot,0.0,1e-08,block,79,False,1.0,1.0,1.0,,,
acrobot,0.0,1e-08,block,80,False,1.0,1.0,1.0,,,
acrobot,0.0,1e-08,block,81,False,1.0,1.0,1.0,,,
acrobot,0.0,1e-08,block,82,False,1.0,1.0,1.0,,,
acrobot,0.0,1e-08,block,83,False,1.0,1.0,1.0,,,
acrobot,0.0,1e-08,block,84,False,1.0,1.0,1.0,,,
acrobot,0.0,1e-08,block,85,False,1.0,1.0,1.0,,,
acrobot,0.0,1e-08,block,86,False,1.0,1.0,1.0,,,
acrobot,0.0,1e-08,block,87,False,1.0,1.0,1.0,,,
acrobot,0.0,1e-08,block,88,False,1.0,1.0,1.0,,,
acrobot,0.0,1e-08,block,89,False,1.0,1.0,1.0,,,
acrobot,0.0,1e-08,block,90,False,1.0,1.0,1.0,,,
acrobot,0.0,1e-08,block,91,False,1.0,1.0,1.0,,,
acrobot,0.0,1e-08,block,92,False,1.0,1.0,1.0,,,
acrobot,0.0,1e-08,block,93,False,1.0,1.0,1.0,,,
acrobot,0.0,1e-08,block,94,False,1.0,1.0,1.0,,,
acrobot,0.0,1e-08,block,95,False,1.0,1.0,1.0,,,
acrobot,0.0,1e-08,block,96,False,1.0,1.0,1.0,,,
acrobot,0.0,1e-08,block,97,False,1.0,1.0,1.0,,,
acrobot,0.0,1e-08,block,98,False,1.0,1.0,1.0,,,
acrobot,0.0,1e-08,block,99,False,1.0,1.0,1.0,,,
acrobot,0.0,1e-08,block,100,False,1.0,1.0,1.0,,,
acrobot,0.0,1e-08,block,101,False,1.0,1.0,1.0,,,
acrobot,0.0,1e-08,block,102,False,1.0,1.0,1.0,,,
acrobot,0.0,1e-08,block,103,False,1.0,1.0,1.0,,,
acrobot,0.0,1e-08,block,104,False,1.0,1.0,1.0,,,
acrobot,0.0,1e-08,block,105,False,1.0,1.0,1.0,,,
acrobot,0.0,1e-08,block,106,False,1.0,1.0,1.0,,,
acrobot,0.0,1e-08,block,107,False,1.0,1.0,1.0,,,
acrobot,0.0,1e-08,block,108,False,1.0,1.0,1.0,,,
acrobot,0.0,1e-08,block,109,False,1.0,1.0,1.0,,,
acrobot,0.0,1e-08,block,110,False,1.0,1.0,1.0,,,
acrobot,0.0,1e-08,block,111,False,1.0,1.0,1.0,,,
acrobot,0.0,1e-08,block,112,False,1.0,1.0,1.0,,,
acrobot,0.0,1e-08,block,113,False,1.0,1.0,1.0,,,
acrobot,0.0,1e-08,block,114,False,1.0,1.0,1.0,,,
acrobot,0.0,1e-08,block,115,False,1.0,1.0,1.0,,,
acrobot,0.0,1e-08,block,116,False,1.0,1.0,1.0,,,
acrobot,0.0,1e-08,block,117,False,1.0,1.0,1.0,,,
acrobot,0.0,1e-08,block,118,False,1.0,1.0,1.0,,,
acrobot,0.0,1e-08,block,119,False,1.0,1.0,1.0,,,
acrobot,0.0,1e-08,block,120,False,1.0,1.0,1.0,,,
acrobot,0.0,1e-08,block,121,False,1.0,1.0,1.0,,,
acrobot,0.0,1e-08,block,122,False,1.0,1.0,1.0,,,
acrobot,0.0,1e-08,block,123,False,1.0,1.0,1.0,,,
acrobot,0.0,1e-08,block,124,False,1.0,1.0,1.0,,,
acrobot,0.0,1e-08,block,125,False,1.0,1.0,1.0,,,
acrobot,0.0,1e-08,block,126,False,1.0,1.0,1.0,,,
acrobot,0.0,1e-08,block,127,False,1.0,1.0,1.0,,,
acrobot,0.0,1e-08,block,128,False,1.0,1.0,1.0,,,
acrobot,0.0,1e-08,block,129,False,1.0,1.0,1.0,,,
acrobot,0.0,1e-08,block,130,False,1.0,1.0,1.0,,,
acrobot,0.0,1e-08,block,131,False,1.0,1.0,1.0,,,
acrobot,0.0,1e-08,block,132,False,1.0,1.0,1.0,,,
acrobot,0.0,1e-08,block,133,False,1.0,1.0,1.0,,,
acrobot,0.0,1e-08,block,134,False,1.0,1.0,1.0,,,
acrobot,0.0,1e-08,block,135,False,1.0,1.0,1.0,,,
acrobot,0.0,1e-08,block,136,False,1.0,1.0,1.0,,,
acrobot,0.0,1e-08,block,137,False,1.0,1.0,1.0,,,
acrobot,0.0,1e-08,block,138,False,1.0,1.0,1.0,,,
acrobot,0.0,1e-08,block,139,False,1.0,1.0,1.0,,,
acrobot,0.0,1e-08,block,140,False,1.0,1.0,1.0,,,
acrobot,0.0,1e-08,block,141,False,1.0,1.0,1.0,,,
acrobot,0.0,1e-08,block,142,False,1.0,1.0,1.0,,,
acrobot,0.0,1e-08,block,143,False,1.0,1.0,1.0,,,
acrobot,0.0,1e-08,block,144,False,1.0,1.0,1.0,,,
acrobot,0.0,1e-08,block,145,False,1.0,1.0,1.0,,,
acrobot,0.0,1e-08,block,146,False,1.0,1.0,1.0,,,
acrobot,0.0,1e-08,block,147,False,1.0,1.0,1.0,,,
acrobot,0.0,1e-08,block,148,False,1.0,1.0,1.0,,,
acrobot,0.0,1e-08,block,149,False,1.0,1.0,1.0,,,
acrobot,0.0,1e-08,block,150,False,1.0,1.0,1.0,,,
acrobot,0.0,1e-08,block,151,False,1.0,1.0,1.0,,,
acrobot,0.0,1e-08,block,152,False,1.0,1.0,1.0,,,
acrobot,0.0,1e-08,block,153,False,1.0,1.0,1.0,,,
acrobot,0.0,1e-08,block,154,False,1.0,1.0,1.0,,,
acrobot,0.0,1e-08,block,155,False,1.0,1.0,1.0,,,
acrobot,0.0,1e-08,block,156,False,1.0,1.0,1.0,,,
acrobot,0.0,1e-08,block,157,False,1.0,1.0,1.0,,,
acrobot,0.0,1e-08,block,158,False,1.0,1.0,1.0,,,
acrobot,0.0,1e-08,block,159,False,1.0,1.0,1.0,,,
acrobot,0.0,1e-08,block,160,False,1.0,1.0,1.0,,,
acrobot,0.0,1e-08,block,161,False,1.0,1.0,1.0,,,
acrobot,0.0,1e-08,block,162,False,1.0,1.0,1.0,,,
acrobot,0.0,1e-08,block,163,False,1.0,1.0,1.0,,,
acrobot,0.0,1e-08,block,164,False,1.0,1.0,1.0,,,
acrobot,0.0,1e-08,block,165,False,1.0,1.0,1.0,,,
acrobot,0.0,1e-08,block,166,False,1.0,1.0,1.0,,,
acrobot,0.0,1e-08,block,167,False,1.0,1.0,1.0,,,
acrobot,0.0,1e-08,block,168,False,1.0,1.0,1.0,,,
acrobot,0.0,1e-08,block,169,False,1.0,1.0,1.0,,,
acrobot,0.0,1e-08,block,170,False,1.0,1.0,1.0,,,
acrobot,0.0,1e-08,block,171,False,1.0,1.0,1.0,,,
acrobot,0.0,1e-08,block,172,False,1.0,1.0,1.0,,,
acrobot,0.0,1e-08,block,173,False,1.0,1.0,1.0,,,
acrobot,0.0,1e-08,block,174,False,1.0,1.0,1.0,,,
acrobot,0.0,1e-08,block,175,False,1.0,1.0,1.0,,,
acrobot,0.0,1e-08,block,176,False,1.0,1.0,1.0,,,
acrobot,0.0,1e-08,block,177,False,1.0,1.0,1.0,,,
acrobot,0.0,1e-08,block,178,False,1.0,1.0,1.0,,,
acrobot,0.0,1e-08,block,179,False,1.0,1.0,1.0,,,
acrobot,0.0,1e-08,block,180,False,1.0,1.0,1.0,,,
acrobot,0.0,1e-08,block,181,False,1.0,1.0,1.0,,,
acrobot,0.0,1e-08,block,182,False,1.0,1.0,1.0,,,
acrobot,0.0,1e-08,block,183,False,1.0,1.0,1.0,,,
acrobot,0.0,1e-08,block,184,False,1.0,1.0,1.0,,,
acrobot,0.0,1e-08,block,185,False,1.0,1.0,1.0,,,
acrobot,0.0,1e-08,block,186,False,1.0,1.0,1.0,,,
acrobot,0.0,1e-08,block,187,False,1.0,1.0,1.0,,,
acrobot,0.0,1e-08,block,188,False,1.0,1.0,1.0,,,
acrobot,0.0,1e-08,block,189,False,1.0,1.0,1.0,,,
acrobot,0.0,1e-08,block,190,False,1.0,1.0,1.0,,,
acrobot,0.0,1e-08,block,191,False,1.0,1.0,1.0,,,
acrobot,0.0,1e-08,block,192,False,1.0,1.0,1.0,,,
acrobot,0.0,1e-08,block,193,False,1.0,1.0,1.0,,,
acrobot,0.0,1e-08,block,194,False,1.0,1.0,1.0,,,
acrobot,0.0,1e-08,block,195,False,1.0,1.0,1.0,,,
acrobot,0.0,1e-08,block,196,False,1.0,1.0,1.0,,,
acrobot,0.0,1e-08,block,197,False,1.0,1.0,1.0,,,
acrobot,0.0,1e-08,block,198,False,1.0,1.0,1.0,,,
acrobot,0.0,1e-08,block,199,False,1.0,1.0,1.0,,,
acrobot,0.0,1e-08,block,200,False,1.0,1.0,1.0,,,
acrobot,0.0,1e-08,block,201,False,1.0,1.0,1.0,,,
acrobot,0.0,1e-08,block,202,False,1.0,1.0,1.0,,,
acrobot,0.0,1e-08,block,203,False,1.0,1.0,1.0,,,
acrobot,0.0,1e-08,block,204,False,1.0,1.0,1.0,,,
acrobot,0.0,1e-08,block,205,False,1.0,1.0,1.0,,,
acrobot,0.0,1e-08,block,206,False,1.0,1.0,1.0,,,
acrobot,0.0,1e-08,block,207,False,1.0,1.0,1.0,,,
acrobot,0.0,1e-08,block,208,False,1.0,1.0,1.0,,,
acrobot,0.0,1e-08,block,209,False,1.0,1.0,1.0,,,
acrobot,0.0,1e-08,block,210,False,1.0,1.0,1.0,,,
acrobot,0.0,1e-08,block,211,False,1.0,1.0,1.0,,,
acrobot,0.0,1e-08,block,212,False,1.0,1.0,1.0,,,
acrobot,0.0,1e-08,block,213,False,1.0,1.0,1.0,,,
acrobot,0.0,1e-08,block,214,False,1.0,1.0,1.0,,,
acrobot,0.0,1e-08,block,215,False,1.0,1.0,1.0,,,
acrobot,0.0,1e-08,block,216,False,1.0,1.0,1.0,,,
acrobot,0.0,1e-08,block,217,False,1.0,1.0,1.0,,,
acrobot,0.0,1e-08,block,218,False,1.0,1.0,1.0,,,
acrobot,0.0,1e-08,block,219,False,1.0,1.0,1.0,,,
acrobot,0.0,1e-08,block,220,False,1.0,1.0,1.0,,,
acrobot,0.0,1e-08,block,221,False,1.0,1.0,1.0,,,
acrobot,0.0,1e-08,block,222,False,1.0,1.0,1.0,,,
acrobot,0.0,1e-08,block,223,False,1.0,1.0,1.0,,,
acrobot,0.0,1e-08,block,224,False,1.0,1.0,1.0,,,
acrobot,0.0,1e-08,block,225,False,1.0,1.0,1.0,,,
acrobot,0.0,1e-08,block,226,False,1.0,1.0,1.0,,,
acrobot,0.0,1e-08,block,227,False,1.0,1.0,1.0,,,
acrobot,0.0,1e-08,block,228,False,1.0,1.0,1.0,,,
acrobot,0.0,1e-08,block,229,False,1.0,1.0,1.0,,,
acrobot,0.0,1e-08,block,230,False,1.0,1.0,1.0,,,
acrobot,0.0,1e-08,block,231,False,1.0,1.0,1.0,,,
acrobot,0.0,1e-08,block,232,False,1.0,1.0,1.0,,,
acrobot,0.0,1e-08,block,233,False,1.0,1.0,1.0,,,
acrobot,0.0,1e-08,block,234,False,1.0,1.0,1.0,,,
acrobot,0.0,1e-08,block,235,False,1.0,1.0,1.0,,,
acrobot,0.0,1e-08,block,236,False,1.0,1.0,1.0,,,
acrobot,0.0,1e-08,block,237,False,1.0,1.0,1.0,,,
acrobot,0.0,1e-08,block,238,False,1.0,1.0,1.0,,,
acrobot,0.0,1e-08,block,239,False,1.0,1.0,1.0,,,
acrobot,0.0,1e-08,block,240,False,1.0,1.0,1.0,,,
acrobot,0.0,1e-08,block,241,False,1.0,1.0,1.0,,,
acrobot,0.0,1e-08,block,242,False,1.0,1.0,1.0,,,
acrobot,0.0,1e-08,block,243,False,1.0,1.0,1.0,,,
acrobot,0.0,1e-08,block,244,False,1.0,1.0,1.0,,,
acrobot,0.0,1e-08,block,245,False,1.0,1.0,1.0,,,
acrobot,0.0,1e-08,block,246,False,1.0,1.0,1.0,,,
acrobot,0.0,1e-08,block,247,False,1.0,1.0,1.0,,,
acrobot,0.0,1e-08,block,248,False,1.0,1.0,1.0,,,
acrobot,0.0,1e-08,block,249,False,1.0,1.0,1.0,,,
acrobot,0.0,1e-08,block,250,False,1.0,1.0,1.0,,,
acrobot,0.0,1e-08,block,251,False,1.0,1.0,1.0,,,
acrobot,0.0,1e-08,block,252,False,1.0,1.0,1.0,,,
acrobot,0.0,1e-08,block,253,False,1.0,1.0,1.0,,,
acrobot,0.0,1e-08,block,254,False,1.0,1.0,1.0,,,
acrobot,0.0,1e-08,block,255,False,1.0,1.0,1.0,,,
acrobot,0.0,1e-08,block,256,False,1.0,1.0,1.0,,,
acrobot,0.0,1e-08,block,257,False,1.0,1.0,1.0,,,
acrobot,0.0,1e-08,block,258,False,1.0,1.0,1.0,,,
acrobot,0.0,1e-08,block,259,False,1.0,1.0,1.0,,,
acrobot,0.0,1e-08,block,260,False,1.0,1.0,1.0,,,
acrobot,0.0,1e-08,block,261,False,1.0,1.0,1.0,,,
acrobot,0.0,1e-08,block,262,False,1.0,1.0,1.0,,,
acrobot,0.0,1e-08,block,263,False,1.0,1.0,1.0,,,
acrobot,0.0,1e-08,block,264,False,1.0,1.0,1.0,,,
acrobot,0.0,1e-08,block,265,False,1.0,1.0,1.0,,,
acrobot,0.0,1e-08,block,266,False,1.0,1.0,1.0,,,
acrobot,0.0,1e-08,block,267,False,1.0,1.0,1.0,,,
acrobot,0.0,1e-08,block,268,False,1.0,1.0,1.0,,,
acrobot,0.0,1e-08,block,269,False,1.0,1.0,1.0,,,
acrobot,0.0,1e-08,block,270,False,1.0,1.0,1.0,,,
acrobot,0.0,1e-08,block,271,False,1.0,1.0,1.0,,,
acrobot,0.0,1e-08,block,272,False,1.0,1.0,1.0,,,
acrobot,0.0,1e-08,block,273,False,1.0,1.0,1.0,,,
acrobot,0.0,1e-08,block,274,False,1.0,1.0,1.0,,,
acrobot,0.0,1e-08,block,275,False,1.0,1.0,1.0,,,
acrobot,0.0,1e-08,block,276,False,1.0,1.0,1.0,,,
acrobot,0.0,1e-08,block,277,False,1.0,1.0,1.0,,,
acrobot,0.0,1e-08,block,278,False,1.0,1.0,1.0,,,
acrobot,0.0,1e-08,block,279,False,1.0,1.0,1.0,,,
acrobot,0.0,1e-08,block,280,False,1.0,1.0,1.0,,,
acrobot,0.0,1e-08,block,281,False,1.0,1.0,1.0,,,
acrobot,0.0,1e-08,block,282,False,1.0,1.0,1.0,,,
acrobot,0.0,1e-08,block,283,False,1.0,1.0,1.0,,,
acrobot,0.0,1e-08,block,284,False,1.0,1.0,1.0,,,
acrobot,0.0,1e-08,block,285,False,1.0,1.0,1.0,,,
acrobot,0.0,1e-08,block,286,False,1.0,1.0,1.0,,,
acrobot,0.0,1e-08,block,287,False,1.0,1.0,1.0,,,
acrobot,0.0,1e-08,block,288,False,1.0,1.0,1.0,,,
acrobot,0.0,1e-08,block,289,False,1.0,1.0,1.0,,,
acrobot,0.0,1e-08,block,290,False,1.0,1.0,1.0,,,
acrobot,0.0,1e-08,block,291,False,1.0,1.0,1.0,,,
acrobot,0.0,1e-08,block,292,False,1.0,1.0,1.0,,,
acrobot,0.0,1e-08,block,293,False,1.0,1.0,1.0,,,
acrobot,0.0,1e-08,block,294,False,1.0,1.0,1.0,,,
acrobot,0.0,1e-08,block,295,False,1.0,1.0,1.0,,,
acrobot,0.0,1e-08,block,296,False,1.0,1.0,1.0,,,
acrobot,0.0,1e-08,block,297,False,1.0,1.0,1.0,,,
acrobot,0.0,1e-08,block,298,False,1.0,1.0,1.0,,,
acrobot,0.0,1e-08,block,299,False,1.0,1.0,1.0,,,
acrobot,0.0,1e-08,block,300,False,1.0,1.0,1.0,,,
acrobot,0.0,1e-08,block,301,False,1.0,1.0,1.0,,,
acrobot,0.0,1e-08,block,302,False,1.0,1.0,1.0,,,
acrobot,0.0,1e-08,block,303,False,1.0,1.0,1.0,,,
acrobot,0.0,1e-08,block,304,False,1.0,1.0,1.0,,,
acrobot,0.0,1e-08,block,305,False,1.0,1.0,1.0,,,
acrobot,0.0,1e-08,block,306,False,1.0,1.0,1.0,,,
acrobot,0.0,1e-08,block,307,False,1.0,1.0,1.0,,,
acrobot,0.0,1e-08,block,308,False,1.0,1.0,1.0,,,
acrobot,0.0,1e-08,block,309,False,1.0,1.0,1.0,,,
acrobot,0.0,1e-08,block,310,False,1.0,1.0,1.0,,,
acrobot,0.0,1e-08,block,311,False,1.0,1.0,1.0,,,
acrobot,0.0,1e-08,block,312,False,1.0,1.0,1.0,,,
acrobot,0.0,1e-08,block,313,False,1.0,1.0,1.0,,,
acrobot,0.0,1e-08,block,314,False,1.0,1.0,1.0,,,
acrobot,0.0,1e-08,block,315,False,1.0,1.0,1.0,,,
acrobot,0.0,1e-08,block,316,False,1.0,1.0,1.0,,,
acrobot,0.0,1e-08,block,317,False,1.0,1.0,1.0,,,
acrobot,0.0,1e-08,block,318,False,1.0,1.0,1.0,,,
acrobot,0.0,1e-08,block,319,False,1.0,1.0,1.0,,,
acrobot,0.0,1e-08,block,320,False,1.0,1.0,1.0,,,
acrobot,0.0,1e-08,block,321,False,1.0,1.0,1.0,,,
acrobot,0.0,1e-08,block,322,False,1.0,1.0,1.0,,,
acrobot,0.0,1e-08,block,323,False,1.0,1.0,1.0,,,
acrobot,0.0,1e-08,block,324,False,1.0,1.0,1.0,,,
acrobot,0.0,1e-08,block,325,False,1.0,1.0,1.0,,,
acrobot,0.0,1e-08,block,326,False,1.0,1.0,1.0,,,
acrobot,0.0,1e-08,block,327,False,1.0,1.0,1.0,,,
acrobot,0.0,1e-08,block,328,False,1.0,1.0,1.0,,,
acrobot,0.0,1e-08,block,329,False,1.0,1.0,1.0,,,
acrobot,0.0,1e-08,block,330,False,1.0,1.0,1.0,,,
acrobot,0.0,1e-08,block,331,False,1.0,1.0,1.0,,,
acrobot,0.0,1e-08,block,332,False,1.0,1.0,1.0,,,
acrobot,0.0,1e-08,block,333,False,1.0,1.0,1.0,,,
acrobot,0.0,1e-08,block,334,False,1.0,1.0,1.0,,,
acrobot,0.0,1e-08,block,335,False,1.0,1.0,1.0,,,
acrobot,0.0,1e-08,block,336,False,1.0,1.0,1.0,,,
acrobot,0.0,1e-08,block,337,False,1.0,1.0,1.0,,,
acrobot,0.0,1e-08,block,338,False,1.0,1.0,1.0,,,
acrobot,0.0,1e-08,block,339,False,1.0,1.0,1.0,,,
acrobot,0.0,1e-08,block,340,False,1.0,1.0,1.0,,,
acrobot,0.0,1e-08,block,341,False,1.0,1.0,1.0,,,
acrobot,0.0,1e-08,block,342,False,1.0,1.0,1.0,,,
acrobot,0.0,1e-08,block,343,False,1.0,1.0,1.0,,,
acrobot,0.0,1e-08,block,344,False,1.0,1.0,1.0,,,
acrobot,0.0,1e-08,block,345,False,1.0,1.0,1.0,,,
acrobot,0.0,1e-08,block,346,False,1.0,1.0,1.0,,,
acrobot,0.0,1e-08,block,347,False,1.0,1.0,1.0,,,
acrobot,0.0,1e-08,block,348,False,1.0,1.0,1.0,,,
acrobot,0.0,1e-08,block,349,False,1.0,1.0,1.0,,,
acrobot,0.0,1e-08,block,350,False,1.0,1.0,1.0,,,
acrobot,0.0,1e-08,block,351,False,1.0,1.0,1.0,,,
acrobot,0.0,1e-08,block,352,False,1.0,1.0,1.0,,,
acrobot,0.0,1e-08,block,353,False,1.0,1.0,1.0,,,
acrobot,0.0,1e-08,block,354,False,1.0,1.0,1.0,,,
acrobot,0.0,1e-08,block,355,False,1.0,1.0,1.0,,,
acrobot,0.0,1e-08,block,356,False,1.0,1.0,1.0,,,
acrobot,0.0,1e-08,block,357,False,1.0,1.0,1.0,,,
acrobot,0.0,1e-08,block,358,False,1.0,1.0,1.0,,,
acrobot,0.0,1e-08,block,359,False,1.0,1.0,1.0,,,
acrobot,0.0,1e-08,block,360,False,1.0,1.0,1.0,,,
acrobot,0.0,1e-08,block,361,False,1.0,1.0,1.0,,,
acrobot,0.0,1e-08,block,362,False,1.0,1.0,1.0,,,
acrobot,0.0,1e-08,block,363,False,1.0,1.0,1.0,,,
acrobot,0.0,1e-08,block,364,False,1.0,1.0,1.0,,,
acrobot,0.0,1e-08,block,365,False,1.0,1.0,1.0,,,
acrobot,0.0,1e-08,block,366,False,1.0,1.0,1.0,,,
acrobot,0.0,1e-08,block,367,False,1.0,1.0,1.0,,,
acrobot,0.0,1e-08,block,368,False,1.0,1.0,1.0,,,
acrobot,0.0,1e-08,block,369,False,1.0,1.0,1.0,,,
acrobot,0.0,1e-08,block,370,False,1.0,1.0,1.0,,,
acrobot,0.0,1e-08,block,371,False,1.0,1.0,1.0,,,
acrobot,0.0,1e-08,block,372,False,1.0,1.0,1.0,,,
acrobot,0.0,1e-08,block,373,False,1.0,1.0,1.0,,,
acrobot,0.0,1e-08,block,374,False,1.0,1.0,1.0,,,
acrobot,0.0,1e-08,block,375,False,1.0,1.0,1.0,,,
acrobot,0.0,1e-08,block,376,False,1.0,1.0,1.0,,,
acrobot,0.0,1e-08,block,377,False,1.0,1.0,1.0,,,
acrobot,0.0,1e-08,block,378,False,1.0,1.0,1.0,,,
acrobot,0.0,1e-08,block,379,False,1.0,1.0,1.0,,,
acrobot,0.0,1e-08,block,380,False,1.0,1.0,1.0,,,
acrobot,0.0,1e-08,block,381,False,1.0,1.0,1.0,,,
acrobot,0.0,1e-08,block,382,False,1.0,1.0,1.0,,,
acrobot,0.0,1e-08,block,383,False,1.0,1.0,1.0,,,
acrobot,0.0,1e-08,block,384,False,1.0,1.0,1.0,,,
acrobot,0.0,1e-08,block,385,False,1.0,1.0,1.0,,,
acrobot,0.0,1e-08,block,386,False,1.0,1.0,1.0,,,
acrobot,0.0,1e-08,block,387,False,1.0,1.0,1.0,,,
acrobot,0.0,1e-08,block,388,False,1.0,1.0,1.0,,,
acrobot,0.0,1e-08,block,389,False,1.0,1.0,1.0,,,
acrobot,0.0,1e-08,block,390,False,1.0,1.0,1.0,,,
acrobot,0.0,1e-08,block,391,False,1.0,1.0,1.0,,,
acrobot,0.0,1e-08,block,392,False,1.0,1.0,1.0,,,
acrobot,0.0,1e-08,block,393,False,1.0,1.0,1.0,,,
acrobot,0.0,1e-08,block,394,False,1.0,1.0,1.0,,,
acrobot,0.0,1e-08,block,395,False,1.0,1.0,1.0,,,
acrobot,0.0,1e-08,block,396,False,1.0,1.0,1.0,,,
acrobot,0.0,1e-08,block,397,False,1.0,1.0,1.0,,,
acrobot,0.0,1e-08,block,398,False,1.0,1.0,1.0,,,
acrobot,0.0,1e-08,block,399,False,1.0,1.0,1.0,,,
acrobot,0.0,1e-08,block,400,False,1.0,1.0,1.0,,,
acrobot,0.0,1e-08,block,401,False,1.0,1.0,1.0,,,
acrobot,0.0,1e-08,block,402,False,1.0,1.0,1.0,,,
acrobot,0.0,1e-08,block,403,False,1.0,1.0,1.0,,,
acrobot,0.0,1e-08,block,404,False,1.0,1.0,1.0,,,
acrobot,0.0,1e-08,block,405,False,1.0,1.0,1.0,,,
acrobot,0.0,1e-08,block,406,False,1.0,1.0,1.0,,,
acrobot,0.0,1e-08,block,407,False,1.0,1.0,1.0,,,
acrobot,0.0,1e-08,block,408,False,1.0,1.0,1.0,,,
acrobot,0.0,1e-08,block,409,False,1.0,1.0,1.0,,,
acrobot,0.0,1e-08,block,410,False,1.0,1.0,1.0,,,
acrobot,0.0,1e-08,block,411,False,1.0,1.0,1.0,,,
acrobot,0.0,1e-08,block,412,False,1.0,1.0,1.0,,,
acrobot,0.0,1e-08,block,413,False,1.0,1.0,1.0,,,
acrobot,0.0,1e-08,block,414,False,1.0,1.0,1.0,,,
acrobot,0.0,1e-08,block,415,False,1.0,1.0,1.0,,,
acrobot,0.0,1e-08,block,416,False,1.0,1.0,1.0,,,
acrobot,0.0,1e-08,block,417,False,1.0,1.0,1.0,,,
acrobot,0.0,1e-08,block,418,False,1.0,1.0,1.0,,,
acrobot,0.0,1e-08,block,419,False,1.0,1.0,1.0,,,
acrobot,0.0,1e-08,block,420,False,1.0,1.0,1.0,,,
acrobot,0.0,1e-08,block,421,False,1.0,1.0,1.0,,,
acrobot,0.0,1e-08,block,422,False,1.0,1.0,1.0,,,
acrobot,0.0,1e-08,block,423,False,1.0,1.0,1.0,,,
acrobot,0.0,1e-08,block,424,False,1.0,1.0,1.0,,,
acrobot,0.0,1e-08,block,425,False,1.0,1.0,1.0,,,
acrobot,0.0,1e-08,block,426,False,1.0,1.0,1.0,,,
acrobot,0.0,1e-08,block,427,False,1.0,1.0,1.0,,,
acrobot,0.0,1e-08,block,428,False,1.0,1.0,1.0,,,
acrobot,0.0,1e-08,block,429,False,1.0,1.0,1.0,,,
acrobot,0.0,1e-08,block,430,False,1.0,1.0,1.0,,,
acrobot,0.0,1e-08,block,431,False,1.0,1.0,1.0,,,
acrobot,0.0,1e-08,block,432,False,1.0,1.0,1.0,,,
acrobot,0.0,1e-08,block,433,False,1.0,1.0,1.0,,,
acrobot,0.0,1e-08,block,434,False,1.0,1.0,1.0,,,
acrobot,0.0,1e-08,block,435,False,1.0,1.0,1.0,,,
acrobot,0.0,1e-08,block,436,False,1.0,1.0,1.0,,,
acrobot,0.0,1e-08,block,437,False,1.0,1.0,1.0,,,
acrobot,0.0,1e-08,block,438,False,1.0,1.0,1.0,,,
acrobot,0.0,1e-08,block,439,False,1.0,1.0,1.0,,,
acrobot,0.0,1e-08,block,440,False,1.0,1.0,1.0,,,
acrobot,0.0,1e-08,block,441,False,1.0,1.0,1.0,,,
acrobot,0.0,1e-08,block,442,False,1.0,1.0,1.0,,,
acrobot,0.0,1e-08,block,443,False,1.0,1.0,1.0,,,
acrobot,0.0,1e-08,block,444,False,1.0,1.0,1.0,,,
acrobot,0.0,1e-08,block,445,False,1.0,1.0,1.0,,,
acrobot,0.0,1e-08,block,446,False,1.0,1.0,1.0,,,
acrobot,0.0,1e-08,block,447,False,1.0,1.0,1.0,,,
acrobot,0.0,1e-08,block,448,False,1.0,1.0,1.0,,,
acrobot,0.0,1e-08,block,449,False,1.0,1.0,1.0,,,
acrobot,0.0,1e-08,block,450,False,1.0,1.0,1.0,,,
acrobot,0.0,1e-08,block,451,False,1.0,1.0,1.0,,,
acrobot,0.0,1e-08,block,452,False,1.0,1.0,1.0,,,
acrobot,0.0,1e-08,block,453,False,1.0,1.0,1.0,,,
acrobot,0.0,1e-08,block,454,False,1.0,1.0,1.0,,,
acrobot,0.0,1e-08,block,455,False,1.0,1.0,1.0,,,
acrobot,0.0,1e-08,block,456,False,1.0,1.0,1.0,,,
acrobot,0.0,1e-08,block,457,False,1.0,1.0,1.0,,,
acrobot,0.0,1e-08,block,458,False,1.0,1.0,1.0,,,
acrobot,0.0,1e-08,block,459,False,1.0,1.0,1.0,,,
acrobot,0.0,1e-08,block,460,False,1.0,1.0,1.0,,,
acrobot,0.0,1e-08,block,461,False,1.0,1.0,1.0,,,
acrobot,0.0,1e-08,block,462,False,1.0,1.0,1.0,,,
acrobot,0.0,1e-08,block,463,False,1.0,1.0,1.0,,,
acrobot,0.0,1e-08,block,464,False,1.0,1.0,1.0,,,
acrobot,0.0,1e-08,block,465,False,1.0,1.0,1.0,,,
acrobot,0.0,1e-08,block,466,False,1.0,1.0,1.0,,,
acrobot,0.0,1e-08,block,467,False,1.0,1.0,1.0,,,
acrobot,0.0,1e-08,block,468,False,1.0,1.0,1.0,,,
acrobot,0.0,1e-08,block,469,False,1.0,1.0,1.0,,,
acrobot,0.0,1e-08,block,470,False,1.0,1.0,1.0,,,
acrobot,0.0,1e-08,block,471,False,1.0,1.0,1.0,,,
acrobot,0.0,1e-08,block,472,False,1.0,1.0,1.0,,,
acrobot,0.0,1e-08,block,473,False,1.0,1.0,1.0,,,
acrobot,0.0,1e-08,block,474,False,1.0,1.0,1.0,,,
acrobot,0.0,1e-08,block,475,False,1.0,1.0,1.0,,,
acrobot,0.0,1e-08,block,476,False,1.0,1.0,1.0,,,
acrobot,0.0,1e-08,block,477,False,1.0,1.0,1.0,,,
acrobot,0.0,1e-08,block,478,False,1.0,1.0,1.0,,,
acrobot,0.0,1e-08,block,479,False,1.0,1.0,1.0,,,
acrobot,0.0,1e-08,block,480,False,1.0,1.0,1.0,,,
acrobot,0.0,1e-08,block,481,False,1.0,1.0,1.0,,,
acrobot,0.0,1e-08,block,482,False,1.0,1.0,1.0,,,
acrobot,0.0,1e-08,block,483,False,1.0,1.0,1.0,,,
acrobot,0.0,1e-08,block,484,False,1.0,1.0,1.0,,,
acrobot,0.0,1e-08,block,485,False,1.0,1.0,1.0,,,
acrobot,0.0,1e-08,block,486,False,1.0,1.0,1.0,,,
acrobot,0.0,1e-08,block,487,False,1.0,1.0,1.0,,,
acrobot,0.0,1e-08,block,488,False,1.0,1.0,1.0,,,
acrobot,0.0,1e-08,block,489,False,1.0,1.0,1.0,,,
acrobot,0.0,1e-08,block,490,False,1.0,1.0,1.0,,,
acrobot,0.0,1e-08,block,491,False,1.0,1.0,1.0,,,
acrobot,0.0,1e-08,block,492,False,1.0,1.0,1.0,,,
acrobot,0.0,1e-08,block,493,False,1.0,1.0,1.0,,,
acrobot,0.0,1e-08,block,494,False,1.0,1.0,1.0,,,
acrobot,0.0,1e-08,block,495,False,1.0,1.0,1.0,,,
acrobot,0.0,1e-08,block,496,False,1.0,1.0,1.0,,,
acrobot,0.0,1e-08,block,497,False,1.0,1.0,1.0,,,
acrobot,0.0,1e-08,block,498,False,1.0,1.0,1.0,,,
acrobot,0.0,1e-08,block,499,False,1.0,1.0,1.0,,,
acrobot,0.0,1e-08,trajectory,0,False,1.0,1.0,1.0,,,
acrobot,0.0,1e-08,trajectory,1,False,1.0,1.0,1.0,,,
acrobot,0.0,1e-08,trajectory,2,False,1.0,1.0,1.0,,,
acrobot,0.0,1e-08,trajectory,3,False,1.0,1.0,1.0,,,
acrobot,0.0,1e-08,trajectory,4,False,1.0,1.0,1.0,,,
acrobot,0.0,1e-08,trajectory,5,False,1.0,1.0,1.0,,,
acrobot,0.0,1e-08,trajectory,6,False,1.0,1.0,1.0,,,
acrobot,0.0,1e-08,trajectory,7,False,1.0,1.0,1.0,,,
acrobot,0.0,1e-08,trajectory,8,False,1.0,1.0,1.0,,,
acrobot,0.0,1e-08,trajectory,9,False,1.0,1.0,1.0,,,
acrobot,0.0,1e-08,trajectory,10,False,1.0,1.0,1.0,,,
acrobot,0.0,1e-08,trajectory,11,False,1.0,1.0,1.0,,,
acrobot,0.0,1e-08,trajectory,12,False,1.0,1.0,1.0,,,
acrobot,0.0,1e-08,trajectory,13,False,1.0,1.0,1.0,,,
acrobot,0.0,1e-08,trajectory,14,False,1.0,1.0,1.0,,,
acrobot,0.0,1e-08,trajectory,15,False,1.0,1.0,1.0,,,
acrobot,0.0,1e-08,trajectory,16,False,1.0,1.0,1.0,,,
acrobot,0.0,1e-08,trajectory,17,False,1.0,1.0,1.0,,,
acrobot,0.0,1e-08,trajectory,18,False,1.0,1.0,1.0,,,
acrobot,0.0,1e-08,trajectory,19,False,1.0,1.0,1.0,,,
acrobot,0.0,1e-08,trajectory,20,False,1.0,1.0,1.0,,,
acrobot,0.0,1e-08,trajectory,21,False,1.0,1.0,1.0,,,
acrobot,0.0,1e-08,trajectory,22,False,1.0,1.0,1.0,,,
acrobot,0.0,1e-08,trajectory,23,False,1.0,1.0,1.0,,,
acrobot,0.0,1e-08,trajectory,24,False,1.0,1.0,1.0,,,
acrobot,0.0,1e-08,trajectory,25,False,1.0,1.0,1.0,,,
acrobot,0.0,1e-08,trajectory,26,False,1.0,1.0,1.0,,,
acrobot,0.0,1e-08,trajectory,27,False,1.0,1.0,1.0,,,
acrobot,0.0,1e-08,trajectory,28,False,1.0,1.0,1.0,,,
acrobot,0.0,1e-08,trajectory,29,False,1.0,1.0,1.0,,,
acrobot,0.0,1e-08,trajectory,30,False,1.0,1.0,1.0,,,
acrobot,0.0,1e-08,trajectory,31,False,1.0,1.0,1.0,,,
acrobot,0.0,1e-08,trajectory,32,False,1.0,1.0,1.0,,,
acrobot,0.0,1e-08,trajectory,33,False,1.0,1.0,1.0,,,
acrobot,0.0,1e-08,trajectory,34,False,1.0,1.0,1.0,,,
acrobot,0.0,1e-08,trajectory,35,False,1.0,1.0,1.0,,,
acrobot,0.0,1e-08,trajectory,36,False,1.0,1.0,1.0,,,
acrobot,0.0,1e-08,trajectory,37,False,1.0,1.0,1.0,,,
acrobot,0.0,1e-08,trajectory,38,False,1.0,1.0,1.0,,,
acrobot,0.0,1e-08,trajectory,39,False,1.0,1.0,1.0,,,
acrobot,0.0,1e-08,trajectory,40,False,1.0,1.0,1.0,,,
acrobot,0.0,1e-08,trajectory,41,False,1.0,1.0,1.0,,,
acrobot,0.0,1e-08,trajectory,42,False,1.0,1.0,1.0,,,
acrobot,0.0,1e-08,trajectory,43,False,1.0,1.0,1.0,,,
acrobot,0.0,1e-08,trajectory,44,False,1.0,1.0,1.0,,,
acrobot,0.0,1e-08,trajectory,45,False,1.0,1.0,1.0,,,
acrobot,0.0,1e-08,trajectory,46,False,1.0,1.0,1.0,,,
acrobot,0.0,1e-08,trajectory,47,False,1.0,1.0,1.0,,,
acrobot,0.0,1e-08,trajectory,48,False,1.0,1.0,1.0,,,
acrobot,0.0,1e-08,trajectory,49,False,1.0,1.0,1.0,,,
acrobot,0.0,1e-08,trajectory,50,False,1.0,1.0,1.0,,,
acrobot,0.0,1e-08,trajectory,51,False,1.0,1.0,1.0,,,
acrobot,0.0,1e-08,trajectory,52,False,1.0,1.0,1.0,,,
acrobot,0.0,1e-08,trajectory,53,False,1.0,1.0,1.0,,,
acrobot,0.0,1e-08,trajectory,54,False,1.0,1.0,1.0,,,
acrobot,0.0,1e-08,trajectory,55,False,1.0,1.0,1.0,,,
acrobot,0.0,1e-08,trajectory,56,False,1.0,1.0,1.0,,,
acrobot,0.0,1e-08,trajectory,57,False,1.0,1.0,1.0,,,
acrobot,0.0,1e-08,trajectory,58,False,1.0,1.0,1.0,,,
acrobot,0.0,1e-08,trajectory,59,False,1.0,1.0,1.0,,,
acrobot,0.0,1e-08,trajectory,60,False,1.0,1.0,1.0,,,
acrobot,0.0,1e-08,trajectory,61,False,1.0,1.0,1.0,,,
acrobot,0.0,1e-08,trajectory,62,False,1.0,1.0,1.0,,,
acrobot,0.0,1e-08,trajectory,63,False,1.0,1.0,1.0,,,
acrobot,0.0,1e-08,trajectory,64,False,1.0,1.0,1.0,,,
acrobot,0.0,1e-08,trajectory,65,False,1.0,1.0,1.0,,,
acrobot,0.0,1e-08,trajectory,66,False,1.0,1.0,1.0,,,
acrobot,0.0,1e-08,trajectory,67,False,1.0,1.0,1.0,,,
acrobot,0.0,1e-08,trajectory,68,False,1.0,1.0,1.0,,,
acrobot,0.0,1e-08,trajectory,69,False,1.0,1.0,1.0,,,
acrobot,0.0,1e-08,trajectory,70,False,1.0,1.0,1.0,,,
acrobot,0.0,1e-08,trajectory,71,False,1.0,1.0,1.0,,,
acrobot,0.0,1e-08,trajectory,72,False,1.0,1.0,1.0,,,
acrobot,0.0,1e-08,trajectory,73,False,1.0,1.0,1.0,,,
acrobot,0.0,1e-08,trajectory,74,False,1.0,1.0,1.0,,,
acrobot,0.0,1e-08,trajectory,75,False,1.0,1.0,1.0,,,
acrobot,0.0,1e-08,trajectory,76,False,1.0,1.0,1.0,,,
acrobot,0.0,1e-08,trajectory,77,False,1.0,1.0,1.0,,,
acrobot,0.0,1e-08,trajectory,78,False,1.0,1.0,1.0,,,
acrobot,0.0,1e-08,trajectory,79,False,1.0,1.0,1.0,,,
acrobot,0.0,1e-08,trajectory,80,False,1.0,1.0,1.0,,,
acrobot,0.0,1e-08,trajectory,81,False,1.0,1.0,1.0,,,
acrobot,0.0,1e-08,trajectory,82,False,1.0,1.0,1.0,,,
acrobot,0.0,1e-08,trajectory,83,False,1.0,1.0,1.0,,,
acrobot,0.0,1e-08,trajectory,84,False,1.0,1.0,1.0,,,
acrobot,0.0,1e-08,trajectory,85,False,1.0,1.0,1.0,,,
acrobot,0.0,1e-08,trajectory,86,False,1.0,1.0,1.0,,,
acrobot,0.0,1e-08,trajectory,87,False,1.0,1.0,1.0,,,
acrobot,0.0,1e-08,trajectory,88,False,1.0,1.0,1.0,,,
acrobot,0.0,1e-08,trajectory,89,False,1.0,1.0,1.0,,,
acrobot,0.0,1e-08,trajectory,90,False,1.0,1.0,1.0,,,
acrobot,0.0,1e-08,trajectory,91,False,1.0,1.0,1.0,,,
acrobot,0.0,1e-08,trajectory,92,False,1.0,1.0,1.0,,,
acrobot,0.0,1e-08,trajectory,93,False,1.0,1.0,1.0,,,
acrobot,0.0,1e-08,trajectory,94,False,1.0,1.0,1.0,,,
acrobot,0.0,1e-08,trajectory,95,False,1.0,1.0,1.0,,,
acrobot,0.0,1e-08,trajectory,96,False,1.0,1.0,1.0,,,
acrobot,0.0,1e-08,trajectory,97,False,1.0,1.0,1.0,,,
acrobot,0.0,1e-08,trajectory,98,False,1.0,1.0,1.0,,,
acrobot,0.0,1e-08,trajectory,99,False,1.0,1.0,1.0,,,
acrobot,0.0,1e-08,trajectory,100,False,1.0,1.0,1.0,,,
acrobot,0.0,1e-08,trajectory,101,False,1.0,1.0,1.0,,,
acrobot,0.0,1e-08,trajectory,102,False,1.0,1.0,1.0,,,
acrobot,0.0,1e-08,trajectory,103,False,1.0,1.0,1.0,,,
acrobot,0.0,1e-08,trajectory,104,False,1.0,1.0,1.0,,,
acrobot,0.0,1e-08,trajectory,105,False,1.0,1.0,1.0,,,
acrobot,0.0,1e-08,trajectory,106,False,1.0,1.0,1.0,,,
acrobot,0.0,1e-08,trajectory,107,False,1.0,1.0,1.0,,,
acrobot,0.0,1e-08,trajectory,108,False,1.0,1.0,1.0,,,
acrobot,0.0,1e-08,trajectory,109,False,1.0,1.0,1.0,,,
acrobot,0.0,1e-08,trajectory,110,False,1.0,1.0,1.0,,,
acrobot,0.0,1e-08,trajectory,111,False,1.0,1.0,1.0,,,
acrobot,0.0,1e-08,trajectory,112,False,1.0,1.0,1.0,,,
acrobot,0.0,1e-08,trajectory,113,False,1.0,1.0,1.0,,,
acrobot,0.0,1e-08,trajectory,114,False,1.0,1.0,1.0,,,
acrobot,0.0,1e-08,trajectory,115,False,1.0,1.0,1.0,,,
acrobot,0.0,1e-08,trajectory,116,False,1.0,1.0,1.0,,,
acrobot,0.0,1e-08,trajectory,117,False,1.0,1.0,1.0,,,
acrobot,0.0,1e-08,trajectory,118,False,1.0,1.0,1.0,,,
acrobot,0.0,1e-08,trajectory,119,False,1.0,1.0,1.0,,,
acrobot,0.0,1e-08,trajectory,120,False,1.0,1.0,1.0,,,
acrobot,0.0,1e-08,trajectory,121,False,1.0,1.0,1.0,,,
acrobot,0.0,1e-08,trajectory,122,False,1.0,1.0,1.0,,,
acrobot,0.0,1e-08,trajectory,123,False,1.0,1.0,1.0,,,
acrobot,0.0,1e-08,trajectory,124,False,1.0,1.0,1.0,,,
acrobot,0.0,1e-08,trajectory,125,False,1.0,1.0,1.0,,,
acrobot,0.0,1e-08,trajectory,126,False,1.0,1.0,1.0,,,
acrobot,0.0,1e-08,trajectory,127,False,1.0,1.0,1.0,,,
acrobot,0.0,1e-08,trajectory,128,False,1.0,1.0,1.0,,,
acrobot,0.0,1e-08,trajectory,129,False,1.0,1.0,1.0,,,
acrobot,0.0,1e-08,trajectory,130,False,1.0,1.0,1.0,,,
acrobot,0.0,1e-08,trajectory,131,False,1.0,1.0,1.0,,,
acrobot,0.0,1e-08,trajectory,132,False,1.0,1.0,1.0,,,
acrobot,0.0,1e-08,trajectory,133,False,1.0,1.0,1.0,,,
acrobot,0.0,1e-08,trajectory,134,False,1.0,1.0,1.0,,,
acrobot,0.0,1e-08,trajectory,135,False,1.0,1.0,1.0,,,
acrobot,0.0,1e-08,trajectory,136,False,1.0,1.0,1.0,,,
acrobot,0.0,1e-08,trajectory,137,False,1.0,1.0,1.0,,,
acrobot,0.0,1e-08,trajectory,138,False,1.0,1.0,1.0,,,
acrobot,0.0,1e-08,trajectory,139,False,1.0,1.0,1.0,,,
acrobot,0.0,1e-08,trajectory,140,False,1.0,1.0,1.0,,,
acrobot,0.0,1e-08,trajectory,141,False,1.0,1.0,1.0,,,
acrobot,0.0,1e-08,trajectory,142,False,1.0,1.0,1.0,,,
acrobot,0.0,1e-08,trajectory,143,False,1.0,1.0,1.0,,,
acrobot,0.0,1e-08,trajectory,144,False,1.0,1.0,1.0,,,
acrobot,0.0,1e-08,trajectory,145,False,1.0,1.0,1.0,,,
acrobot,0.0,1e-08,trajectory,146,False,1.0,1.0,1.0,,,
acrobot,0.0,1e-08,trajectory,147,False,1.0,1.0,1.0,,,
acrobot,0.0,1e-08,trajectory,148,False,1.0,1.0,1.0,,,
acrobot,0.0,1e-08,trajectory,149,False,1.0,1.0,1.0,,,
acrobot,0.0,1e-08,trajectory,150,False,1.0,1.0,1.0,,,
acrobot,0.0,1e-08,trajectory,151,False,1.0,1.0,1.0,,,
acrobot,0.0,1e-08,trajectory,152,False,1.0,1.0,1.0,,,
acrobot,0.0,1e-08,trajectory,153,False,1.0,1.0,1.0,,,
acrobot,0.0,1e-08,trajectory,154,False,1.0,1.0,1.0,,,
acrobot,0.0,1e-08,trajectory,155,False,1.0,1.0,1.0,,,
acrobot,0.0,1e-08,trajectory,156,False,1.0,1.0,1.0,,,
acrobot,0.0,1e-08,trajectory,157,False,1.0,1.0,1.0,,,
acrobot,0.0,1e-08,trajectory,158,False,1.0,1.0,1.0,,,
acrobot,0.0,1e-08,trajectory,159,False,1.0,1.0,1.0,,,
acrobot,0.0,1e-08,trajectory,160,False,1.0,1.0,1.0,,,
acrobot,0.0,1e-08,trajectory,161,False,1.0,1.0,1.0,,,
acrobot,0.0,1e-08,trajectory,162,False,1.0,1.0,1.0,,,
acrobot,0.0,1e-08,trajectory,163,False,1.0,1.0,1.0,,,
acrobot,0.0,1e-08,trajectory,164,False,1.0,1.0,1.0,,,
acrobot,0.0,1e-08,trajectory,165,False,1.0,1.0,1.0,,,
acrobot,0.0,1e-08,trajectory,166,False,1.0,1.0,1.0,,,
acrobot,0.0,1e-08,trajectory,167,False,1.0,1.0,1.0,,,
acrobot,0.0,1e-08,trajectory,168,False,1.0,1.0,1.0,,,
acrobot,0.0,1e-08,trajectory,169,False,1.0,1.0,1.0,,,
acrobot,0.0,1e-08,trajectory,170,False,1.0,1.0,1.0,,,
acrobot,0.0,1e-08,trajectory,171,False,1.0,1.0,1.0,,,
acrobot,0.0,1e-08,trajectory,172,False,1.0,1.0,1.0,,,
acrobot,0.0,1e-08,trajectory,173,False,1.0,1.0,1.0,,,
acrobot,0.0,1e-08,trajectory,174,False,1.0,1.0,1.0,,,
acrobot,0.0,1e-08,trajectory,175,False,1.0,1.0,1.0,,,
acrobot,0.0,1e-08,trajectory,176,False,1.0,1.0,1.0,,,
acrobot,0.0,1e-08,trajectory,177,False,1.0,1.0,1.0,,,
acrobot,0.0,1e-08,trajectory,178,False,1.0,1.0,1.0,,,
acrobot,0.0,1e-08,trajectory,179,False,1.0,1.0,1.0,,,
acrobot,0.0,1e-08,trajectory,180,False,1.0,1.0,1.0,,,
acrobot,0.0,1e-08,trajectory,181,False,1.0,1.0,1.0,,,
acrobot,0.0,1e-08,trajectory,182,False,1.0,1.0,1.0,,,
acrobot,0.0,1e-08,trajectory,183,False,1.0,1.0,1.0,,,
acrobot,0.0,1e-08,trajectory,184,False,1.0,1.0,1.0,,,
acrobot,0.0,1e-08,trajectory,185,False,1.0,1.0,1.0,,,
acrobot,0.0,1e-08,trajectory,186,False,1.0,1.0,1.0,,,
acrobot,0.0,1e-08,trajectory,187,False,1.0,1.0,1.0,,,
acrobot,0.0,1e-08,trajectory,188,False,1.0,1.0,1.0,,,
acrobot,0.0,1e-08,trajectory,189,False,1.0,1.0,1.0,,,
acrobot,0.0,1e-08,trajectory,190,False,1.0,1.0,1.0,,,
acrobot,0.0,1e-08,trajectory,191,False,1.0,1.0,1.0,,,
acrobot,0.0,1e-08,trajectory,192,False,1.0,1.0,1.0,,,
acrobot,0.0,1e-08,trajectory,193,False,1.0,1.0,1.0,,,
acrobot,0.0,1e-08,trajectory,194,False,1.0,1.0,1.0,,,
acrobot,0.0,1e-08,trajectory,195,False,1.0,1.0,1.0,,,
acrobot,0.0,1e-08,trajectory,196,False,1.0,1.0,1.0,,,
acrobot,0.0,1e-08,trajectory,197,False,1.0,1.0,1.0,,,
acrobot,0.0,1e-08,trajectory,198,False,1.0,1.0,1.0,,,
acrobot,0.0,1e-08,trajectory,199,False,1.0,1.0,1.0,,,
acrobot,0.0,1e-08,trajectory,200,False,1.0,1.0,1.0,,,
acrobot,0.0,1e-08,trajectory,201,False,1.0,1.0,1.0,,,
acrobot,0.0,1e-08,trajectory,202,False,1.0,1.0,1.0,,,
acrobot,0.0,1e-08,trajectory,203,False,1.0,1.0,1.0,,,
acrobot,0.0,1e-08,trajectory,204,False,1.0,1.0,1.0,,,
acrobot,0.0,1e-08,trajectory,205,False,1.0,1.0,1.0,,,
acrobot,0.0,1e-08,trajectory,206,False,1.0,1.0,1.0,,,
acrobot,0.0,1e-08,trajectory,207,False,1.0,1.0,1.0,,,
acrobot,0.0,1e-08,trajectory,208,False,1.0,1.0,1.0,,,
acrobot,0.0,1e-08,trajectory,209,False,1.0,1.0,1.0,,,
acrobot,0.0,1e-08,trajectory,210,False,1.0,1.0,1.0,,,
acrobot,0.0,1e-08,trajectory,211,False,1.0,1.0,1.0,,,
acrobot,0.0,1e-08,trajectory,212,False,1.0,1.0,1.0,,,
acrobot,0.0,1e-08,trajectory,213,False,1.0,1.0,1.0,,,
acrobot,0.0,1e-08,trajectory,214,False,1.0,1.0,1.0,,,
acrobot,0.0,1e-08,trajectory,215,False,1.0,1.0,1.0,,,
acrobot,0.0,1e-08,trajectory,216,False,1.0,1.0,1.0,,,
acrobot,0.0,1e-08,trajectory,217,False,1.0,1.0,1.0,,,
acrobot,0.0,1e-08,trajectory,218,False,1.0,1.0,1.0,,,
acrobot,0.0,1e-08,trajectory,219,False,1.0,1.0,1.0,,,
acrobot,0.0,1e-08,trajectory,220,False,1.0,1.0,1.0,,,
acrobot,0.0,1e-08,trajectory,221,False,1.0,1.0,1.0,,,
acrobot,0.0,1e-08,trajectory,222,False,1.0,1.0,1.0,,,
acrobot,0.0,1e-08,trajectory,223,False,1.0,1.0,1.0,,,
acrobot,0.0,1e-08,trajectory,224,False,1.0,1.0,1.0,,,
acrobot,0.0,1e-08,trajectory,225,False,1.0,1.0,1.0,,,
acrobot,0.0,1e-08,trajectory,226,False,1.0,1.0,1.0,,,
acrobot,0.0,1e-08,trajectory,227,False,1.0,1.0,1.0,,,
acrobot,0.0,1e-08,trajectory,228,False,1.0,1.0,1.0,,,
acrobot,0.0,1e-08,trajectory,229,False,1.0,1.0,1.0,,,
acrobot,0.0,1e-08,trajectory,230,False,1.0,1.0,1.0,,,
acrobot,0.0,1e-08,trajectory,231,False,1.0,1.0,1.0,,,
acrobot,0.0,1e-08,trajectory,232,False,1.0,1.0,1.0,,,
acrobot,0.0,1e-08,trajectory,233,False,1.0,1.0,1.0,,,
acrobot,0.0,1e-08,trajectory,234,False,1.0,1.0,1.0,,,
acrobot,0.0,1e-08,trajectory,235,False,1.0,1.0,1.0,,,
acrobot,0.0,1e-08,trajectory,236,False,1.0,1.0,1.0,,,
acrobot,0.0,1e-08,trajectory,237,False,1.0,1.0,1.0,,,
acrobot,0.0,1e-08,trajectory,238,False,1.0,1.0,1.0,,,
acrobot,0.0,1e-08,trajectory,239,False,1.0,1.0,1.0,,,
acrobot,0.0,1e-08,trajectory,240,False,1.0,1.0,1.0,,,
acrobot,0.0,1e-08,trajectory,241,False,1.0,1.0,1.0,,,
acrobot,0.0,1e-08,trajectory,242,False,1.0,1.0,1.0,,,
acrobot,0.0,1e-08,trajectory,243,False,1.0,1.0,1.0,,,
acrobot,0.0,1e-08,trajectory,244,False,1.0,1.0,1.0,,,
acrobot,0.0,1e-08,trajectory,245,False,1.0,1.0,1.0,,,
acrobot,0.0,1e-08,trajectory,246,False,1.0,1.0,1.0,,,
acrobot,0.0,1e-08,trajectory,247,False,1.0,1.0,1.0,,,
acrobot,0.0,1e-08,trajectory,248,False,1.0,1.0,1.0,,,
acrobot,0.0,1e-08,trajectory,249,False,1.0,1.0,1.0,,,
acrobot,0.0,1e-08,trajectory,250,False,1.0,1.0,1.0,,,
acrobot,0.0,1e-08,trajectory,251,False,1.0,1.0,1.0,,,
acrobot,0.0,1e-08,trajectory,252,False,1.0,1.0,1.0,,,
acrobot,0.0,1e-08,trajectory,253,False,1.0,1.0,1.0,,,
acrobot,0.0,1e-08,trajectory,254,False,1.0,1.0,1.0,,,
acrobot,0.0,1e-08,trajectory,255,False,1.0,1.0,1.0,,,
acrobot,0.0,1e-08,trajectory,256,False,1.0,1.0,1.0,,,
acrobot,0.0,1e-08,trajectory,257,False,1.0,1.0,1.0,,,
acrobot,0.0,1e-08,trajectory,258,False,1.0,1.0,1.0,,,
acrobot,0.0,1e-08,trajectory,259,False,1.0,1.0,1.0,,,
acrobot,0.0,1e-08,trajectory,260,False,1.0,1.0,1.0,,,
acrobot,0.0,1e-08,trajectory,261,False,1.0,1.0,1.0,,,
acrobot,0.0,1e-08,trajectory,262,False,1.0,1.0,1.0,,,
acrobot,0.0,1e-08,trajectory,263,False,1.0,1.0,1.0,,,
acrobot,0.0,1e-08,trajectory,264,False,1.0,1.0,1.0,,,
acrobot,0.0,1e-08,trajectory,265,False,1.0,1.0,1.0,,,
acrobot,0.0,1e-08,trajectory,266,False,1.0,1.0,1.0,,,
acrobot,0.0,1e-08,trajectory,267,False,1.0,1.0,1.0,,,
acrobot,0.0,1e-08,trajectory,268,False,1.0,1.0,1.0,,,
acrobot,0.0,1e-08,trajectory,269,False,1.0,1.0,1.0,,,
acrobot,0.0,1e-08,trajectory,270,False,1.0,1.0,1.0,,,
acrobot,0.0,1e-08,trajectory,271,False,1.0,1.0,1.0,,,
acrobot,0.0,1e-08,trajectory,272,False,1.0,1.0,1.0,,,
acrobot,0.0,1e-08,trajectory,273,False,1.0,1.0,1.0,,,
acrobot,0.0,1e-08,trajectory,274,False,1.0,1.0,1.0,,,
acrobot,0.0,1e-08,trajectory,275,False,1.0,1.0,1.0,,,
acrobot,0.0,1e-08,trajectory,276,False,1.0,1.0,1.0,,,
acrobot,0.0,1e-08,trajectory,277,False,1.0,1.0,1.0,,,
acrobot,0.0,1e-08,trajectory,278,False,1.0,1.0,1.0,,,
acrobot,0.0,1e-08,trajectory,279,False,1.0,1.0,1.0,,,
acrobot,0.0,1e-08,trajectory,280,False,1.0,1.0,1.0,,,
acrobot,0.0,1e-08,trajectory,281,False,1.0,1.0,1.0,,,
acrobot,0.0,1e-08,trajectory,282,False,1.0,1.0,1.0,,,
acrobot,0.0,1e-08,trajectory,283,False,1.0,1.0,1.0,,,
acrobot,0.0,1e-08,trajectory,284,False,1.0,1.0,1.0,,,
acrobot,0.0,1e-08,trajectory,285,False,1.0,1.0,1.0,,,
acrobot,0.0,1e-08,trajectory,286,False,1.0,1.0,1.0,,,
acrobot,0.0,1e-08,trajectory,287,False,1.0,1.0,1.0,,,
acrobot,0.0,1e-08,trajectory,288,False,1.0,1.0,1.0,,,
acrobot,0.0,1e-08,trajectory,289,False,1.0,1.0,1.0,,,
acrobot,0.0,1e-08,trajectory,290,False,1.0,1.0,1.0,,,
acrobot,0.0,1e-08,trajectory,291,False,1.0,1.0,1.0,,,
acrobot,0.0,1e-08,trajectory,292,False,1.0,1.0,1.0,,,
acrobot,0.0,1e-08,trajectory,293,False,1.0,1.0,1.0,,,
acrobot,0.0,1e-08,trajectory,294,False,1.0,1.0,1.0,,,
acrobot,0.0,1e-08,trajectory,295,False,1.0,1.0,1.0,,,
acrobot,0.0,1e-08,trajectory,296,False,1.0,1.0,1.0,,,
acrobot,0.0,1e-08,trajectory,297,False,1.0,1.0,1.0,,,
acrobot,0.0,1e-08,trajectory,298,False,1.0,1.0,1.0,,,
acrobot,0.0,1e-08,trajectory,299,False,1.0,1.0,1.0,,,
acrobot,0.0,1e-08,trajectory,300,False,1.0,1.0,1.0,,,
acrobot,0.0,1e-08,trajectory,301,False,1.0,1.0,1.0,,,
acrobot,0.0,1e-08,trajectory,302,False,1.0,1.0,1.0,,,
acrobot,0.0,1e-08,trajectory,303,False,1.0,1.0,1.0,,,
acrobot,0.0,1e-08,trajectory,304,False,1.0,1.0,1.0,,,
acrobot,0.0,1e-08,trajectory,305,False,1.0,1.0,1.0,,,
acrobot,0.0,1e-08,trajectory,306,False,1.0,1.0,1.0,,,
acrobot,0.0,1e-08,trajectory,307,False,1.0,1.0,1.0,,,
acrobot,0.0,1e-08,trajectory,308,False,1.0,1.0,1.0,,,
acrobot,0.0,1e-08,trajectory,309,False,1.0,1.0,1.0,,,
acrobot,0.0,1e-08,trajectory,310,False,1.0,1.0,1.0,,,
acrobot,0.0,1e-08,trajectory,311,False,1.0,1.0,1.0,,,
acrobot,0.0,1e-08,trajectory,312,False,1.0,1.0,1.0,,,
acrobot,0.0,1e-08,trajectory,313,False,1.0,1.0,1.0,,,
acrobot,0.0,1e-08,trajectory,314,False,1.0,1.0,1.0,,,
acrobot,0.0,1e-08,trajectory,315,False,1.0,1.0,1.0,,,
acrobot,0.0,1e-08,trajectory,316,False,1.0,1.0,1.0,,,
acrobot,0.0,1e-08,trajectory,317,False,1.0,1.0,1.0,,,
acrobot,0.0,1e-08,trajectory,318,False,1.0,1.0,1.0,,,
acrobot,0.0,1e-08,trajectory,319,False,1.0,1.0,1.0,,,
acrobot,0.0,1e-08,trajectory,320,False,1.0,1.0,1.0,,,
acrobot,0.0,1e-08,trajectory,321,False,1.0,1.0,1.0,,,
acrobot,0.0,1e-08,trajectory,322,False,1.0,1.0,1.0,,,
acrobot,0.0,1e-08,trajectory,323,False,1.0,1.0,1.0,,,
acrobot,0.0,1e-08,trajectory,324,False,1.0,1.0,1.0,,,
acrobot,0.0,1e-08,trajectory,325,False,1.0,1.0,1.0,,,
acrobot,0.0,1e-08,trajectory,326,False,1.0,1.0,1.0,,,
acrobot,0.0,1e-08,trajectory,327,False,1.0,1.0,1.0,,,
acrobot,0.0,1e-08,trajectory,328,False,1.0,1.0,1.0,,,
acrobot,0.0,1e-08,trajectory,329,False,1.0,1.0,1.0,,,
acrobot,0.0,1e-08,trajectory,330,False,1.0,1.0,1.0,,,
acrobot,0.0,1e-08,trajectory,331,False,1.0,1.0,1.0,,,
acrobot,0.0,1e-08,trajectory,332,False,1.0,1.0,1.0,,,
acrobot,0.0,1e-08,trajectory,333,False,1.0,1.0,1.0,,,
acrobot,0.0,1e-08,trajectory,334,False,1.0,1.0,1.0,,,
acrobot,0.0,1e-08,trajectory,335,False,1.0,1.0,1.0,,,
acrobot,0.0,1e-08,trajectory,336,False,1.0,1.0,1.0,,,
acrobot,0.0,1e-08,trajectory,337,False,1.0,1.0,1.0,,,
acrobot,0.0,1e-08,trajectory,338,False,1.0,1.0,1.0,,,
acrobot,0.0,1e-08,trajectory,339,False,1.0,1.0,1.0,,,
acrobot,0.0,1e-08,trajectory,340,False,1.0,1.0,1.0,,,
acrobot,0.0,1e-08,trajectory,341,False,1.0,1.0,1.0,,,
acrobot,0.0,1e-08,trajectory,342,False,1.0,1.0,1.0,,,
acrobot,0.0,1e-08,trajectory,343,False,1.0,1.0,1.0,,,
acrobot,0.0,1e-08,trajectory,344,False,1.0,1.0,1.0,,,
acrobot,0.0,1e-08,trajectory,345,False,1.0,1.0,1.0,,,
acrobot,0.0,1e-08,trajectory,346,False,1.0,1.0,1.0,,,
acrobot,0.0,1e-08,trajectory,347,False,1.0,1.0,1.0,,,
acrobot,0.0,1e-08,trajectory,348,False,1.0,1.0,1.0,,,
acrobot,0.0,1e-08,trajectory,349,False,1.0,1.0,1.0,,,
acrobot,0.0,1e-08,trajectory,350,False,1.0,1.0,1.0,,,
acrobot,0.0,1e-08,trajectory,351,False,1.0,1.0,1.0,,,
acrobot,0.0,1e-08,trajectory,352,False,1.0,1.0,1.0,,,
acrobot,0.0,1e-08,trajectory,353,False,1.0,1.0,1.0,,,
acrobot,0.0,1e-08,trajectory,354,False,1.0,1.0,1.0,,,
acrobot,0.0,1e-08,trajectory,355,False,1.0,1.0,1.0,,,
acrobot,0.0,1e-08,trajectory,356,False,1.0,1.0,1.0,,,
acrobot,0.0,1e-08,trajectory,357,False,1.0,1.0,1.0,,,
acrobot,0.0,1e-08,trajectory,358,False,1.0,1.0,1.0,,,
acrobot,0.0,1e-08,trajectory,359,False,1.0,1.0,1.0,,,
acrobot,0.0,1e-08,trajectory,360,False,1.0,1.0,1.0,,,
acrobot,0.0,1e-08,trajectory,361,False,1.0,1.0,1.0,,,
acrobot,0.0,1e-08,trajectory,362,False,1.0,1.0,1.0,,,
acrobot,0.0,1e-08,trajectory,363,False,1.0,1.0,1.0,,,
acrobot,0.0,1e-08,trajectory,364,False,1.0,1.0,1.0,,,
acrobot,0.0,1e-08,trajectory,365,False,1.0,1.0,1.0,,,
acrobot,0.0,1e-08,trajectory,366,False,1.0,1.0,1.0,,,
acrobot,0.0,1e-08,trajectory,367,False,1.0,1.0,1.0,,,
acrobot,0.0,1e-08,trajectory,368,False,1.0,1.0,1.0,,,
acrobot,0.0,1e-08,trajectory,369,False,1.0,1.0,1.0,,,
acrobot,0.0,1e-08,trajectory,370,False,1.0,1.0,1.0,,,
acrobot,0.0,1e-08,trajectory,371,False,1.0,1.0,1.0,,,
acrobot,0.0,1e-08,trajectory,372,False,1.0,1.0,1.0,,,
acrobot,0.0,1e-08,trajectory,373,False,1.0,1.0,1.0,,,
acrobot,0.0,1e-08,trajectory,374,False,1.0,1.0,1.0,,,
acrobot,0.0,1e-08,trajectory,375,False,1.0,1.0,1.0,,,
acrobot,0.0,1e-08,trajectory,376,False,1.0,1.0,1.0,,,
acrobot,0.0,1e-08,trajectory,377,False,1.0,1.0,1.0,,,
acrobot,0.0,1e-08,trajectory,378,False,1.0,1.0,1.0,,,
acrobot,0.0,1e-08,trajectory,379,False,1.0,1.0,1.0,,,
acrobot,0.0,1e-08,trajectory,380,False,1.0,1.0,1.0,,,
acrobot,0.0,1e-08,trajectory,381,False,1.0,1.0,1.0,,,
acrobot,0.0,1e-08,trajectory,382,False,1.0,1.0,1.0,,,
acrobot,0.0,1e-08,trajectory,383,False,1.0,1.0,1.0,,,
acrobot,0.0,1e-08,trajectory,384,False,1.0,1.0,1.0,,,
acrobot,0.0,1e-08,trajectory,385,False,1.0,1.0,1.0,,,
acrobot,0.0,1e-08,trajectory,386,False,1.0,1.0,1.0,,,
acrobot,0.0,1e-08,trajectory,387,False,1.0,1.0,1.0,,,
acrobot,0.0,1e-08,trajectory,388,False,1.0,1.0,1.0,,,
acrobot,0.0,1e-08,trajectory,389,False,1.0,1.0,1.0,,,
acrobot,0.0,1e-08,trajectory,390,False,1.0,1.0,1.0,,,
acrobot,0.0,1e-08,trajectory,391,False,1.0,1.0,1.0,,,
acrobot,0.0,1e-08,trajectory,392,False,1.0,1.0,1.0,,,
acrobot,0.0,1e-08,trajectory,393,False,1.0,1.0,1.0,,,
acrobot,0.0,1e-08,trajectory,394,False,1.0,1.0,1.0,,,
acrobot,0.0,1e-08,trajectory,395,False,1.0,1.0,1.0,,,
acrobot,0.0,1e-08,trajectory,396,False,1.0,1.0,1.0,,,
acrobot,0.0,1e-08,trajectory,397,False,1.0,1.0,1.0,,,
acrobot,0.0,1e-08,trajectory,398,False,1.0,1.0,1.0,,,
acrobot,0.0,1e-08,trajectory,399,False,1.0,1.0,1.0,,,
acrobot,0.0,1e-08,trajectory,400,False,1.0,1.0,1.0,,,
acrobot,0.0,1e-08,trajectory,401,False,1.0,1.0,1.0,,,
acrobot,0.0,1e-08,trajectory,402,False,1.0,1.0,1.0,,,
acrobot,0.0,1e-08,trajectory,403,False,1.0,1.0,1.0,,,
acrobot,0.0,1e-08,trajectory,404,False,1.0,1.0,1.0,,,
acrobot,0.0,1e-08,trajectory,405,False,1.0,1.0,1.0,,,
acrobot,0.0,1e-08,trajectory,406,False,1.0,1.0,1.0,,,
acrobot,0.0,1e-08,trajectory,407,False,1.0,1.0,1.0,,,
acrobot,0.0,1e-08,trajectory,408,False,1.0,1.0,1.0,,,
acrobot,0.0,1e-08,trajectory,409,False,1.0,1.0,1.0,,,
acrobot,0.0,1e-08,trajectory,410,False,1.0,1.0,1.0,,,
acrobot,0.0,1e-08,trajectory,411,False,1.0,1.0,1.0,,,
acrobot,0.0,1e-08,trajectory,412,False,1.0,1.0,1.0,,,
acrobot,0.0,1e-08,trajectory,413,False,1.0,1.0,1.0,,,
acrobot,0.0,1e-08,trajectory,414,False,1.0,1.0,1.0,,,
acrobot,0.0,1e-08,trajectory,415,False,1.0,1.0,1.0,,,
acrobot,0.0,1e-08,trajectory,416,False,1.0,1.0,1.0,,,
acrobot,0.0,1e-08,trajectory,417,False,1.0,1.0,1.0,,,
acrobot,0.0,1e-08,trajectory,418,False,1.0,1.0,1.0,,,
acrobot,0.0,1e-08,trajectory,419,False,1.0,1.0,1.0,,,
acrobot,0.0,1e-08,trajectory,420,False,1.0,1.0,1.0,,,
acrobot,0.0,1e-08,trajectory,421,False,1.0,1.0,1.0,,,
acrobot,0.0,1e-08,trajectory,422,False,1.0,1.0,1.0,,,
acrobot,0.0,1e-08,trajectory,423,False,1.0,1.0,1.0,,,
acrobot,0.0,1e-08,trajectory,424,False,1.0,1.0,1.0,,,
acrobot,0.0,1e-08,trajectory,425,False,1.0,1.0,1.0,,,
acrobot,0.0,1e-08,trajectory,426,False,1.0,1.0,1.0,,,
acrobot,0.0,1e-08,trajectory,427,False,1.0,1.0,1.0,,,
acrobot,0.0,1e-08,trajectory,428,False,1.0,1.0,1.0,,,
acrobot,0.0,1e-08,trajectory,429,False,1.0,1.0,1.0,,,
acrobot,0.0,1e-08,trajectory,430,False,1.0,1.0,1.0,,,
acrobot,0.0,1e-08,trajectory,431,False,1.0,1.0,1.0,,,
acrobot,0.0,1e-08,trajectory,432,False,1.0,1.0,1.0,,,
acrobot,0.0,1e-08,trajectory,433,False,1.0,1.0,1.0,,,
acrobot,0.0,1e-08,trajectory,434,False,1.0,1.0,1.0,,,
acrobot,0.0,1e-08,trajectory,435,False,1.0,1.0,1.0,,,
acrobot,0.0,1e-08,trajectory,436,False,1.0,1.0,1.0,,,
acrobot,0.0,1e-08,trajectory,437,False,1.0,1.0,1.0,,,
acrobot,0.0,1e-08,trajectory,438,False,1.0,1.0,1.0,,,
acrobot,0.0,1e-08,trajectory,439,False,1.0,1.0,1.0,,,
acrobot,0.0,1e-08,trajectory,440,False,1.0,1.0,1.0,,,
acrobot,0.0,1e-08,trajectory,441,False,1.0,1.0,1.0,,,
acrobot,0.0,1e-08,trajectory,442,False,1.0,1.0,1.0,,,
acrobot,0.0,1e-08,trajectory,443,False,1.0,1.0,1.0,,,
acrobot,0.0,1e-08,trajectory,444,False,1.0,1.0,1.0,,,
acrobot,0.0,1e-08,trajectory,445,False,1.0,1.0,1.0,,,
acrobot,0.0,1e-08,trajectory,446,False,1.0,1.0,1.0,,,
acrobot,0.0,1e-08,trajectory,447,False,1.0,1.0,1.0,,,
acrobot,0.0,1e-08,trajectory,448,False,1.0,1.0,1.0,,,
acrobot,0.0,1e-08,trajectory,449,False,1.0,1.0,1.0,,,
acrobot,0.0,1e-08,trajectory,450,False,1.0,1.0,1.0,,,
acrobot,0.0,1e-08,trajectory,451,False,1.0,1.0,1.0,,,
acrobot,0.0,1e-08,trajectory,452,False,1.0,1.0,1.0,,,
acrobot,0.0,1e-08,trajectory,453,False,1.0,1.0,1.0,,,
acrobot,0.0,1e-08,trajectory,454,False,1.0,1.0,1.0,,,
acrobot,0.0,1e-08,trajectory,455,False,1.0,1.0,1.0,,,
acrobot,0.0,1e-08,trajectory,456,False,1.0,1.0,1.0,,,
acrobot,0.0,1e-08,trajectory,457,False,1.0,1.0,1.0,,,
acrobot,0.0,1e-08,trajectory,458,False,1.0,1.0,1.0,,,
acrobot,0.0,1e-08,trajectory,459,False,1.0,1.0,1.0,,,
acrobot,0.0,1e-08,trajectory,460,False,1.0,1.0,1.0,,,
acrobot,0.0,1e-08,trajectory,461,False,1.0,1.0,1.0,,,
acrobot,0.0,1e-08,trajectory,462,False,1.0,1.0,1.0,,,
acrobot,0.0,1e-08,trajectory,463,False,1.0,1.0,1.0,,,
acrobot,0.0,1e-08,trajectory,464,False,1.0,1.0,1.0,,,
acrobot,0.0,1e-08,trajectory,465,False,1.0,1.0,1.0,,,
acrobot,0.0,1e-08,trajectory,466,False,1.0,1.0,1.0,,,
acrobot,0.0,1e-08,trajectory,467,False,1.0,1.0,1.0,,,
acrobot,0.0,1e-08,trajectory,468,False,1.0,1.0,1.0,,,
acrobot,0.0,1e-08,trajectory,469,False,1.0,1.0,1.0,,,
acrobot,0.0,1e-08,trajectory,470,False,1.0,1.0,1.0,,,
acrobot,0.0,1e-08,trajectory,471,False,1.0,1.0,1.0,,,
acrobot,0.0,1e-08,trajectory,472,False,1.0,1.0,1.0,,,
acrobot,0.0,1e-08,trajectory,473,False,1.0,1.0,1.0,,,
acrobot,0.0,1e-08,trajectory,474,False,1.0,1.0,1.0,,,
acrobot,0.0,1e-08,trajectory,475,False,1.0,1.0,1.0,,,
acrobot,0.0,1e-08,trajectory,476,False,1.0,1.0,1.0,,,
acrobot,0.0,1e-08,trajectory,477,False,1.0,1.0,1.0,,,
acrobot,0.0,1e-08,trajectory,478,False,1.0,1.0,1.0,,,
acrobot,0.0,1e-08,trajectory,479,False,1.0,1.0,1.0,,,
acrobot,0.0,1e-08,trajectory,480,False,1.0,1.0,1.0,,,
acrobot,0.0,1e-08,trajectory,481,False,1.0,1.0,1.0,,,
acrobot,0.0,1e-08,trajectory,482,False,1.0,1.0,1.0,,,
acrobot,0.0,1e-08,trajectory,483,False,1.0,1.0,1.0,,,
acrobot,0.0,1e-08,trajectory,484,False,1.0,1.0,1.0,,,
acrobot,0.0,1e-08,trajectory,485,False,1.0,1.0,1.0,,,
acrobot,0.0,1e-08,trajectory,486,False,1.0,1.0,1.0,,,
acrobot,0.0,1e-08,trajectory,487,False,1.0,1.0,1.0,,,
acrobot,0.0,1e-08,trajectory,488,False,1.0,1.0,1.0,,,
acrobot,0.0,1e-08,trajectory,489,False,1.0,1.0,1.0,,,
acrobot,0.0,1e-08,trajectory,490,False,1.0,1.0,1.0,,,
acrobot,0.0,1e-08,trajectory,491,False,1.0,1.0,1.0,,,
acrobot,0.0,1e-08,trajectory,492,False,1.0,1.0,1.0,,,
acrobot,0.0,1e-08,trajectory,493,False,1.0,1.0,1.0,,,
acrobot,0.0,1e-08,trajectory,494,False,1.0,1.0,1.0,,,
acrobot,0.0,1e-08,trajectory,495,False,1.0,1.0,1.0,,,
acrobot,0.0,1e-08,trajectory,496,False,1.0,1.0,1.0,,,
acrobot,0.0,1e-08,trajectory,497,False,1.0,1.0,1.0,,,
acrobot,0.0,1e-08,trajectory,498,False,1.0,1.0,1.0,,,
acrobot,0.0,1e-08,trajectory,499,False,1.0,1.0,1.0,,,
acrobot,0.0,0.0,block,0,False,1.0,1.0,0.6134018931308428,,,
acrobot,0.0,0.0,block,1,False,1.0,0.8180124996203444,1.0,,,
acrobot,0.0,0.0,block,2,False,0.24030319955335527,1.0,0.672107117289352,,,
acrobot,0.0,0.0,block,3,False,1.0,1.0,1.0,,,
acrobot,0.0,0.0,block,4,True,1.0,1.0,0.0008595569685615203,,,
acrobot,0.0,0.0,block,5,False,0.07353168717249392,1.0,1.0,,,
acrobot,0.0,0.0,block,6,False,0.8047340652316726,1.0,0.04220886288965297,,,
acrobot,0.0,0.0,block,7,True,1.0,1.0,0.0038623715015363037,,,
acrobot,0.0,0.0,block,8,True,1.0,1.0,0.0038623715015363037,,,
acrobot,0.0,0.0,block,9,False,1.0,1.0,0.10024702699897908,,,
acrobot,0.0,0.0,block,10,False,0.4847004851881607,1.0,1.0,,,
acrobot,0.0,0.0,block,11,False,0.17381821244496,0.4055781911028123,1.0,,,
acrobot,0.0,0.0,block,12,False,1.0,0.4558572725308598,1.0,,,
acrobot,0.0,0.0,block,13,True,1.0,1.0,1.7480715955007664e-05,,,
acrobot,0.0,0.0,block,14,False,1.0,0.09975556098444852,1.0,,,
acrobot,0.0,0.0,block,15,False,1.0,1.0,0.01299701737567707,,,
acrobot,0.0,0.0,block,16,False,1.0,1.0,1.0,,,
acrobot,0.0,0.0,block,17,False,0.7208324686493568,1.0,1.0,,,
acrobot,0.0,0.0,block,18,False,0.7018675354412733,1.0,1.0,,,
acrobot,0.0,0.0,block,19,False,1.0,0.8315854841928447,0.2926077714882267,,,
acrobot,0.0,0.0,block,20,False,1.0,1.0,0.03550206777506726,,,
acrobot,0.0,0.0,block,21,False,0.2430209535173749,0.838194582952942,1.0,,,
acrobot,0.0,0.0,block,22,False,1.0,0.6358081357771889,0.09728742836819766,,,
acrobot,0.0,0.0,block,23,False,1.0,0.5255883306493647,1.0,,,
acrobot,0.0,0.0,block,24,False,1.0,0.9787192917328353,1.0,,,
acrobot,0.0,0.0,block,25,False,1.0,0.8108542107904726,0.019856536359989505,,,
acrobot,0.0,0.0,block,26,False,1.0,1.0,1.0,,,
acrobot,0.0,0.0,block,27,False,1.0,1.0,0.10957335175386179,,,
acrobot,0.0,0.0,block,28,False,1.0,0.7461464712318209,0.16737462269358203,,,
acrobot,0.0,0.0,block,29,False,0.5902813607675101,1.0,1.0,,,
acrobot,0.0,0.0,block,30,False,1.0,0.6476732016876751,1.0,,,
acrobot,0.0,0.0,block,31,False,1.0,1.0,1.0,,,
acrobot,0.0,0.0,block,32,False,1.0,1.0,0.014058955962908914,,,
acrobot,0.0,0.0,block,33,False,0.7021201478683073,0.2116162301141364,1.0,,,
acrobot,0.0,0.0,block,34,False,1.0,1.0,1.0,,,
acrobot,0.0,0.0,block,35,False,0.4752657290145714,1.0,1.0,,,
acrobot,0.0,0.0,block,36,False,0.9716426759660566,1.0,1.0,,,
acrobot,0.0,0.0,block,37,False,1.0,1.0,0.5578614846162286,,,
acrobot,0.0,0.0,block,38,False,1.0,0.7782846340259221,1.0,,,
acrobot,0.0,0.0,block,39,False,0.928490193690737,1.0,0.62489242828397,,,
acrobot,0.0,0.0,block,40,False,0.012825544174186668,0.1906551353073217,1.0,,,
acrobot,0.0,0.0,block,41,False,1.0,1.0,0.1963528713849631,,,
acrobot,0.0,0.0,block,42,False,0.8655612992679772,1.0,1.0,,,
acrobot,0.0,0.0,block,43,False,1.0,0.9143665967029945,0.010228044883954967,,,
acrobot,0.0,0.0,block,44,False,1.0,1.0,0.04367398592925169,,,
acrobot,0.0,0.0,block,45,False,0.3676051291137302,1.0,1.0,,,
acrobot,0.0,0.0,block,46,False,1.0,1.0,1.0,,,
acrobot,0.0,0.0,block,47,False,0.017634255240004004,0.6418801497456986,1.0,,,
acrobot,0.0,0.0,block,48,False,0.35960617310061505,1.0,1.0,,,
acrobot,0.0,0.0,block,49,False,1.0,0.12448050816400907,0.017724048457187433,,,
acrobot,0.0,0.0,block,50,False,1.0,0.313509729384916,0.7338785549982524,,,
acrobot,0.0,0.0,block,51,False,1.0,1.0,1.0,,,
acrobot,0.0,0.0,block,52,False,1.0,0.635664575534582,1.0,,,
acrobot,0.0,0.0,block,53,False,1.0,0.7140618416967466,1.0,,,
acrobot,0.0,0.0,block,54,False,1.0,0.2556145784897164,1.0,,,
acrobot,0.0,0.0,block,55,False,1.0,1.0,0.8118634207598285,,,
acrobot,0.0,0.0,block,56,False,0.02961532029242809,0.6775496813054092,1.0,,,
acrobot,0.0,0.0,block,57,False,1.0,0.9496662176956481,1.0,,,
acrobot,0.0,0.0,block,58,False,0.40592424940442773,1.0,1.0,,,
acrobot,0.0,0.0,block,59,False,1.0,0.2343814352691767,1.0,,,
acrobot,0.0,0.0,block,60,False,1.0,1.0,1.0,,,
acrobot,0.0,0.0,block,61,False,0.06999591594845803,1.0,1.0,,,
acrobot,0.0,0.0,block,62,False,0.3675239531961194,0.10761486024091568,0.328841399322342,,,
acrobot,0.0,0.0,block,63,False,1.0,1.0,1.0,,,
acrobot,0.0,0.0,block,64,False,1.0,0.8112027121551361,1.0,,,
acrobot,0.0,0.0,block,65,False,0.1782991921398135,0.4603481123895345,1.0,,,
acrobot,0.0,0.0,block,66,False,0.32828713774838053,1.0,1.0,,,
acrobot,0.0,0.0,block,67,True,1.0,1.0,0.0035339676804071896,,,
acrobot,0.0,0.0,block,68,False,1.0,1.0,1.0,,,
acrobot,0.0,0.0,block,69,False,1.0,1.0,0.05894481233277044,,,
acrobot,0.0,0.0,block,70,False,1.0,1.0,0.5687127634704081,,,
acrobot,0.0,0.0,block,71,False,1.0,0.1332247567368048,1.0,,,
acrobot,0.0,0.0,block,72,False,1.0,1.0,1.0,,,
acrobot,0.0,0.0,block,73,False,1.0,1.0,1.0,,,
acrobot,0.0,0.0,block,74,False,1.0,0.1957839848842297,1.0,,,
acrobot,0.0,0.0,block,75,False,1.0,0.3555613352807315,1.0,,,
acrobot,0.0,0.0,block,76,False,1.0,0.7717092703551728,1.0,,,
acrobot,0.0,0.0,block,77,False,0.525538625006269,1.0,1.0,,,
acrobot,0.0,0.0,block,78,False,0.5628279838257837,1.0,1.0,,,
acrobot,0.0,0.0,block,79,False,1.0,1.0,1.0,,,
acrobot,0.0,0.0,block,80,True,1.0,1.0,0.0016944000231827261,,,
acrobot,0.0,0.0,block,81,False,1.0,1.0,0.9218999068913776,,,
acrobot,0.0,0.0,block,82,False,1.0,1.0,1.0,,,
acrobot,0.0,0.0,block,83,False,0.29517712778579086,1.0,1.0,,,
acrobot,0.0,0.0,block,84,True,1.0,1.0,0.008001111816478484,,,
acrobot,0.0,0.0,block,85,False,0.4057347781485353,1.0,1.0,,,
acrobot,0.0,0.0,block,86,False,1.0,0.20905629079499338,0.4660530037544936,,,
acrobot,0.0,0.0,block,87,False,0.2143596500892245,1.0,1.0,,,
acrobot,0.0,0.0,block,88,False,0.053178208755874284,1.0,1.0,,,
acrobot,0.0,0.0,block,89,True,1.0,1.0,0.007060815571593108,,,
acrobot,0.0,0.0,block,90,False,0.8932811318852466,0.07232298711197975,1.0,,,
acrobot,0.0,0.0,block,91,False,1.0,1.0,1.0,,,
acrobot,0.0,0.0,block,92,False,1.0,0.5628526108778296,1.0,,,
acrobot,0.0,0.0,block,93,True,1.0,0.9142743003806896,0.007675808125015128,,,
acrobot,0.0,0.0,block,94,False,1.0,1.0,1.0,,,
acrobot,0.0,0.0,block,95,True,1.0,1.0,0.0007037388558432889,,,
acrobot,0.0,0.0,block,96,False,0.25250823966399044,0.677425152875225,1.0,,,
acrobot,0.0,0.0,block,97,False,1.0,0.4188201077651333,1.0,,,
acrobot,0.0,0.0,block,98,False,0.035097712267874046,1.0,0.8937804515408361,,,
acrobot,0.0,0.0,block,99,False,1.0,1.0,1.0,,,
acrobot,0.0,0.0,block,100,False,0.32828713774838053,1.0,1.0,,,
acrobot,0.0,0.0,block,101,False,0.3094434473069064,1.0,1.0,,,
acrobot,0.0,0.0,block,102,False,1.0,1.0,0.15420917121249997,,,
acrobot,0.0,0.0,block,103,False,1.0,1.0,0.4378026883255754,,,
acrobot,0.0,0.0,block,104,False,0.4992191730620518,1.0,1.0,,,
acrobot,0.0,0.0,block,105,False,1.0,1.0,0.8252520527076169,,,
acrobot,0.0,0.0,block,106,False,1.0,1.0,1.0,,,
acrobot,0.0,0.0,block,107,False,1.0,1.0,0.01841115841994683,,,
acrobot,0.0,0.0,block,108,False,0.04570197180157799,0.020091034593709846,1.0,,,
acrobot,0.0,0.0,block,109,False,0.9934415955922498,1.0,1.0,,,
acrobot,0.0,0.0,block,110,False,0.8114880918153109,0.2887699704277132,1.0,,,
acrobot,0.0,0.0,block,111,True,1.0,1.0,0.0014691634248138342,,,
acrobot,0.0,0.0,block,112,False,1.0,0.551578522401994,1.0,,,
acrobot,0.0,0.0,block,113,False,0.020145291163030127,0.4415827669910122,1.0,,,
acrobot,0.0,0.0,block,114,False,1.0,0.7018981677252445,1.0,,,
acrobot,0.0,0.0,block,115,False,1.0,1.0,0.06923917167934213,,,
acrobot,0.0,0.0,block,116,False,0.5360102744550945,1.0,1.0,,,
acrobot,0.0,0.0,block,117,False,0.43716416328862323,1.0,1.0,,,
acrobot,0.0,0.0,block,118,False,1.0,0.5791869646079266,0.39332495228048814,,,
acrobot,0.0,0.0,block,119,False,1.0,1.0,1.0,,,
acrobot,0.0,0.0,block,120,False,0.7145248067770524,0.03529130759114372,1.0,,,
acrobot,0.0,0.0,block,121,False,1.0,1.0,1.0,,,
acrobot,0.0,0.0,block,122,False,0.2751850479289302,1.0,1.0,,,
acrobot,0.0,0.0,block,123,False,1.0,1.0,0.8937804515408361,,,
acrobot,0.0,0.0,block,124,False,1.0,1.0,0.1963528713849631,,,
acrobot,0.0,0.0,block,125,False,1.0,1.0,1.0,,,
acrobot,0.0,0.0,block,126,True,1.0,1.0,0.009821980934803244,,,
acrobot,0.0,0.0,block,127,False,1.0,1.0,0.7854157708319334,,,
acrobot,0.0,0.0,block,128,True,1.0,0.31325914697262996,0.004036830826385304,,,
acrobot,0.0,0.0,block,129,True,1.0,1.0,0.00868932826884758,,,
acrobot,0.0,0.0,block,130,False,1.0,1.0,0.8660586332951499,,,
acrobot,0.0,0.0,block,131,False,0.8518790867202185,1.0,1.0,,,
acrobot,0.0,0.0,block,132,True,1.0,0.008830304505193839,1.0,,,
acrobot,0.0,0.0,block,133,False,0.5901023463778572,1.0,1.0,,,
acrobot,0.0,0.0,block,134,False,0.08454663534311052,1.0,1.0,,,
acrobot,0.0,0.0,block,135,False,0.15377791677896052,0.8247035818968492,1.0,,,
acrobot,0.0,0.0,block,136,True,0.005440355931683337,0.3969288204820681,1.0,,,
acrobot,0.0,0.0,block,137,False,0.6074136184000624,1.0,0.7985841665571833,,,
acrobot,0.0,0.0,block,138,False,1.0,1.0,1.0,,,
acrobot,0.0,0.0,block,139,False,1.0,1.0,1.0,,,
acrobot,0.0,0.0,block,140,False,0.7397441801184961,1.0,1.0,,,
acrobot,0.0,0.0,block,141,False,0.8864359939874012,0.7083226807877692,1.0,,,
acrobot,0.0,0.0,block,142,False,1.0,1.0,0.7594172165960001,,,
acrobot,0.0,0.0,block,143,False,0.4058995408216223,1.0,1.0,,,
acrobot,0.0,0.0,block,144,False,0.5901023463778572,1.0,0.24086372453757687,,,
acrobot,0.0,0.0,block,145,False,1.0,1.0,0.019856536359989505,,,
acrobot,0.0,0.0,block,146,False,1.0,1.0,1.0,,,
acrobot,0.0,0.0,block,147,False,1.0,0.19813494977598103,1.0,,,
acrobot,0.0,0.0,block,148,False,1.0,0.38373035181830306,0.21223160339375158,,,
acrobot,0.0,0.0,block,149,True,1.0,1.0,3.785330307280964e-06,,,
acrobot,0.0,0.0,block,150,False,1.0,1.0,0.7854157708319334,,,
acrobot,0.0,0.0,block,151,False,1.0,0.3843030917085225,1.0,,,
acrobot,0.0,0.0,block,152,False,1.0,1.0,0.7338785549982524,,,
acrobot,0.0,0.0,block,153,False,0.41014123411995046,0.21425649268977082,1.0,,,
acrobot,0.0,0.0,block,154,False,1.0,1.0,1.0,,,
acrobot,0.0,0.0,block,155,False,1.0,0.1473813107199075,1.0,,,
acrobot,0.0,0.0,block,156,False,1.0,1.0,1.0,,,
acrobot,0.0,0.0,block,157,False,1.0,1.0,1.0,,,
acrobot,0.0,0.0,block,158,False,1.0,0.6360313127035069,0.06089278800128558,,,
acrobot,0.0,0.0,block,159,False,0.6013663053800342,1.0,0.09158435797365085,,,
acrobot,0.0,0.0,block,160,False,1.0,0.2144215372575181,1.0,,,
acrobot,0.0,0.0,block,161,False,1.0,1.0,0.4954806458083422,,,
acrobot,0.0,0.0,block,162,False,1.0,1.0,1.0,,,
acrobot,0.0,0.0,block,163,False,1.0,1.0,0.02573592215277536,,,
acrobot,0.0,0.0,block,164,False,1.0,1.0,1.0,,,
acrobot,0.0,0.0,block,165,False,1.0,1.0,0.9077913851166579,,,
acrobot,0.0,0.0,block,166,False,0.20100487838809333,0.647799899998458,1.0,,,
acrobot,0.0,0.0,block,167,False,1.0,1.0,0.229079020484724,,,
acrobot,0.0,0.0,block,168,True,1.0,1.0,0.00010287348783373902,,,
acrobot,0.0,0.0,block,169,False,0.20892703226469905,0.42815043945627734,1.0,,,
acrobot,0.0,0.0,block,170,True,1.0,0.7267786309148021,0.0004217759010473707,,,
acrobot,0.0,0.0,block,171,False,0.14120696858751638,0.7270942375099727,1.0,,,
acrobot,0.0,0.0,block,172,False,1.0,1.0,1.0,,,
acrobot,0.0,0.0,block,173,False,0.053149761044362975,0.9428640640277651,1.0,,,
acrobot,0.0,0.0,block,174,False,1.0,1.0,0.6482508132675584,,,
acrobot,0.0,0.0,block,175,False,0.0843685843821047,1.0,1.0,,,
acrobot,0.0,0.0,block,176,False,1.0,0.5098141307191448,1.0,,,
acrobot,0.0,0.0,block,177,False,1.0,1.0,0.33645908151862935,,,
acrobot,0.0,0.0,block,178,False,1.0,0.49973528232575926,1.0,,,
acrobot,0.0,0.0,block,179,False,0.5957467879161888,1.0,1.0,,,
acrobot,0.0,0.0,block,180,False,0.13348877585356403,0.347551215331846,1.0,,,
acrobot,0.0,0.0,block,181,False,0.6535059258549184,0.16242371076565845,1.0,,,
acrobot,0.0,0.0,block,182,False,1.0,1.0,1.0,,,
acrobot,0.0,0.0,block,183,False,0.1713571638507472,1.0,0.9077913851166579,,,
acrobot,0.0,0.0,block,184,False,0.010809562285411422,0.04973816917271148,1.0,,,
acrobot,0.0,0.0,block,185,False,0.9642724387837804,1.0,1.0,,,
acrobot,0.0,0.0,block,186,False,1.0,1.0,0.20683258852868036,,,
acrobot,0.0,0.0,block,187,False,1.0,1.0,0.6842198507217288,,,
acrobot,0.0,0.0,block,188,False,1.0,1.0,1.0,,,
acrobot,0.0,0.0,block,189,False,1.0,0.048103948708348165,1.0,,,
acrobot,0.0,0.0,block,190,False,1.0,1.0,1.0,,,
acrobot,0.0,0.0,block,191,False,1.0,1.0,1.0,,,
acrobot,0.0,0.0,block,192,False,1.0,1.0,1.0,,,
acrobot,0.0,0.0,block,193,False,1.0,1.0,1.0,,,
acrobot,0.0,0.0,block,194,False,0.99351785356801,1.0,1.0,,,
acrobot,0.0,0.0,block,195,False,0.07830218453742496,1.0,1.0,,,
acrobot,0.0,0.0,block,196,False,1.0,1.0,1.0,,,
acrobot,0.0,0.0,block,197,False,1.0,1.0,0.4954806458083422,,,
acrobot,0.0,0.0,block,198,False,1.0,1.0,0.01108571743405162,,,
acrobot,0.0,0.0,block,199,False,1.0,1.0,1.0,,,
acrobot,0.0,0.0,block,200,False,1.0,0.08590420154259626,1.0,,,
acrobot,0.0,0.0,block,201,False,0.7462795383654846,0.2785419821073983,1.0,,,
acrobot,0.0,0.0,block,202,False,0.40149242848934447,0.6833212431995936,1.0,,,
acrobot,0.0,0.0,block,203,False,1.0,1.0,0.6134018931308428,,,
acrobot,0.0,0.0,block,204,False,0.43723055307603914,0.5152306208841338,1.0,,,
acrobot,0.0,0.0,block,205,False,1.0,1.0,0.08100747825635018,,,
acrobot,0.0,0.0,block,206,False,0.44663221268635694,1.0,1.0,,,
acrobot,0.0,0.0,block,207,False,0.49977687103906676,1.0,1.0,,,
acrobot,0.0,0.0,block,208,False,1.0,1.0,0.18628973159586804,,,
acrobot,0.0,0.0,block,209,False,1.0,1.0,0.7985841665571833,,,
acrobot,0.0,0.0,block,210,False,1.0,1.0,1.0,,,
acrobot,0.0,0.0,block,211,False,0.24947426169759812,1.0,1.0,,,
acrobot,0.0,0.0,block,212,False,0.3714934778476995,0.31331397304145153,1.0,,,
acrobot,0.0,0.0,block,213,False,0.31710673679542606,1.0,1.0,,,
acrobot,0.0,0.0,block,214,False,1.0,1.0,1.0,,,
acrobot,0.0,0.0,block,215,False,1.0,0.6357443398634093,0.9938388491283483,,,
acrobot,0.0,0.0,block,216,False,0.35550489011652703,1.0,1.0,,,
acrobot,0.0,0.0,block,217,False,0.1737617934466844,0.5626473281523056,1.0,,,
acrobot,0.0,0.0,block,218,False,0.9072888455871336,0.9355913591925245,1.0,,,
acrobot,0.0,0.0,block,219,True,0.00454776905207218,0.8587565880644852,1.0,,,
acrobot,0.0,0.0,block,220,False,1.0,0.11398634381059555,1.0,,,
acrobot,0.0,0.0,block,221,True,1.0,1.0,5.468736403999456e-05,,,
acrobot,0.0,0.0,block,222,False,0.2494596859453268,1.0,0.838748529874541,,,
acrobot,0.0,0.0,block,223,False,1.0,0.8044466181835265,0.8118634207598285,,,
acrobot,0.0,0.0,block,224,False,1.0,0.30607999870703373,0.20154006627467888,,,
acrobot,0.0,0.0,block,225,False,1.0,1.0,0.23491533749977817,,,
acrobot,0.0,0.0,block,226,False,1.0,1.0,1.0,,,
acrobot,0.0,0.0,block,227,False,0.299146263570346,1.0,1.0,,,
acrobot,0.0,0.0,block,228,False,0.08063227623005118,0.2886017270207248,1.0,,,
acrobot,0.0,0.0,block,229,True,1.0,1.0,0.008001111816478484,,,
acrobot,0.0,0.0,block,230,False,1.0,0.557327330695687,0.05705000558820838,,,
acrobot,0.0,0.0,block,231,False,0.4370562553684842,1.0,1.0,,,
acrobot,0.0,0.0,block,232,True,1.0,1.0,0.0006691311039395402,,,
acrobot,0.0,0.0,block,233,False,0.4607392515925373,1.0,1.0,,,
acrobot,0.0,0.0,block,234,False,1.0,1.0,0.7212848262497709,,,
acrobot,0.0,0.0,block,235,False,0.7209230024348581,1.0,0.03676413718741096,,,
acrobot,0.0,0.0,block,236,False,1.0,1.0,0.7338785549982524,,,
acrobot,0.0,0.0,block,237,False,0.7785577442033125,1.0,1.0,,,
acrobot,0.0,0.0,block,238,False,0.31320431464965653,1.0,1.0,,,
acrobot,0.0,0.0,block,239,False,0.7388728649480627,0.11912733500992674,1.0,,,
acrobot,0.0,0.0,block,240,False,0.21188295700947354,1.0,1.0,,,
acrobot,0.0,0.0,block,241,False,1.0,1.0,1.0,,,
acrobot,0.0,0.0,block,242,False,0.025640621712032317,0.7848304300006531,1.0,,,
acrobot,0.0,0.0,block,243,False,1.0,1.0,1.0,,,
acrobot,0.0,0.0,block,244,False,1.0,1.0,0.14188096497816882,,,
acrobot,0.0,0.0,block,245,False,0.7781623535707146,1.0,1.0,,,
acrobot,0.0,0.0,block,246,True,1.0,1.0,0.0003420401427032065,,,
acrobot,0.0,0.0,block,247,False,1.0,0.8793348920889322,0.05894481233277044,,,
acrobot,0.0,0.0,block,248,False,1.0,0.47497440899821414,0.029740064526326604,,,
acrobot,0.0,0.0,block,249,False,1.0,1.0,1.0,,,
acrobot,0.0,0.0,block,250,False,1.0,0.28531532984916846,1.0,,,
acrobot,0.0,0.0,block,251,False,0.9499702898339629,1.0,1.0,,,
acrobot,0.0,0.0,block,252,False,0.8180747054421792,1.0,1.0,,,
acrobot,0.0,0.0,block,253,False,0.844986996671004,0.05150944136333456,1.0,,,
acrobot,0.0,0.0,block,254,False,1.0,1.0,0.04998027351877797,,,
acrobot,0.0,0.0,block,255,False,1.0,1.0,0.2233536943355491,,,
acrobot,0.0,0.0,block,256,False,0.5683114795909374,1.0,1.0,,,
acrobot,0.0,0.0,block,257,False,1.0,1.0,0.2657988333379864,,,
acrobot,0.0,0.0,block,258,False,1.0,1.0,0.8252520527076169,,,
acrobot,0.0,0.0,block,259,True,1.0,1.0,5.74815556528424e-08,,,
acrobot,0.0,0.0,block,260,False,1.0,1.0,1.0,,,
acrobot,0.0,0.0,block,261,False,1.0,1.0,1.0,,,
acrobot,0.0,0.0,block,262,False,1.0,0.7524525135509598,1.0,,,
acrobot,0.0,0.0,block,263,False,1.0,1.0,0.02767467148962666,,,
acrobot,0.0,0.0,block,264,False,1.0,1.0,1.0,,,
acrobot,0.0,0.0,block,265,True,1.0,1.0,0.0010994987106381045,,,
acrobot,0.0,0.0,block,266,False,1.0,0.6958631299519951,0.4660530037544936,,,
acrobot,0.0,0.0,block,267,False,1.0,0.2850867130938494,1.0,,,
acrobot,0.0,0.0,block,268,False,1.0,1.0,1.0,,,
acrobot,0.0,0.0,block,269,False,1.0,1.0,1.0,,,
acrobot,0.0,0.0,block,270,False,1.0,1.0,1.0,,,
acrobot,0.0,0.0,block,271,True,1.0,1.0,6.89796517342021e-05,,,
acrobot,0.0,0.0,block,272,False,0.22587288507090342,1.0,0.8252520527076169,,,
acrobot,0.0,0.0,block,273,False,0.5048040512453704,1.0,0.7594172165960001,,,
acrobot,0.0,0.0,block,274,False,1.0,1.0,0.42864710751808144,,,
acrobot,0.0,0.0,block,275,False,1.0,1.0,0.8660586332951499,,,
acrobot,0.0,0.0,block,276,False,1.0,1.0,1.0,,,
acrobot,0.0,0.0,block,277,False,1.0,0.7588983057009413,1.0,,,
acrobot,0.0,0.0,block,278,False,0.30568294475239177,0.5465956054878386,1.0,,,
acrobot,0.0,0.0,block,279,False,0.275087103029225,1.0,1.0,,,
acrobot,0.0,0.0,block,280,False,0.9643467473667676,0.5047874232745151,1.0,,,
acrobot,0.0,0.0,block,281,False,1.0,1.0,1.0,,,
acrobot,0.0,0.0,block,282,False,1.0,0.1494665538980412,1.0,,,
acrobot,0.0,0.0,block,283,False,1.0,1.0,1.0,,,
acrobot,0.0,0.0,block,284,False,0.5097642626545014,1.0,1.0,,,
acrobot,0.0,0.0,block,285,False,1.0,1.0,1.0,,,
acrobot,0.0,0.0,block,286,False,1.0,1.0,0.02221277252557283,,,
acrobot,0.0,0.0,block,287,True,1.0,1.0,0.009821980934803244,,,
acrobot,0.0,0.0,block,288,False,1.0,1.0,0.02869112510166709,,,
acrobot,0.0,0.0,block,289,False,1.0,1.0,0.3139792193335831,,,
acrobot,0.0,0.0,block,290,False,1.0,0.6186977889480287,1.0,,,
acrobot,0.0,0.0,block,291,False,1.0,0.5144414135800159,1.0,,,
acrobot,0.0,0.0,block,292,False,1.0,1.0,1.0,,,
acrobot,0.0,0.0,block,293,False,1.0,1.0,0.12310058685750191,,,
acrobot,0.0,0.0,block,294,False,1.0,1.0,0.4954806458083422,,,
acrobot,0.0,0.0,block,295,False,1.0,1.0,1.0,,,
acrobot,0.0,0.0,block,296,False,1.0,1.0,0.13035547398507763,,,
acrobot,0.0,0.0,block,297,False,0.020900365384303697,1.0,1.0,,,
acrobot,0.0,0.0,block,298,False,0.1906943841129783,1.0,0.7212848262497709,,,
acrobot,0.0,0.0,block,299,True,1.0,1.0,0.0012118456912683594,,,
acrobot,0.0,0.0,block,300,False,1.0,1.0,1.0,,,
acrobot,0.0,0.0,block,301,False,1.0,0.2491097591892954,1.0,,,
acrobot,0.0,0.0,block,302,False,0.8587565880644852,1.0,1.0,,,
acrobot,0.0,0.0,block,303,False,0.2653374881870542,0.7205380185021657,1.0,,,
acrobot,0.0,0.0,block,304,True,1.0,0.3594121997863437,3.6186478734193755e-05,,,
acrobot,0.0,0.0,block,305,False,1.0,1.0,0.024812013052143263,,,
acrobot,0.0,0.0,block,306,False,1.0,0.18816239524887202,1.0,,,
acrobot,0.0,0.0,block,307,False,1.0,1.0,0.012007356019547338,,,
acrobot,0.0,0.0,block,308,False,1.0,0.6837941508156007,1.0,,,
acrobot,0.0,0.0,block,309,False,1.0,1.0,1.0,,,
acrobot,0.0,0.0,block,310,False,0.39285769788958647,1.0,0.8660586332951499,,,
acrobot,0.0,0.0,block,311,False,1.0,0.2886935029962042,1.0,,,
acrobot,0.0,0.0,block,312,False,1.0,0.4015088805924728,1.0,,,
acrobot,0.0,0.0,block,313,False,0.6351295967646161,0.9572625589602206,1.0,,,
acrobot,0.0,0.0,block,314,False,0.3096855313927384,0.7849376111502467,1.0,,,
acrobot,0.0,0.0,block,315,False,0.9003478181099015,1.0,1.0,,,
acrobot,0.0,0.0,block,316,False,0.33593366483154824,0.8314628725034692,0.838748529874541,,,
acrobot,0.0,0.0,block,317,False,0.09973216322287032,1.0,1.0,,,
acrobot,0.0,0.0,block,318,True,1.0,1.0,0.0036948322824747167,,,
acrobot,0.0,0.0,block,319,False,1.0,1.0,1.0,,,
acrobot,0.0,0.0,block,320,False,0.6417132946033435,1.0,1.0,,,
acrobot,0.0,0.0,block,321,True,1.0,1.0,0.0033795396280765326,,,
acrobot,0.0,0.0,block,322,False,0.41434885643263153,0.8792511216124796,1.0,,,
acrobot,0.0,0.0,block,323,False,1.0,0.5413651213362098,0.5365472533335345,,,
acrobot,0.0,0.0,block,324,False,1.0,0.371322562601354,1.0,,,
acrobot,0.0,0.0,block,325,False,1.0,0.18563700107496603,1.0,,,
acrobot,0.0,0.0,block,326,False,1.0,1.0,1.0,,,
acrobot,0.0,0.0,block,327,True,1.0,1.0,0.00021133710921602574,,,
acrobot,0.0,0.0,block,328,False,1.0,1.0,0.03676413718741096,,,
acrobot,0.0,0.0,block,329,False,1.0,1.0,0.011538292000739943,,,
acrobot,0.0,0.0,block,330,False,0.28543721752370743,1.0,1.0,,,
acrobot,0.0,0.0,block,331,True,0.007310998835422133,0.006421598918158472,1.0,,,
acrobot,0.0,0.0,block,332,False,1.0,1.0,1.0,,,
acrobot,0.0,0.0,block,333,False,1.0,1.0,1.0,,,
acrobot,0.0,0.0,block,334,False,0.9500812677638334,1.0,0.9218999068913776,,,
acrobot,0.0,0.0,block,335,False,1.0,1.0,0.02140133455280908,,,
acrobot,0.0,0.0,block,336,False,1.0,1.0,0.33645908151862935,,,
acrobot,0.0,0.0,block,337,False,0.44640788561792927,1.0,1.0,,,
acrobot,0.0,0.0,block,338,False,1.0,1.0,0.05167347066079376,,,
acrobot,0.0,0.0,block,339,False,1.0,1.0,0.2233536943355491,,,
acrobot,0.0,0.0,block,340,False,0.9497364328379292,0.5625158788396978,1.0,,,
acrobot,0.0,0.0,block,341,False,0.29922353638057203,0.6716702968804724,1.0,,,
acrobot,0.0,0.0,block,342,False,1.0,1.0,1.0,,,
acrobot,0.0,0.0,block,343,False,0.7335128086991711,0.4326286028333435,1.0,,,
acrobot,0.0,0.0,block,344,False,1.0,1.0,0.33645908151862935,,,
acrobot,0.0,0.0,block,345,False,1.0,1.0,1.0,,,
acrobot,0.0,0.0,block,346,False,0.7396177624678459,1.0,1.0,,,
acrobot,0.0,0.0,block,347,False,0.9572510076568558,0.7912196430352845,0.838748529874541,,,
acrobot,0.0,0.0,block,348,False,0.23138101967232766,1.0,1.0,,,
acrobot,0.0,0.0,block,349,False,0.9642095381827154,1.0,1.0,,,
acrobot,0.0,0.0,block,350,False,0.5902650909708712,1.0,1.0,,,
acrobot,0.0,0.0,block,351,False,1.0,1.0,1.0,,,
acrobot,0.0,0.0,block,352,False,1.0,1.0,0.05520724880382117,,,
acrobot,0.0,0.0,block,353,False,0.824531912021157,1.0,1.0,,,
acrobot,0.0,0.0,block,354,False,1.0,1.0,0.36006651389765165,,,
acrobot,0.0,0.0,block,355,False,1.0,1.0,0.04673592035038431,,,
acrobot,0.0,0.0,block,356,False,0.11080236931459728,1.0,1.0,,,
acrobot,0.0,0.0,block,357,False,0.05065249920528275,0.49484901330123676,1.0,,,
acrobot,0.0,0.0,block,358,False,1.0,0.9498417053019512,1.0,,,
acrobot,0.0,0.0,block,359,False,1.0,0.7392083365823743,0.10328036197593013,,,
acrobot,0.0,0.0,block,360,False,0.18325335102408635,0.8585385623491676,1.0,,,
acrobot,0.0,0.0,block,361,False,1.0,1.0,0.29960972063776153,,,
acrobot,0.0,0.0,block,362,False,0.4897459193597545,0.4997103267351706,1.0,,,
acrobot,0.0,0.0,block,363,False,1.0,1.0,0.8118634207598285,,,
acrobot,0.0,0.0,block,364,False,1.0,0.8934456006032386,0.04367398592925169,,,
acrobot,0.0,0.0,block,365,False,0.4704185392724807,0.7331764628126611,1.0,,,
acrobot,0.0,0.0,block,366,False,1.0,0.8655809529645593,1.0,,,
acrobot,0.0,0.0,block,367,False,0.22571851602397225,0.9569966926679938,0.9938388491283483,,,
acrobot,0.0,0.0,block,368,False,1.0,0.7461612599119252,1.0,,,
acrobot,0.0,0.0,block,369,False,0.1539492515496102,1.0,1.0,,,
acrobot,0.0,0.0,block,370,False,1.0,1.0,0.24086372453757687,,,
acrobot,0.0,0.0,block,371,False,1.0,0.20356089811033212,0.9361041355301468,,,
acrobot,0.0,0.0,block,372,True,1.0,1.0,0.0006361170622726378,,,
acrobot,0.0,0.0,block,373,False,1.0,1.0,0.6842198507217288,,,
acrobot,0.0,0.0,block,374,False,0.578909149880455,1.0,0.017724048457187433,,,
acrobot,0.0,0.0,block,375,False,1.0,0.28511720115891,1.0,,,
acrobot,0.0,0.0,block,376,True,1.0,1.0,0.0024602497278382865,,,
acrobot,0.0,0.0,block,377,False,1.0,1.0,1.0,,,
acrobot,0.0,0.0,block,378,True,1.0,0.43279440466776326,0.00868932826884758,,,
acrobot,0.0,0.0,block,379,False,1.0,0.05052099602850655,1.0,,,
acrobot,0.0,0.0,block,380,False,1.0,0.208886209015807,0.5055514910325458,,,
acrobot,0.0,0.0,block,381,False,1.0,1.0,0.838748529874541,,,
acrobot,0.0,0.0,block,382,False,1.0,1.0,1.0,,,
acrobot,0.0,0.0,block,383,False,1.0,0.6774485061921492,0.18628973159586804,,,
acrobot,0.0,0.0,block,384,False,1.0,0.6898362605764897,1.0,,,
acrobot,0.0,0.0,block,385,False,1.0,1.0,0.15000843946177284,,,
acrobot,0.0,0.0,block,386,False,0.6596535450400607,0.9285746200935765,1.0,,,
acrobot,0.0,0.0,block,387,False,0.095383491086747,0.3799191106690272,1.0,,,
acrobot,0.0,0.0,block,388,False,0.25567339943560546,1.0,1.0,,,
acrobot,0.0,0.0,block,389,False,0.5625651785880517,0.3595253613777972,1.0,,,
acrobot,0.0,0.0,block,390,False,1.0,1.0,1.0,,,
acrobot,0.0,0.0,block,391,False,0.784601617044274,0.3134705844960813,1.0,,,
acrobot,0.0,0.0,block,392,False,1.0,1.0,0.17195506651594172,,,
acrobot,0.0,0.0,block,393,True,1.0,1.0,0.007060815571593108,,,
acrobot,0.0,0.0,block,394,False,0.42820841678243715,1.0,1.0,,,
acrobot,0.0,0.0,block,395,True,1.0,1.0,2.2340299582350084e-05,,,
acrobot,0.0,0.0,block,396,False,1.0,1.0,1.0,,,
acrobot,0.0,0.0,block,397,False,1.0,1.0,0.011538292000739943,,,
acrobot,0.0,0.0,block,398,False,1.0,1.0,0.011538292000739943,,,
acrobot,0.0,0.0,block,399,False,1.0,1.0,0.7594172165960001,,,
acrobot,0.0,0.0,block,400,False,1.0,1.0,0.05705000558820838,,,
acrobot,0.0,0.0,block,401,False,1.0,0.06998458895939895,0.15000843946177284,,,
acrobot,0.0,0.0,block,402,True,0.08987272913094557,0.0070223590406791525,1.0,,,
acrobot,0.0,0.0,block,403,False,1.0,0.18582446772381334,1.0,,,
acrobot,0.0,0.0,block,404,False,1.0,1.0,0.05705000558820838,,,
acrobot,0.0,0.0,block,405,False,0.8379577203320746,0.9357286336900748,1.0,,,
acrobot,0.0,0.0,block,406,False,1.0,1.0,1.0,,,
acrobot,0.0,0.0,block,407,False,1.0,1.0,0.44708876409667914,,,
acrobot,0.0,0.0,block,408,True,0.008989014039847861,1.0,1.0,,,
acrobot,0.0,0.0,block,409,False,0.9716313806199814,1.0,1.0,,,
acrobot,0.0,0.0,block,410,False,0.893148194427192,1.0,1.0,,,
acrobot,0.0,0.0,block,411,False,1.0,1.0,1.0,,,
acrobot,0.0,0.0,block,412,False,1.0,1.0,0.5471395250186626,,,
acrobot,0.0,0.0,block,413,False,0.22575360308775205,0.6956401137563821,1.0,,,
acrobot,0.0,0.0,block,414,False,0.09689183184049092,0.2143115118544007,1.0,,,
acrobot,0.0,0.0,block,415,False,1.0,1.0,0.672107117289352,,,
acrobot,0.0,0.0,block,416,False,1.0,1.0,1.0,,,
acrobot,0.0,0.0,block,417,False,0.6356087276499564,0.7080025690595627,1.0,,,
acrobot,0.0,0.0,block,418,False,0.3969452583936064,0.7915818511929036,0.4565054969269991,,,
acrobot,0.0,0.0,block,419,False,1.0,1.0,0.03427776120913334,,,
acrobot,0.0,0.0,block,420,False,1.0,1.0,0.4196218151385362,,,
acrobot,0.0,0.0,block,421,False,1.0,0.1909232992438154,0.5687127634704081,,,
acrobot,0.0,0.0,block,422,False,1.0,1.0,1.0,,,
acrobot,0.0,0.0,block,423,False,1.0,0.5956574499681184,1.0,,,
acrobot,0.0,0.0,block,424,False,0.2374892644902385,0.5044297302124643,1.0,,,
acrobot,0.0,0.0,block,425,True,1.0,0.4147040702989445,0.004809048371812281,,,
acrobot,0.0,0.0,block,426,False,1.0,0.2919939867955005,0.2469252406836005,,,
acrobot,0.0,0.0,block,427,False,0.8448795733615192,0.4189441897853451,1.0,,,
acrobot,0.0,0.0,block,428,False,0.05124050505799904,0.6012447480321499,1.0,,,
acrobot,0.0,0.0,block,429,False,1.0,0.8722108300636826,1.0,,,
acrobot,0.0,0.0,block,430,False,1.0,1.0,0.5365472533335345,,,
acrobot,0.0,0.0,block,431,False,0.2809183438925548,0.33618848783765887,1.0,,,
acrobot,0.0,0.0,block,432,False,1.0,0.7332288120255277,0.8118634207598285,,,
acrobot,0.0,0.0,block,433,False,0.6597243115509647,0.6128624235146247,1.0,,,
acrobot,0.0,0.0,block,434,False,0.1395172826122249,0.3801150386239812,1.0,,,
acrobot,0.0,0.0,block,435,False,1.0,0.2784739172827598,1.0,,,
acrobot,0.0,0.0,block,436,False,0.2747705429134444,1.0,1.0,,,
acrobot,0.0,0.0,block,437,False,1.0,1.0,0.5157529941043728,,,
acrobot,0.0,0.0,block,438,False,0.026578351448483,0.7332661978339712,1.0,,,
acrobot,0.0,0.0,block,439,False,0.14560646983502715,1.0,1.0,,,
acrobot,0.0,0.0,block,440,False,1.0,0.8383974069943927,0.7465897574561193,,,
acrobot,0.0,0.0,block,441,False,1.0,0.4558572725308598,1.0,,,
acrobot,0.0,0.0,block,442,False,1.0,1.0,0.6482508132675584,,,
acrobot,0.0,0.0,block,443,False,1.0,1.0,1.0,,,
acrobot,0.0,0.0,block,444,False,1.0,1.0,1.0,,,
acrobot,0.0,0.0,block,445,True,1.0,1.0,3.1087686261014095e-08,,,
acrobot,0.0,0.0,block,446,False,1.0,1.0,1.0,,,
acrobot,0.0,0.0,block,447,False,1.0,1.0,0.4954806458083422,,,
acrobot,0.0,0.0,block,448,False,1.0,0.011043126909316761,1.0,,,
acrobot,0.0,0.0,block,449,False,1.0,0.665305483694945,0.9077913851166579,,,
acrobot,0.0,0.0,block,450,False,1.0,1.0,0.17663357553661355,,,
acrobot,0.0,0.0,block,451,False,1.0,1.0,0.03550206777506726,,,
acrobot,0.0,0.0,block,452,True,1.0,1.0,0.00547406864765655,,,
acrobot,0.0,0.0,block,453,False,1.0,0.3358858696848375,1.0,,,
acrobot,0.0,0.0,block,454,False,1.0,1.0,1.0,,,
acrobot,0.0,0.0,block,455,True,1.0,1.0,9.752251505177677e-08,,,
acrobot,0.0,0.0,block,456,False,1.0,1.0,0.04078629657486471,,,
acrobot,0.0,0.0,block,457,False,0.8657053841743516,1.0,1.0,,,
acrobot,0.0,0.0,block,458,True,0.4143984402455624,1.0,0.004604299263506579,,,
acrobot,0.0,0.0,block,459,False,1.0,1.0,1.0,,,
acrobot,0.0,0.0,block,460,False,1.0,0.7522390578996081,1.0,,,
acrobot,0.0,0.0,block,461,False,0.4704934064068998,1.0,0.33645908151862935,,,
acrobot,0.0,0.0,block,462,False,1.0,1.0,1.0,,,
acrobot,0.0,0.0,block,463,False,0.579023573678995,1.0,1.0,,,
acrobot,0.0,0.0,block,464,False,1.0,1.0,1.0,,,
acrobot,0.0,0.0,block,465,False,0.9644038868248777,0.019357137911533283,1.0,,,
acrobot,0.0,0.0,block,466,False,1.0,0.7781119848833653,1.0,,,
acrobot,0.0,0.0,block,467,False,1.0,0.3837631010031983,1.0,,,
acrobot,0.0,0.0,block,468,True,1.0,1.0,9.185056698694335e-05,,,
acrobot,0.0,0.0,block,469,False,1.0,1.0,0.11283557182823706,,,
acrobot,0.0,0.0,block,470,False,1.0,0.9284057299648593,1.0,,,
acrobot,0.0,0.0,block,471,False,1.0,1.0,0.01299701737567707,,,
acrobot,0.0,0.0,block,472,True,1.0,1.0,0.0035339676804071896,,,
acrobot,0.0,0.0,block,473,False,0.06785701288997897,0.7209003719095082,1.0,,,
acrobot,0.0,0.0,block,474,False,0.7202054223528184,0.08953412361762572,1.0,,,
acrobot,0.0,0.0,block,475,False,1.0,1.0,1.0,,,
acrobot,0.0,0.0,block,476,False,0.0782374699286842,1.0,1.0,,,
acrobot,0.0,0.0,block,477,False,0.993245345648846,1.0,1.0,,,
acrobot,0.0,0.0,block,478,False,1.0,1.0,1.0,,,
acrobot,0.0,0.0,block,479,False,0.4849252571251922,1.0,1.0,,,
acrobot,0.0,0.0,block,480,False,1.0,0.54121647342979,1.0,,,
acrobot,0.0,0.0,block,481,False,0.5412577711769129,1.0,1.0,,,
acrobot,0.0,0.0,block,482,False,1.0,1.0,1.0,,,
acrobot,0.0,0.0,block,483,False,1.0,0.45080843259344433,0.4019610517771268,,,
acrobot,0.0,0.0,block,484,False,1.0,1.0,0.5157529941043728,,,
acrobot,0.0,0.0,block,485,True,1.0,1.0,0.0028216818448452805,,,
acrobot,0.0,0.0,block,486,False,0.2228511316075839,1.0,1.0,,,
acrobot,0.0,0.0,block,487,False,0.11758476492626166,1.0,1.0,,,
acrobot,0.0,0.0,block,488,False,1.0,0.0745015073923274,0.026689875160428714,,,
acrobot,0.0,0.0,block,489,False,0.6298540779885304,1.0,1.0,,,
acrobot,0.0,0.0,block,490,False,0.07121070177857486,1.0,1.0,,,
acrobot,0.0,0.0,block,491,False,1.0,1.0,0.2926077714882267,,,
acrobot,0.0,0.0,block,492,False,1.0,1.0,1.0,,,
acrobot,0.0,0.0,block,493,False,1.0,1.0,0.3520710139700063,,,
acrobot,0.0,0.0,block,494,True,0.0029283307465690304,1.0,1.0,,,
acrobot,0.0,0.0,block,495,True,1.0,1.0,0.004218463339086116,,,
acrobot,0.0,0.0,block,496,False,0.08078479707336121,1.0,1.0,,,
acrobot,0.0,0.0,block,497,False,1.0,1.0,0.07852875744945512,,,
acrobot,0.0,0.0,block,498,False,1.0,0.3023965022206107,0.9504021423127594,,,
acrobot,0.0,0.0,block,499,False,1.0,1.0,1.0,,,
acrobot,0.0,0.0,trajectory,0,False,1.0,1.0,1.0,,,
acrobot,0.0,0.0,trajectory,1,False,1.0,1.0,1.0,,,
acrobot,0.0,0.0,trajectory,2,False,1.0,1.0,1.0,,,
acrobot,0.0,0.0,trajectory,3,False,1.0,1.0,1.0,,,
acrobot,0.0,0.0,trajectory,4,False,1.0,1.0,0.40442890442890445,,,
acrobot,0.0,0.0,trajectory,5,False,1.0,1.0,1.0,,,
acrobot,0.0,0.0,trajectory,6,False,1.0,1.0,0.49067599067599066,,,
acrobot,0.0,0.0,trajectory,7,False,1.0,1.0,0.503030303030303,,,
acrobot,0.0,0.0,trajectory,8,False,1.0,1.0,0.11585081585081584,,,
acrobot,0.0,0.0,trajectory,9,False,1.0,1.0,1.0,,,
acrobot,0.0,0.0,trajectory,10,False,1.0,1.0,1.0,,,
acrobot,0.0,0.0,trajectory,11,False,1.0,1.0,1.0,,,
acrobot,0.0,0.0,trajectory,12,False,1.0,1.0,1.0,,,
acrobot,0.0,0.0,trajectory,13,False,1.0,1.0,0.015384615384615385,,,
acrobot,0.0,0.0,trajectory,14,False,1.0,1.0,1.0,,,
acrobot,0.0,0.0,trajectory,15,False,1.0,1.0,1.0,,,
acrobot,0.0,0.0,trajectory,16,False,1.0,1.0,1.0,,,
acrobot,0.0,0.0,trajectory,17,False,1.0,1.0,1.0,,,
acrobot,0.0,0.0,trajectory,18,False,1.0,1.0,1.0,,,
acrobot,0.0,0.0,trajectory,19,False,1.0,1.0,1.0,,,
acrobot,0.0,0.0,trajectory,20,False,1.0,1.0,0.8559440559440559,,,
acrobot,0.0,0.0,trajectory,21,False,1.0,1.0,1.0,,,
acrobot,0.0,0.0,trajectory,22,False,1.0,1.0,0.7783216783216783,,,
acrobot,0.0,0.0,trajectory,23,False,1.0,1.0,1.0,,,
acrobot,0.0,0.0,trajectory,24,False,1.0,1.0,1.0,,,
acrobot,0.0,0.0,trajectory,25,False,1.0,1.0,0.1400932400932401,,,
acrobot,0.0,0.0,trajectory,26,False,1.0,1.0,1.0,,,
acrobot,0.0,0.0,trajectory,27,False,1.0,1.0,0.24638694638694641,,,
acrobot,0.0,0.0,trajectory,28,False,1.0,1.0,0.40442890442890445,,,
acrobot,0.0,0.0,trajectory,29,False,1.0,1.0,1.0,,,
acrobot,0.0,0.0,trajectory,30,False,1.0,1.0,1.0,,,
acrobot,0.0,0.0,trajectory,31,False,1.0,1.0,0.6668997668997669,,,
acrobot,0.0,0.0,trajectory,32,False,1.0,1.0,0.23776223776223776,,,
acrobot,0.0,0.0,trajectory,33,False,1.0,1.0,0.8983682983682983,,,
acrobot,0.0,0.0,trajectory,34,False,1.0,1.0,1.0,,,
acrobot,0.0,0.0,trajectory,35,False,1.0,1.0,1.0,,,
acrobot,0.0,0.0,trajectory,36,False,1.0,1.0,1.0,,,
acrobot,0.0,0.0,trajectory,37,False,1.0,1.0,1.0,,,
acrobot,0.0,0.0,trajectory,38,False,1.0,1.0,0.686013986013986,,,
acrobot,0.0,0.0,trajectory,39,False,1.0,1.0,0.5517482517482517,,,
acrobot,0.0,0.0,trajectory,40,False,1.0,1.0,1.0,,,
acrobot,0.0,0.0,trajectory,41,False,1.0,1.0,1.0,,,
acrobot,0.0,0.0,trajectory,42,False,1.0,1.0,1.0,,,
acrobot,0.0,0.0,trajectory,43,False,1.0,1.0,0.6853146853146853,,,
acrobot,0.0,0.0,trajectory,44,False,1.0,1.0,0.19137529137529138,,,
acrobot,0.0,0.0,trajectory,45,False,1.0,1.0,0.968997668997669,,,
acrobot,0.0,0.0,trajectory,46,False,1.0,1.0,1.0,,,
acrobot,0.0,0.0,trajectory,47,False,1.0,1.0,1.0,,,
acrobot,0.0,0.0,trajectory,48,False,1.0,1.0,1.0,,,
acrobot,0.0,0.0,trajectory,49,False,1.0,1.0,1.0,,,
acrobot,0.0,0.0,trajectory,50,False,1.0,1.0,1.0,,,
acrobot,0.0,0.0,trajectory,51,False,1.0,1.0,1.0,,,
acrobot,0.0,0.0,trajectory,52,False,1.0,1.0,1.0,,,
acrobot,0.0,0.0,trajectory,53,False,1.0,1.0,1.0,,,
acrobot,0.0,0.0,trajectory,54,False,1.0,1.0,0.862004662004662,,,
acrobot,0.0,0.0,trajectory,55,False,1.0,1.0,0.8403263403263403,,,
acrobot,0.0,0.0,trajectory,56,False,1.0,1.0,1.0,,,
acrobot,0.0,0.0,trajectory,57,False,1.0,1.0,1.0,,,
acrobot,0.0,0.0,trajectory,58,False,1.0,1.0,1.0,,,
acrobot,0.0,0.0,trajectory,59,False,1.0,1.0,1.0,,,
acrobot,0.0,0.0,trajectory,60,False,1.0,1.0,1.0,,,
acrobot,0.0,0.0,trajectory,61,False,1.0,1.0,1.0,,,
acrobot,0.0,0.0,trajectory,62,False,1.0,1.0,0.9277389277389277,,,
acrobot,0.0,0.0,trajectory,63,False,1.0,1.0,1.0,,,
acrobot,0.0,0.0,trajectory,64,False,1.0,1.0,1.0,,,
acrobot,0.0,0.0,trajectory,65,False,1.0,1.0,1.0,,,
acrobot,0.0,0.0,trajectory,66,False,1.0,1.0,1.0,,,
acrobot,0.0,0.0,trajectory,67,False,1.0,1.0,0.1275058275058275,,,
acrobot,0.0,0.0,trajectory,68,False,1.0,1.0,1.0,,,
acrobot,0.0,0.0,trajectory,69,False,1.0,1.0,0.20792540792540792,,,
acrobot,0.0,0.0,trajectory,70,False,1.0,1.0,1.0,,,
acrobot,0.0,0.0,trajectory,71,False,1.0,1.0,1.0,,,
acrobot,0.0,0.0,trajectory,72,False,1.0,1.0,1.0,,,
acrobot,0.0,0.0,trajectory,73,False,1.0,1.0,1.0,,,
acrobot,0.0,0.0,trajectory,74,False,1.0,1.0,1.0,,,
acrobot,0.0,0.0,trajectory,75,False,1.0,1.0,1.0,,,
acrobot,0.0,0.0,trajectory,76,False,1.0,1.0,1.0,,,
acrobot,0.0,0.0,trajectory,77,False,1.0,1.0,1.0,,,
acrobot,0.0,0.0,trajectory,78,False,1.0,1.0,1.0,,,
acrobot,0.0,0.0,trajectory,79,False,1.0,1.0,1.0,,,
acrobot,0.0,0.0,trajectory,80,False,1.0,1.0,1.0,,,
acrobot,0.0,0.0,trajectory,81,False,1.0,1.0,0.5088578088578088,,,
acrobot,0.0,0.0,trajectory,82,False,1.0,1.0,1.0,,,
acrobot,0.0,0.0,trajectory,83,False,1.0,1.0,1.0,,,
acrobot,0.0,0.0,trajectory,84,False,1.0,1.0,0.3298368298368298,,,
acrobot,0.0,0.0,trajectory,85,False,1.0,1.0,1.0,,,
acrobot,0.0,0.0,trajectory,86,False,1.0,1.0,1.0,,,
acrobot,0.0,0.0,trajectory,87,False,1.0,1.0,1.0,,,
acrobot,0.0,0.0,trajectory,88,False,1.0,1.0,1.0,,,
acrobot,0.0,0.0,trajectory,89,False,1.0,1.0,0.7503496503496503,,,
acrobot,0.0,0.0,trajectory,90,False,1.0,1.0,1.0,,,
acrobot,0.0,0.0,trajectory,91,False,1.0,1.0,1.0,,,
acrobot,0.0,0.0,trajectory,92,False,1.0,1.0,1.0,,,
acrobot,0.0,0.0,trajectory,93,False,1.0,1.0,0.258041958041958,,,
acrobot,0.0,0.0,trajectory,94,False,1.0,1.0,1.0,,,
acrobot,0.0,0.0,trajectory,95,False,1.0,1.0,0.5776223776223777,,,
acrobot,0.0,0.0,trajectory,96,False,1.0,1.0,1.0,,,
acrobot,0.0,0.0,trajectory,97,False,1.0,1.0,0.4445221445221445,,,
acrobot,0.0,0.0,trajectory,98,False,1.0,1.0,1.0,,,
acrobot,0.0,0.0,trajectory,99,False,1.0,1.0,1.0,,,
acrobot,0.0,0.0,trajectory,100,False,1.0,1.0,1.0,,,
acrobot,0.0,0.0,trajectory,101,False,1.0,1.0,1.0,,,
acrobot,0.0,0.0,trajectory,102,False,1.0,1.0,0.6820512820512821,,,
acrobot,0.0,0.0,trajectory,103,False,1.0,1.0,0.3118881118881119,,,
acrobot,0.0,0.0,trajectory,104,False,1.0,1.0,1.0,,,
acrobot,0.0,0.0,trajectory,105,False,1.0,1.0,0.9578088578088578,,,
acrobot,0.0,0.0,trajectory,106,False,1.0,1.0,1.0,,,
acrobot,0.0,0.0,trajectory,107,False,1.0,1.0,0.4538461538461538,,,
acrobot,0.0,0.0,trajectory,108,False,1.0,1.0,1.0,,,
acrobot,0.0,0.0,trajectory,109,False,1.0,1.0,1.0,,,
acrobot,0.0,0.0,trajectory,110,False,1.0,1.0,1.0,,,
acrobot,0.0,0.0,trajectory,111,False,1.0,1.0,0.3386946386946387,,,
acrobot,0.0,0.0,trajectory,112,False,1.0,1.0,1.0,,,
acrobot,0.0,0.0,trajectory,113,False,1.0,1.0,1.0,,,
acrobot,0.0,0.0,trajectory,114,False,1.0,1.0,1.0,,,
acrobot,0.0,0.0,trajectory,115,False,1.0,1.0,0.47319347319347316,,,
acrobot,0.0,0.0,trajectory,116,False,1.0,1.0,1.0,,,
acrobot,0.0,0.0,trajectory,117,False,1.0,1.0,1.0,,,
acrobot,0.0,0.0,trajectory,118,False,1.0,1.0,0.5235431235431236,,,
acrobot,0.0,0.0,trajectory,119,False,1.0,1.0,1.0,,,
acrobot,0.0,0.0,trajectory,120,False,1.0,1.0,1.0,,,
acrobot,0.0,0.0,trajectory,121,False,1.0,1.0,1.0,,,
acrobot,0.0,0.0,trajectory,122,False,1.0,1.0,0.941958041958042,,,
acrobot,0.0,0.0,trajectory,123,False,1.0,1.0,1.0,,,
acrobot,0.0,0.0,trajectory,124,False,1.0,1.0,1.0,,,
acrobot,0.0,0.0,trajectory,125,False,1.0,1.0,1.0,,,
acrobot,0.0,0.0,trajectory,126,False,1.0,1.0,0.9927738927738927,,,
acrobot,0.0,0.0,trajectory,127,False,1.0,1.0,1.0,,,
acrobot,0.0,0.0,trajectory,128,False,1.0,1.0,0.14662004662004663,,,
acrobot,0.0,0.0,trajectory,129,False,1.0,1.0,0.20163170163170163,,,
acrobot,0.0,0.0,trajectory,130,False,1.0,1.0,0.745920745920746,,,
acrobot,0.0,0.0,trajectory,131,False,1.0,1.0,1.0,,,
acrobot,0.0,0.0,trajectory,132,False,1.0,1.0,1.0,,,
acrobot,0.0,0.0,trajectory,133,False,1.0,1.0,1.0,,,
acrobot,0.0,0.0,trajectory,134,False,1.0,1.0,1.0,,,
acrobot,0.0,0.0,trajectory,135,False,1.0,1.0,1.0,,,
acrobot,0.0,0.0,trajectory,136,False,1.0,1.0,1.0,,,
acrobot,0.0,0.0,trajectory,137,False,1.0,1.0,0.8097902097902097,,,
acrobot,0.0,0.0,trajectory,138,False,1.0,1.0,1.0,,,
acrobot,0.0,0.0,trajectory,139,False,1.0,1.0,0.7275058275058275,,,
acrobot,0.0,0.0,trajectory,140,False,1.0,1.0,1.0,,,
acrobot,0.0,0.0,trajectory,141,False,1.0,1.0,0.9972027972027971,,,
acrobot,0.0,0.0,trajectory,142,False,1.0,1.0,1.0,,,
acrobot,0.0,0.0,trajectory,143,False,1.0,1.0,1.0,,,
acrobot,0.0,0.0,trajectory,144,False,1.0,1.0,1.0,,,
acrobot,0.0,0.0,trajectory,145,False,1.0,1.0,1.0,,,
acrobot,0.0,0.0,trajectory,146,False,1.0,1.0,1.0,,,
acrobot,0.0,0.0,trajectory,147,False,1.0,1.0,1.0,,,
acrobot,0.0,0.0,trajectory,148,False,1.0,1.0,0.8412587412587413,,,
acrobot,0.0,0.0,trajectory,149,False,1.0,1.0,0.04358974358974359,,,
acrobot,0.0,0.0,trajectory,150,False,1.0,1.0,1.0,,,
acrobot,0.0,0.0,trajectory,151,False,1.0,1.0,1.0,,,
acrobot,0.0,0.0,trajectory,152,False,1.0,1.0,0.6652680652680653,,,
acrobot,0.0,0.0,trajectory,153,False,1.0,1.0,1.0,,,
acrobot,0.0,0.0,trajectory,154,False,1.0,1.0,1.0,,,
acrobot,0.0,0.0,trajectory,155,False,1.0,1.0,1.0,,,
acrobot,0.0,0.0,trajectory,156,False,1.0,1.0,1.0,,,
acrobot,0.0,0.0,trajectory,157,False,1.0,1.0,1.0,,,
acrobot,0.0,0.0,trajectory,158,False,1.0,1.0,0.21794871794871795,,,
acrobot,0.0,0.0,trajectory,159,False,1.0,1.0,0.3986013986013986,,,
acrobot,0.0,0.0,trajectory,160,False,1.0,1.0,1.0,,,
acrobot,0.0,0.0,trajectory,161,False,1.0,1.0,1.0,,,
acrobot,0.0,0.0,trajectory,162,False,1.0,1.0,1.0,,,
acrobot,0.0,0.0,trajectory,163,False,1.0,1.0,1.0,,,
acrobot,0.0,0.0,trajectory,164,False,1.0,1.0,1.0,,,
acrobot,0.0,0.0,trajectory,165,False,1.0,1.0,1.0,,,
acrobot,0.0,0.0,trajectory,166,False,1.0,1.0,1.0,,,
acrobot,0.0,0.0,trajectory,167,False,1.0,1.0,1.0,,,
acrobot,0.0,0.0,trajectory,168,False,1.0,1.0,0.11561771561771561,,,
acrobot,0.0,0.0,trajectory,169,False,1.0,1.0,1.0,,,
acrobot,0.0,0.0,trajectory,170,False,1.0,1.0,0.062470862470862476,,,
acrobot,0.0,0.0,trajectory,171,False,1.0,1.0,1.0,,,
acrobot,0.0,0.0,trajectory,172,False,1.0,1.0,1.0,,,
acrobot,0.0,0.0,trajectory,173,False,1.0,1.0,1.0,,,
acrobot,0.0,0.0,trajectory,174,False,1.0,1.0,0.9522144522144522,,,
acrobot,0.0,0.0,trajectory,175,False,1.0,1.0,1.0,,,
acrobot,0.0,0.0,trajectory,176,False,1.0,1.0,1.0,,,
acrobot,0.0,0.0,trajectory,177,False,1.0,1.0,0.6515151515151516,,,
acrobot,0.0,0.0,trajectory,178,False,1.0,1.0,1.0,,,
acrobot,0.0,0.0,trajectory,179,False,1.0,1.0,1.0,,,
acrobot,0.0,0.0,trajectory,180,False,1.0,1.0,1.0,,,
acrobot,0.0,0.0,trajectory,181,False,1.0,1.0,1.0,,,
acrobot,0.0,0.0,trajectory,182,False,1.0,1.0,1.0,,,
acrobot,0.0,0.0,trajectory,183,False,1.0,1.0,1.0,,,
acrobot,0.0,0.0,trajectory,184,False,1.0,1.0,1.0,,,
acrobot,0.0,0.0,trajectory,185,False,1.0,1.0,1.0,,,
acrobot,0.0,0.0,trajectory,186,False,1.0,1.0,0.6731934731934732,,,
acrobot,0.0,0.0,trajectory,187,False,1.0,1.0,1.0,,,
acrobot,0.0,0.0,trajectory,188,False,1.0,1.0,1.0,,,
acrobot,0.0,0.0,trajectory,189,False,1.0,1.0,0.7034965034965035,,,
acrobot,0.0,0.0,trajectory,190,False,1.0,1.0,1.0,,,
acrobot,0.0,0.0,trajectory,191,False,1.0,1.0,1.0,,,
acrobot,0.0,0.0,trajectory,192,False,1.0,1.0,1.0,,,
acrobot,0.0,0.0,trajectory,193,False,1.0,1.0,1.0,,,
acrobot,0.0,0.0,trajectory,194,False,1.0,1.0,1.0,,,
acrobot,0.0,0.0,trajectory,195,False,1.0,1.0,1.0,,,
acrobot,0.0,0.0,trajectory,196,False,1.0,1.0,1.0,,,
acrobot,0.0,0.0,trajectory,197,False,1.0,1.0,1.0,,,
acrobot,0.0,0.0,trajectory,198,False,1.0,1.0,1.0,,,
acrobot,0.0,0.0,trajectory,199,False,1.0,1.0,1.0,,,
acrobot,0.0,0.0,trajectory,200,False,1.0,1.0,1.0,,,
acrobot,0.0,0.0,trajectory,201,False,1.0,1.0,1.0,,,
acrobot,0.0,0.0,trajectory,202,False,1.0,1.0,1.0,,,
acrobot,0.0,0.0,trajectory,203,False,1.0,1.0,1.0,,,
acrobot,0.0,0.0,trajectory,204,False,1.0,1.0,1.0,,,
acrobot,0.0,0.0,trajectory,205,False,1.0,1.0,0.3242424242424242,,,
acrobot,0.0,0.0,trajectory,206,False,1.0,1.0,1.0,,,
acrobot,0.0,0.0,trajectory,207,False,1.0,1.0,1.0,,,
acrobot,0.0,0.0,trajectory,208,False,1.0,1.0,1.0,,,
acrobot,0.0,0.0,trajectory,209,False,1.0,1.0,1.0,,,
acrobot,0.0,0.0,trajectory,210,False,1.0,1.0,1.0,,,
acrobot,0.0,0.0,trajectory,211,False,1.0,1.0,1.0,,,
acrobot,0.0,0.0,trajectory,212,False,1.0,1.0,1.0,,,
acrobot,0.0,0.0,trajectory,213,False,1.0,1.0,1.0,,,
acrobot,0.0,0.0,trajectory,214,False,1.0,1.0,1.0,,,
acrobot,0.0,0.0,trajectory,215,False,1.0,1.0,1.0,,,
acrobot,0.0,0.0,trajectory,216,False,1.0,1.0,1.0,,,
acrobot,0.0,0.0,trajectory,217,False,1.0,1.0,1.0,,,
acrobot,0.0,0.0,trajectory,218,False,1.0,1.0,1.0,,,
acrobot,0.0,0.0,trajectory,219,False,1.0,1.0,1.0,,,
acrobot,0.0,0.0,trajectory,220,False,1.0,1.0,1.0,,,
acrobot,0.0,0.0,trajectory,221,False,1.0,1.0,0.17552447552447553,,,
acrobot,0.0,0.0,trajectory,222,False,1.0,1.0,1.0,,,
acrobot,0.0,0.0,trajectory,223,False,1.0,1.0,1.0,,,
acrobot,0.0,0.0,trajectory,224,False,1.0,1.0,0.6708624708624709,,,
acrobot,0.0,0.0,trajectory,225,False,1.0,1.0,1.0,,,
acrobot,0.0,0.0,trajectory,226,False,1.0,1.0,0.9916083916083915,,,
acrobot,0.0,0.0,trajectory,227,False,1.0,1.0,1.0,,,
acrobot,0.0,0.0,trajectory,228,False,1.0,1.0,0.8678321678321679,,,
acrobot,0.0,0.0,trajectory,229,False,1.0,1.0,0.420979020979021,,,
acrobot,0.0,0.0,trajectory,230,False,1.0,1.0,0.7829836829836829,,,
acrobot,0.0,0.0,trajectory,231,False,1.0,1.0,1.0,,,
acrobot,0.0,0.0,trajectory,232,False,1.0,1.0,0.08414918414918415,,,
acrobot,0.0,0.0,trajectory,233,False,1.0,1.0,1.0,,,
acrobot,0.0,0.0,trajectory,234,False,1.0,1.0,1.0,,,
acrobot,0.0,0.0,trajectory,235,False,1.0,1.0,1.0,,,
acrobot,0.0,0.0,trajectory,236,False,1.0,1.0,1.0,,,
acrobot,0.0,0.0,trajectory,237,False,1.0,1.0,1.0,,,
acrobot,0.0,0.0,trajectory,238,False,1.0,1.0,1.0,,,
acrobot,0.0,0.0,trajectory,239,False,1.0,1.0,1.0,,,
acrobot,0.0,0.0,trajectory,240,False,1.0,1.0,1.0,,,
acrobot,0.0,0.0,trajectory,241,False,1.0,1.0,1.0,,,
acrobot,0.0,0.0,trajectory,242,False,1.0,1.0,1.0,,,
acrobot,0.0,0.0,trajectory,243,False,1.0,1.0,1.0,,,
acrobot,0.0,0.0,trajectory,244,False,1.0,1.0,0.5524475524475525,,,
acrobot,0.0,0.0,trajectory,245,False,1.0,1.0,1.0,,,
acrobot,0.0,0.0,trajectory,246,False,1.0,1.0,0.8151515151515151,,,
acrobot,0.0,0.0,trajectory,247,False,1.0,1.0,0.3941724941724941,,,
acrobot,0.0,0.0,trajectory,248,False,1.0,1.0,0.5025641025641026,,,
acrobot,0.0,0.0,trajectory,249,False,1.0,1.0,1.0,,,
acrobot,0.0,0.0,trajectory,250,False,1.0,1.0,1.0,,,
acrobot,0.0,0.0,trajectory,251,False,1.0,1.0,1.0,,,
acrobot,0.0,0.0,trajectory,252,False,1.0,1.0,0.9256410256410257,,,
acrobot,0.0,0.0,trajectory,253,False,1.0,1.0,1.0,,,
acrobot,0.0,0.0,trajectory,254,False,1.0,1.0,0.9648018648018648,,,
acrobot,0.0,0.0,trajectory,255,False,1.0,1.0,1.0,,,
acrobot,0.0,0.0,trajectory,256,False,1.0,1.0,1.0,,,
acrobot,0.0,0.0,trajectory,257,False,1.0,1.0,0.6703962703962705,,,
acrobot,0.0,0.0,trajectory,258,False,1.0,1.0,1.0,,,
acrobot,0.0,0.0,trajectory,259,False,1.0,1.0,0.013053613053613054,,,
acrobot,0.0,0.0,trajectory,260,False,1.0,1.0,1.0,,,
acrobot,0.0,0.0,trajectory,261,False,1.0,1.0,1.0,,,
acrobot,0.0,0.0,trajectory,262,False,1.0,1.0,1.0,,,
acrobot,0.0,0.0,trajectory,263,False,1.0,1.0,0.2918414918414919,,,
acrobot,0.0,0.0,trajectory,264,False,1.0,1.0,1.0,,,
acrobot,0.0,0.0,trajectory,265,False,1.0,1.0,0.6932400932400933,,,
acrobot,0.0,0.0,trajectory,266,False,1.0,1.0,0.2118881118881119,,,
acrobot,0.0,0.0,trajectory,267,False,1.0,1.0,1.0,,,
acrobot,0.0,0.0,trajectory,268,False,1.0,1.0,1.0,,,
acrobot,0.0,0.0,trajectory,269,False,1.0,1.0,1.0,,,
acrobot,0.0,0.0,trajectory,270,False,1.0,1.0,1.0,,,
acrobot,0.0,0.0,trajectory,271,False,1.0,1.0,0.038461538461538464,,,
acrobot,0.0,0.0,trajectory,272,False,1.0,1.0,1.0,,,
acrobot,0.0,0.0,trajectory,273,False,1.0,1.0,1.0,,,
acrobot,0.0,0.0,trajectory,274,False,1.0,1.0,0.7587412587412588,,,
acrobot,0.0,0.0,trajectory,275,False,1.0,1.0,0.8804195804195803,,,
acrobot,0.0,0.0,trajectory,276,False,1.0,1.0,1.0,,,
acrobot,0.0,0.0,trajectory,277,False,1.0,1.0,1.0,,,
acrobot,0.0,0.0,trajectory,278,False,1.0,1.0,1.0,,,
acrobot,0.0,0.0,trajectory,279,False,1.0,1.0,1.0,,,
acrobot,0.0,0.0,trajectory,280,False,1.0,1.0,1.0,,,
acrobot,0.0,0.0,trajectory,281,False,1.0,1.0,1.0,,,
acrobot,0.0,0.0,trajectory,282,False,1.0,1.0,1.0,,,
acrobot,0.0,0.0,trajectory,283,False,1.0,1.0,1.0,,,
acrobot,0.0,0.0,trajectory,284,False,1.0,1.0,1.0,,,
acrobot,0.0,0.0,trajectory,285,False,1.0,1.0,1.0,,,
acrobot,0.0,0.0,trajectory,286,False,1.0,1.0,0.424009324009324,,,
acrobot,0.0,0.0,trajectory,287,False,1.0,1.0,0.18181818181818182,,,
acrobot,0.0,0.0,trajectory,288,False,1.0,1.0,0.35687645687645686,,,
acrobot,0.0,0.0,trajectory,289,False,1.0,1.0,0.703962703962704,,,
acrobot,0.0,0.0,trajectory,290,False,1.0,1.0,0.770862470862471,,,
acrobot,0.0,0.0,trajectory,291,False,1.0,1.0,1.0,,,
acrobot,0.0,0.0,trajectory,292,False,1.0,1.0,1.0,,,
acrobot,0.0,0.0,trajectory,293,False,1.0,1.0,0.5815850815850816,,,
acrobot,0.0,0.0,trajectory,294,False,1.0,1.0,1.0,,,
acrobot,0.0,0.0,trajectory,295,False,1.0,1.0,1.0,,,
acrobot,0.0,0.0,trajectory,296,False,1.0,1.0,0.5818181818181818,,,
acrobot,0.0,0.0,trajectory,297,False,1.0,1.0,1.0,,,
acrobot,0.0,0.0,trajectory,298,False,1.0,1.0,1.0,,,
acrobot,0.0,0.0,trajectory,299,False,1.0,1.0,0.2510489510489511,,,
acrobot,0.0,0.0,trajectory,300,False,1.0,1.0,1.0,,,
acrobot,0.0,0.0,trajectory,301,False,1.0,1.0,1.0,,,
acrobot,0.0,0.0,trajectory,302,False,1.0,1.0,1.0,,,
acrobot,0.0,0.0,trajectory,303,False,1.0,1.0,1.0,,,
acrobot,0.0,0.0,trajectory,304,False,1.0,1.0,0.036596736596736595,,,
acrobot,0.0,0.0,trajectory,305,False,1.0,1.0,1.0,,,
acrobot,0.0,0.0,trajectory,306,False,1.0,1.0,1.0,,,
acrobot,0.0,0.0,trajectory,307,False,1.0,1.0,0.7074592074592074,,,
acrobot,0.0,0.0,trajectory,308,False,1.0,1.0,1.0,,,
acrobot,0.0,0.0,trajectory,309,False,1.0,1.0,1.0,,,
acrobot,0.0,0.0,trajectory,310,False,1.0,1.0,1.0,,,
acrobot,0.0,0.0,trajectory,311,False,1.0,1.0,1.0,,,
acrobot,0.0,0.0,trajectory,312,False,1.0,1.0,1.0,,,
acrobot,0.0,0.0,trajectory,313,False,1.0,1.0,1.0,,,
acrobot,0.0,0.0,trajectory,314,False,1.0,1.0,1.0,,,
acrobot,0.0,0.0,trajectory,315,False,1.0,1.0,1.0,,,
acrobot,0.0,0.0,trajectory,316,False,1.0,1.0,1.0,,,
acrobot,0.0,0.0,trajectory,317,False,1.0,1.0,1.0,,,
acrobot,0.0,0.0,trajectory,318,False,1.0,1.0,0.6606060606060606,,,
acrobot,0.0,0.0,trajectory,319,False,1.0,1.0,0.8265734265734266,,,
acrobot,0.0,0.0,trajectory,320,False,1.0,1.0,1.0,,,
acrobot,0.0,0.0,trajectory,321,False,1.0,1.0,0.1233100233100233,,,
acrobot,0.0,0.0,trajectory,322,False,1.0,1.0,1.0,,,
acrobot,0.0,0.0,trajectory,323,False,1.0,1.0,1.0,,,
acrobot,0.0,0.0,trajectory,324,False,1.0,1.0,1.0,,,
acrobot,0.0,0.0,trajectory,325,False,1.0,1.0,0.5393939393939393,,,
acrobot,0.0,0.0,trajectory,326,False,1.0,1.0,1.0,,,
acrobot,0.0,0.0,trajectory,327,False,1.0,1.0,0.05314685314685315,,,
acrobot,0.0,0.0,trajectory,328,False,1.0,1.0,0.09673659673659674,,,
acrobot,0.0,0.0,trajectory,329,False,1.0,1.0,0.1976689976689977,,,
acrobot,0.0,0.0,trajectory,330,False,1.0,1.0,1.0,,,
acrobot,0.0,0.0,trajectory,331,False,1.0,1.0,1.0,,,
acrobot,0.0,0.0,trajectory,332,False,1.0,1.0,1.0,,,
acrobot,0.0,0.0,trajectory,333,False,1.0,1.0,1.0,,,
acrobot,0.0,0.0,trajectory,334,False,1.0,1.0,0.71002331002331,,,
acrobot,0.0,0.0,trajectory,335,False,1.0,1.0,1.0,,,
acrobot,0.0,0.0,trajectory,336,False,1.0,1.0,1.0,,,
acrobot,0.0,0.0,trajectory,337,False,1.0,1.0,1.0,,,
acrobot,0.0,0.0,trajectory,338,False,1.0,1.0,0.23076923076923078,,,
acrobot,0.0,0.0,trajectory,339,False,1.0,1.0,1.0,,,
acrobot,0.0,0.0,trajectory,340,False,1.0,1.0,1.0,,,
acrobot,0.0,0.0,trajectory,341,False,1.0,1.0,1.0,,,
acrobot,0.0,0.0,trajectory,342,False,1.0,1.0,1.0,,,
acrobot,0.0,0.0,trajectory,343,False,1.0,1.0,1.0,,,
acrobot,0.0,0.0,trajectory,344,False,1.0,1.0,0.9097902097902099,,,
acrobot,0.0,0.0,trajectory,345,False,1.0,1.0,0.46270396270396275,,,
acrobot,0.0,0.0,trajectory,346,False,1.0,1.0,1.0,,,
acrobot,0.0,0.0,trajectory,347,False,1.0,1.0,1.0,,,
acrobot,0.0,0.0,trajectory,348,False,1.0,1.0,1.0,,,
acrobot,0.0,0.0,trajectory,349,False,1.0,1.0,1.0,,,
acrobot,0.0,0.0,trajectory,350,False,1.0,1.0,1.0,,,
acrobot,0.0,0.0,trajectory,351,False,1.0,1.0,1.0,,,
acrobot,0.0,0.0,trajectory,352,False,1.0,1.0,1.0,,,
acrobot,0.0,0.0,trajectory,353,False,1.0,1.0,1.0,,,
acrobot,0.0,0.0,trajectory,354,False,1.0,1.0,0.4524475524475524,,,
acrobot,0.0,0.0,trajectory,355,False,1.0,1.0,1.0,,,
acrobot,0.0,0.0,trajectory,356,False,1.0,1.0,1.0,,,
acrobot,0.0,0.0,trajectory,357,False,1.0,1.0,1.0,,,
acrobot,0.0,0.0,trajectory,358,False,1.0,1.0,1.0,,,
acrobot,0.0,0.0,trajectory,359,False,1.0,1.0,0.24172494172494174,,,
acrobot,0.0,0.0,trajectory,360,False,1.0,1.0,1.0,,,
acrobot,0.0,0.0,trajectory,361,False,1.0,1.0,1.0,,,
acrobot,0.0,0.0,trajectory,362,False,1.0,1.0,1.0,,,
acrobot,0.0,0.0,trajectory,363,False,1.0,1.0,1.0,,,
acrobot,0.0,0.0,trajectory,364,False,1.0,1.0,0.3822843822843823,,,
acrobot,0.0,0.0,trajectory,365,False,1.0,1.0,1.0,,,
acrobot,0.0,0.0,trajectory,366,False,1.0,1.0,1.0,,,
acrobot,0.0,0.0,trajectory,367,False,1.0,1.0,1.0,,,
acrobot,0.0,0.0,trajectory,368,False,1.0,1.0,1.0,,,
acrobot,0.0,0.0,trajectory,369,False,1.0,1.0,1.0,,,
acrobot,0.0,0.0,trajectory,370,False,1.0,1.0,0.3368298368298368,,,
acrobot,0.0,0.0,trajectory,371,False,1.0,1.0,1.0,,,
acrobot,0.0,0.0,trajectory,372,False,1.0,1.0,0.5379953379953379,,,
acrobot,0.0,0.0,trajectory,373,False,1.0,1.0,1.0,,,
acrobot,0.0,0.0,trajectory,374,False,1.0,1.0,0.16596736596736597,,,
acrobot,0.0,0.0,trajectory,375,False,1.0,1.0,1.0,,,
acrobot,0.0,0.0,trajectory,376,False,1.0,1.0,0.1867132867132867,,,
acrobot,0.0,0.0,trajectory,377,False,1.0,1.0,1.0,,,
acrobot,0.0,0.0,trajectory,378,False,1.0,1.0,0.11328671328671329,,,
acrobot,0.0,0.0,trajectory,379,False,1.0,1.0,0.7244755244755245,,,
acrobot,0.0,0.0,trajectory,380,False,1.0,1.0,0.7515151515151515,,,
acrobot,0.0,0.0,trajectory,381,False,1.0,1.0,1.0,,,
acrobot,0.0,0.0,trajectory,382,False,1.0,1.0,1.0,,,
acrobot,0.0,0.0,trajectory,383,False,1.0,1.0,1.0,,,
acrobot,0.0,0.0,trajectory,384,False,1.0,1.0,1.0,,,
acrobot,0.0,0.0,trajectory,385,False,1.0,1.0,0.6958041958041958,,,
acrobot,0.0,0.0,trajectory,386,False,1.0,1.0,0.8981351981351982,,,
acrobot,0.0,0.0,trajectory,387,False,1.0,1.0,1.0,,,
acrobot,0.0,0.0,trajectory,388,False,1.0,1.0,1.0,,,
acrobot,0.0,0.0,trajectory,389,False,1.0,1.0,1.0,,,
acrobot,0.0,0.0,trajectory,390,False,1.0,1.0,1.0,,,
acrobot,0.0,0.0,trajectory,391,False,1.0,1.0,1.0,,,
acrobot,0.0,0.0,trajectory,392,False,1.0,1.0,1.0,,,
acrobot,0.0,0.0,trajectory,393,False,1.0,1.0,0.34568764568764565,,,
acrobot,0.0,0.0,trajectory,394,False,1.0,1.0,1.0,,,
acrobot,0.0,0.0,trajectory,395,False,1.0,1.0,0.031235431235431238,,,
acrobot,0.0,0.0,trajectory,396,False,1.0,1.0,1.0,,,
acrobot,0.0,0.0,trajectory,397,False,1.0,1.0,0.9333333333333333,,,
acrobot,0.0,0.0,trajectory,398,False,1.0,1.0,0.1219114219114219,,,
acrobot,0.0,0.0,trajectory,399,False,1.0,1.0,0.4913752913752914,,,
acrobot,0.0,0.0,trajectory,400,False,1.0,1.0,0.6981351981351981,,,
acrobot,0.0,0.0,trajectory,401,False,1.0,1.0,1.0,,,
acrobot,0.0,0.0,trajectory,402,False,1.0,1.0,1.0,,,
acrobot,0.0,0.0,trajectory,403,False,1.0,1.0,1.0,,,
acrobot,0.0,0.0,trajectory,404,False,1.0,1.0,0.24405594405594405,,,
acrobot,0.0,0.0,trajectory,405,False,1.0,1.0,1.0,,,
acrobot,0.0,0.0,trajectory,406,False,1.0,1.0,1.0,,,
acrobot,0.0,0.0,trajectory,407,False,1.0,1.0,1.0,,,
acrobot,0.0,0.0,trajectory,408,False,1.0,1.0,1.0,,,
acrobot,0.0,0.0,trajectory,409,False,1.0,1.0,1.0,,,
acrobot,0.0,0.0,trajectory,410,False,1.0,1.0,1.0,,,
acrobot,0.0,0.0,trajectory,411,False,1.0,1.0,1.0,,,
acrobot,0.0,0.0,trajectory,412,False,1.0,1.0,0.5874125874125874,,,
acrobot,0.0,0.0,trajectory,413,False,1.0,1.0,1.0,,,
acrobot,0.0,0.0,trajectory,414,False,1.0,1.0,1.0,,,
acrobot,0.0,0.0,trajectory,415,False,1.0,1.0,0.9037296037296038,,,
acrobot,0.0,0.0,trajectory,416,False,1.0,1.0,1.0,,,
acrobot,0.0,0.0,trajectory,417,False,1.0,1.0,1.0,,,
acrobot,0.0,0.0,trajectory,418,False,1.0,1.0,1.0,,,
acrobot,0.0,0.0,trajectory,419,False,1.0,1.0,0.7177156177156178,,,
acrobot,0.0,0.0,trajectory,420,False,1.0,1.0,0.6207459207459207,,,
acrobot,0.0,0.0,trajectory,421,False,1.0,1.0,1.0,,,
acrobot,0.0,0.0,trajectory,422,False,1.0,1.0,1.0,,,
acrobot,0.0,0.0,trajectory,423,False,1.0,1.0,1.0,,,
acrobot,0.0,0.0,trajectory,424,False,1.0,1.0,1.0,,,
acrobot,0.0,0.0,trajectory,425,False,1.0,1.0,0.13006993006993006,,,
acrobot,0.0,0.0,trajectory,426,False,1.0,1.0,0.36526806526806527,,,
acrobot,0.0,0.0,trajectory,427,False,1.0,1.0,1.0,,,
acrobot,0.0,0.0,trajectory,428,False,1.0,1.0,1.0,,,
acrobot,0.0,0.0,trajectory,429,False,1.0,1.0,1.0,,,
acrobot,0.0,0.0,trajectory,430,False,1.0,1.0,1.0,,,
acrobot,0.0,0.0,trajectory,431,False,1.0,1.0,1.0,,,
acrobot,0.0,0.0,trajectory,432,False,1.0,1.0,1.0,,,
acrobot,0.0,0.0,trajectory,433,False,1.0,1.0,1.0,,,
acrobot,0.0,0.0,trajectory,434,False,1.0,1.0,0.9463869463869463,,,
acrobot,0.0,0.0,trajectory,435,False,1.0,1.0,1.0,,,
acrobot,0.0,0.0,trajectory,436,False,1.0,1.0,1.0,,,
acrobot,0.0,0.0,trajectory,437,False,1.0,1.0,1.0,,,
acrobot,0.0,0.0,trajectory,438,False,1.0,1.0,1.0,,,
acrobot,0.0,0.0,trajectory,439,False,1.0,1.0,1.0,,,
acrobot,0.0,0.0,trajectory,440,False,1.0,1.0,0.4505827505827506,,,
acrobot,0.0,0.0,trajectory,441,False,1.0,1.0,1.0,,,
acrobot,0.0,0.0,trajectory,442,False,1.0,1.0,1.0,,,
acrobot,0.0,0.0,trajectory,443,False,1.0,1.0,1.0,,,
acrobot,0.0,0.0,trajectory,444,False,1.0,1.0,1.0,,,
acrobot,0.0,0.0,trajectory,445,False,1.0,1.0,0.06456876456876456,,,
acrobot,0.0,0.0,trajectory,446,False,1.0,1.0,1.0,,,
acrobot,0.0,0.0,trajectory,447,False,1.0,1.0,0.45734265734265733,,,
acrobot,0.0,0.0,trajectory,448,False,1.0,1.0,1.0,,,
acrobot,0.0,0.0,trajectory,449,False,1.0,1.0,0.4547785547785548,,,
acrobot,0.0,0.0,trajectory,450,False,1.0,1.0,0.7582750582750581,,,
acrobot,0.0,0.0,trajectory,451,False,1.0,1.0,1.0,,,
acrobot,0.0,0.0,trajectory,452,False,1.0,1.0,0.12167832167832168,,,
acrobot,0.0,0.0,trajectory,453,False,1.0,1.0,0.5818181818181818,,,
acrobot,0.0,0.0,trajectory,454,False,1.0,1.0,1.0,,,
acrobot,0.0,0.0,trajectory,455,True,1.0,1.0,0.0048951048951048955,,,
acrobot,0.0,0.0,trajectory,456,False,1.0,1.0,0.16247086247086248,,,
acrobot,0.0,0.0,trajectory,457,False,1.0,1.0,1.0,,,
acrobot,0.0,0.0,trajectory,458,False,1.0,1.0,0.8431235431235431,,,
acrobot,0.0,0.0,trajectory,459,False,1.0,1.0,1.0,,,
acrobot,0.0,0.0,trajectory,460,False,1.0,1.0,0.6303030303030303,,,
acrobot,0.0,0.0,trajectory,461,False,1.0,1.0,1.0,,,
acrobot,0.0,0.0,trajectory,462,False,1.0,1.0,1.0,,,
acrobot,0.0,0.0,trajectory,463,False,1.0,1.0,1.0,,,
acrobot,0.0,0.0,trajectory,464,False,1.0,1.0,1.0,,,
acrobot,0.0,0.0,trajectory,465,False,1.0,1.0,1.0,,,
acrobot,0.0,0.0,trajectory,466,False,1.0,1.0,1.0,,,
acrobot,0.0,0.0,trajectory,467,False,1.0,1.0,1.0,,,
acrobot,0.0,0.0,trajectory,468,False,1.0,1.0,0.4233100233100233,,,
acrobot,0.0,0.0,trajectory,469,False,1.0,1.0,0.4811188811188811,,,
acrobot,0.0,0.0,trajectory,470,False,1.0,1.0,1.0,,,
acrobot,0.0,0.0,trajectory,471,False,1.0,1.0,0.20839160839160842,,,
acrobot,0.0,0.0,trajectory,472,False,1.0,1.0,0.1407925407925408,,,
acrobot,0.0,0.0,trajectory,473,False,1.0,1.0,1.0,,,
acrobot,0.0,0.0,trajectory,474,False,1.0,1.0,0.43216783216783217,,,
acrobot,0.0,0.0,trajectory,475,False,1.0,1.0,0.9808857808857808,,,
acrobot,0.0,0.0,trajectory,476,False,1.0,1.0,1.0,,,
acrobot,0.0,0.0,trajectory,477,False,1.0,1.0,0.7722610722610722,,,
acrobot,0.0,0.0,trajectory,478,False,1.0,1.0,1.0,,,
acrobot,0.0,0.0,trajectory,479,False,1.0,1.0,1.0,,,
acrobot,0.0,0.0,trajectory,480,False,1.0,1.0,1.0,,,
acrobot,0.0,0.0,trajectory,481,False,1.0,1.0,1.0,,,
acrobot,0.0,0.0,trajectory,482,False,1.0,1.0,1.0,,,
acrobot,0.0,0.0,trajectory,483,False,1.0,1.0,0.4871794871794872,,,
acrobot,0.0,0.0,trajectory,484,False,1.0,1.0,0.9843822843822844,,,
acrobot,0.0,0.0,trajectory,485,False,1.0,1.0,1.0,,,
acrobot,0.0,0.0,trajectory,486,False,1.0,1.0,0.7503496503496503,,,
acrobot,0.0,0.0,trajectory,487,False,1.0,1.0,1.0,,,
acrobot,0.0,0.0,trajectory,488,False,1.0,1.0,0.6496503496503496,,,
acrobot,0.0,0.0,trajectory,489,False,1.0,1.0,1.0,,,
acrobot,0.0,0.0,trajectory,490,False,1.0,1.0,1.0,,,
acrobot,0.0,0.0,trajectory,491,False,1.0,1.0,1.0,,,
acrobot,0.0,0.0,trajectory,492,False,1.0,1.0,1.0,,,
acrobot,0.0,0.0,trajectory,493,False,1.0,1.0,0.3226107226107226,,,
acrobot,0.0,0.0,trajectory,494,False,1.0,1.0,1.0,,,
acrobot,0.0,0.0,trajectory,495,False,1.0,1.0,1.0,,,
acrobot,0.0,0.0,trajectory,496,False,1.0,1.0,1.0,,,
acrobot,0.0,0.0,trajectory,497,False,1.0,1.0,0.2846153846153846,,,
acrobot,0.0,0.0,trajectory,498,False,1.0,1.0,1.0,,,
acrobot,0.0,0.0,trajectory,499,False,1.0,1.0,1.0,,,
acrobot,0.001,1e-08,block,0,False,0.08100747825635018,1.0,1.0,,,
acrobot,0.001,1e-08,block,1,False,1.0,1.0,1.0,,,
acrobot,0.001,1e-08,block,2,False,0.47573135566456953,1.0,1.0,,,
acrobot,0.001,1e-08,block,3,False,0.772359662152843,1.0,0.29960972063776153,,,
acrobot,0.001,1e-08,block,4,False,1.0,1.0,1.0,,,
acrobot,0.001,1e-08,block,5,False,1.0,1.0,0.28572658573413684,,,
acrobot,0.001,1e-08,block,6,False,1.0,1.0,1.0,,,
acrobot,0.001,1e-08,block,7,False,1.0,1.0,1.0,,,
acrobot,0.001,1e-08,block,8,False,0.879868939422959,0.5365472533335345,1.0,,,
acrobot,0.001,1e-08,block,9,False,1.0,1.0,1.0,,,
acrobot,0.001,1e-08,block,10,False,1.0,1.0,0.39332495228048814,,,
acrobot,0.001,1e-08,block,11,False,0.7338785549982524,1.0,0.2926077714882267,,,
acrobot,0.001,1e-08,block,12,False,0.5687127634704081,1.0,1.0,,,
acrobot,0.001,1e-08,block,13,False,1.0,0.8252520527076169,1.0,,,
acrobot,0.001,1e-08,block,14,False,0.6601171396509709,0.772359662152843,1.0,,,
acrobot,0.001,1e-08,block,15,False,1.0,1.0,1.0,,,
acrobot,0.001,1e-08,block,16,False,1.0,0.6601171396509709,0.8937804515408361,,,
acrobot,0.001,1e-08,block,17,False,1.0,0.17195506651594172,0.13411025834188464,,,
acrobot,0.001,1e-08,block,18,False,0.7212848262497709,1.0,0.09158435797365085,,,
acrobot,0.001,1e-08,block,19,False,1.0,1.0,1.0,,,
acrobot,0.001,1e-08,block,20,False,1.0,1.0,1.0,,,
acrobot,0.001,1e-08,block,21,False,1.0,1.0,0.7338785549982524,,,
acrobot,0.001,1e-08,block,22,False,1.0,1.0,1.0,,,
acrobot,0.001,1e-08,block,23,False,1.0,0.031938787835077476,1.0,,,
acrobot,0.001,1e-08,block,24,False,0.5687127634704081,0.229079020484724,1.0,,,
acrobot,0.001,1e-08,block,25,False,0.7465897574561193,0.20683258852868036,1.0,,,
acrobot,0.001,1e-08,block,26,False,0.7985841665571833,0.42864710751808144,1.0,,,
acrobot,0.001,1e-08,block,27,False,0.10957335175386179,1.0,0.7854157708319334,,,
acrobot,0.001,1e-08,block,28,False,0.9361041355301468,1.0,1.0,,,
acrobot,0.001,1e-08,block,29,False,0.41072656095055604,1.0,0.4565054969269991,,,
acrobot,0.001,1e-08,block,30,False,0.09158435797365085,1.0,0.5796929415731504,,,
acrobot,0.001,1e-08,block,31,False,0.09158435797365085,1.0,0.2789652996292276,,,
acrobot,0.001,1e-08,block,32,False,0.6482508132675584,1.0,1.0,,,
acrobot,0.001,1e-08,block,33,False,0.34420207223436117,0.0835511627779364,1.0,,,
acrobot,0.001,1e-08,block,34,False,1.0,1.0,1.0,,,
acrobot,0.001,1e-08,block,35,False,1.0,0.1063887099475759,0.13411025834188464,,,
acrobot,0.001,1e-08,block,36,False,1.0,1.0,1.0,,,
acrobot,0.001,1e-08,block,37,False,1.0,1.0,1.0,,,
acrobot,0.001,1e-08,block,38,False,0.11617665758244117,0.24086372453757687,0.9938388491283483,,,
acrobot,0.001,1e-08,block,39,False,1.0,0.03676413718741096,0.8660586332951499,,,
acrobot,0.001,1e-08,block,40,False,0.02767467148962666,1.0,0.01299701737567707,,,
acrobot,0.001,1e-08,block,41,False,1.0,1.0,1.0,,,
acrobot,0.001,1e-08,block,42,False,1.0,0.8937804515408361,0.0835511627779364,,,
acrobot,0.001,1e-08,block,43,False,1.0,1.0,1.0,,,
acrobot,0.001,1e-08,block,44,True,1.0,0.007675808125015128,1.0,,,
acrobot,0.001,1e-08,block,45,False,1.0,0.39332495228048814,0.30673326816560137,,,
acrobot,0.001,1e-08,block,46,False,1.0,1.0,1.0,,,
acrobot,0.001,1e-08,block,47,False,1.0,0.7338785549982524,0.13411025834188464,,,
acrobot,0.001,1e-08,block,48,False,0.04518266677945063,1.0,0.328841399322342,,,
acrobot,0.001,1e-08,block,49,False,1.0,0.2789652996292276,1.0,,,
acrobot,0.001,1e-08,block,50,False,1.0,1.0,1.0,,,
acrobot,0.001,1e-08,block,51,False,0.13411025834188464,0.772359662152843,0.7338785549982524,,,
acrobot,0.001,1e-08,block,52,False,1.0,1.0,0.01705977708238298,,,
acrobot,0.001,1e-08,block,53,False,0.9647919518630604,1.0,0.4019610517771268,,,
acrobot,0.001,1e-08,block,54,False,1.0,1.0,1.0,,,
acrobot,0.001,1e-08,block,55,False,1.0,1.0,1.0,,,
acrobot,0.001,1e-08,block,56,False,0.44708876409667914,1.0,1.0,,,
acrobot,0.001,1e-08,block,57,False,1.0,1.0,0.24086372453757687,,,
acrobot,0.001,1e-08,block,58,False,1.0,0.9647919518630604,0.9504021423127594,,,
acrobot,0.001,1e-08,block,59,True,0.5687127634704081,1.0,0.0032313173096244043,,,
acrobot,0.001,1e-08,block,60,False,1.0,1.0,1.0,,,
acrobot,0.001,1e-08,block,61,False,1.0,0.15420917121249997,1.0,,,
acrobot,0.001,1e-08,block,62,False,0.25310092399018064,1.0,1.0,,,
acrobot,0.001,1e-08,block,63,False,1.0,1.0,1.0,,,
acrobot,0.001,1e-08,block,64,False,1.0,1.0,1.0,,,
acrobot,0.001,1e-08,block,65,True,0.526084987282804,1.0,0.005962772253897059,,,
acrobot,0.001,1e-08,block,66,False,1.0,0.029740064526326604,0.16737462269358203,,,
acrobot,0.001,1e-08,block,67,False,0.39332495228048814,1.0,1.0,,,
acrobot,0.001,1e-08,block,68,False,1.0,1.0,0.5908015471780221,,,
acrobot,0.001,1e-08,block,69,False,1.0,1.0,1.0,,,
acrobot,0.001,1e-08,block,70,False,1.0,1.0,1.0,,,
acrobot,0.001,1e-08,block,71,False,1.0,1.0,0.04078629657486471,,,
acrobot,0.001,1e-08,block,72,False,1.0,1.0,1.0,,,
acrobot,0.001,1e-08,block,73,False,0.8660586332951499,0.5055514910325458,1.0,,,
acrobot,0.001,1e-08,block,74,False,1.0,0.16289099695319942,0.18141138783730978,,,
acrobot,0.001,1e-08,block,75,False,1.0,1.0,1.0,,,
acrobot,0.001,1e-08,block,76,False,0.5365472533335345,1.0,1.0,,,
acrobot,0.001,1e-08,block,77,False,0.5796929415731504,0.2233536943355491,0.34420207223436117,,,
acrobot,0.001,1e-08,block,78,False,1.0,1.0,0.6365089800140822,,,
acrobot,0.001,1e-08,block,79,False,1.0,1.0,0.7985841665571833,,,
acrobot,0.001,1e-08,block,80,False,0.3213483487298871,0.0380648996836357,1.0,,,
acrobot,0.001,1e-08,block,81,False,1.0,1.0,1.0,,,
acrobot,0.001,1e-08,block,82,False,1.0,0.9077913851166579,1.0,,,
acrobot,0.001,1e-08,block,83,False,1.0,0.3520710139700063,0.25310092399018064,,,
acrobot,0.001,1e-08,block,84,False,1.0,1.0,1.0,,,
acrobot,0.001,1e-08,block,85,False,0.23491533749977817,1.0,0.5055514910325458,,,
acrobot,0.001,1e-08,block,86,False,1.0,1.0,1.0,,,
acrobot,0.001,1e-08,block,87,False,1.0,0.4954806458083422,1.0,,,
acrobot,0.001,1e-08,block,88,False,1.0,1.0,0.20154006627467888,,,
acrobot,0.001,1e-08,block,89,False,1.0,1.0,1.0,,,
acrobot,0.001,1e-08,block,90,False,1.0,1.0,0.47573135566456953,,,
acrobot,0.001,1e-08,block,91,False,1.0,0.2926077714882267,0.11959789877412955,,,
acrobot,0.001,1e-08,block,92,False,1.0,0.9361041355301468,1.0,,,
acrobot,0.001,1e-08,block,93,False,1.0,0.9504021423127594,1.0,,,
acrobot,0.001,1e-08,block,94,False,1.0,1.0,1.0,,,
acrobot,0.001,1e-08,block,95,False,1.0,1.0,1.0,,,
acrobot,0.001,1e-08,block,96,False,1.0,1.0,0.6134018931308428,,,
acrobot,0.001,1e-08,block,97,False,1.0,1.0,1.0,,,
acrobot,0.001,1e-08,block,98,False,1.0,1.0,1.0,,,
acrobot,0.001,1e-08,block,99,False,0.672107117289352,0.1063887099475759,1.0,,,
acrobot,0.001,1e-08,block,100,False,1.0,0.9938388491283483,1.0,,,
acrobot,0.001,1e-08,block,101,False,1.0,0.9938388491283483,0.3764394349727303,,,
acrobot,0.001,1e-08,block,102,False,1.0,1.0,1.0,,,
acrobot,0.001,1e-08,block,103,False,1.0,0.5365472533335345,1.0,,,
acrobot,0.001,1e-08,block,104,False,0.9504021423127594,1.0,0.17195506651594172,,,
acrobot,0.001,1e-08,block,105,False,1.0,1.0,1.0,,,
acrobot,0.001,1e-08,block,106,False,1.0,0.7854157708319334,0.6365089800140822,,,
acrobot,0.001,1e-08,block,107,False,1.0,0.6365089800140822,1.0,,,
acrobot,0.001,1e-08,block,108,False,1.0,1.0,0.27232302162549693,,,
acrobot,0.001,1e-08,block,109,False,1.0,1.0,1.0,,,
acrobot,0.001,1e-08,block,110,False,1.0,1.0,0.18628973159586804,,,
acrobot,0.001,1e-08,block,111,False,0.8252520527076169,1.0,1.0,,,
acrobot,0.001,1e-08,block,112,False,1.0,1.0,1.0,,,
acrobot,0.001,1e-08,block,113,True,1.0,0.28572658573413684,0.0030890769921376694,,,
acrobot,0.001,1e-08,block,114,False,0.62489242828397,0.9504021423127594,0.9361041355301468,,,
acrobot,0.001,1e-08,block,115,False,1.0,1.0,1.0,,,
acrobot,0.001,1e-08,block,116,False,0.696454390834405,1.0,1.0,,,
acrobot,0.001,1e-08,block,117,True,1.0,0.006221691809685221,0.01108571743405162,,,
acrobot,0.001,1e-08,block,118,False,0.42864710751808144,1.0,1.0,,,
acrobot,0.001,1e-08,block,119,False,1.0,0.838748529874541,1.0,,,
acrobot,0.001,1e-08,block,120,False,1.0,0.48554057721882016,1.0,,,
acrobot,0.001,1e-08,block,121,False,0.21773826078198077,1.0,0.9938388491283483,,,
acrobot,0.001,1e-08,block,122,False,0.2926077714882267,1.0,1.0,,,
acrobot,0.001,1e-08,block,123,False,0.20154006627467888,1.0,1.0,,,
acrobot,0.001,1e-08,block,124,False,1.0,1.0,1.0,,,
acrobot,0.001,1e-08,block,125,False,0.28572658573413684,0.838748529874541,1.0,,,
acrobot,0.001,1e-08,block,126,False,0.8937804515408361,1.0,1.0,,,
acrobot,0.001,1e-08,block,127,False,0.47573135566456953,1.0,1.0,,,
acrobot,0.001,1e-08,block,128,False,1.0,1.0,1.0,,,
acrobot,0.001,1e-08,block,129,False,1.0,1.0,1.0,,,
acrobot,0.001,1e-08,block,130,False,1.0,1.0,1.0,,,
acrobot,0.001,1e-08,block,131,False,1.0,1.0,1.0,,,
acrobot,0.001,1e-08,block,132,False,1.0,0.7338785549982524,0.11617665758244117,,,
acrobot,0.001,1e-08,block,133,False,1.0,0.1963528713849631,1.0,,,
acrobot,0.001,1e-08,block,134,False,1.0,0.4954806458083422,0.014618414033056472,,,
acrobot,0.001,1e-08,block,135,False,0.8118634207598285,1.0,0.20154006627467888,,,
acrobot,0.001,1e-08,block,136,False,1.0,0.44708876409667914,0.18141138783730978,,,
acrobot,0.001,1e-08,block,137,False,1.0,1.0,1.0,,,
acrobot,0.001,1e-08,block,138,False,1.0,1.0,0.7465897574561193,,,
acrobot,0.001,1e-08,block,139,False,1.0,0.48554057721882016,1.0,,,
acrobot,0.001,1e-08,block,140,False,1.0,0.8660586332951499,0.15420917121249997,,,
acrobot,0.001,1e-08,block,141,False,1.0,0.8118634207598285,0.6365089800140822,,,
acrobot,0.001,1e-08,block,142,False,1.0,0.02140133455280908,1.0,,,
acrobot,0.001,1e-08,block,143,False,0.8937804515408361,1.0,1.0,,,
acrobot,0.001,1e-08,block,144,False,1.0,0.672107117289352,1.0,,,
acrobot,0.001,1e-08,block,145,False,0.24086372453757687,0.5796929415731504,1.0,,,
acrobot,0.001,1e-08,block,146,False,0.04673592035038431,0.5157529941043728,0.23491533749977817,,,
acrobot,0.001,1e-08,block,147,False,1.0,1.0,0.8523512683511143,,,
acrobot,0.001,1e-08,block,148,False,1.0,1.0,1.0,,,
acrobot,0.001,1e-08,block,149,False,0.7088097348324447,1.0,1.0,,,
acrobot,0.001,1e-08,block,150,False,1.0,1.0,1.0,,,
acrobot,0.001,1e-08,block,151,False,1.0,1.0,1.0,,,
acrobot,0.001,1e-08,block,152,False,0.19126982420576488,0.9218999068913776,1.0,,,
acrobot,0.001,1e-08,block,153,False,1.0,1.0,0.0380648996836357,,,
acrobot,0.001,1e-08,block,154,False,0.5796929415731504,1.0,1.0,,,
acrobot,0.001,1e-08,block,155,False,1.0,1.0,0.1063887099475759,,,
acrobot,0.001,1e-08,block,156,False,0.6601171396509709,1.0,1.0,,,
acrobot,0.001,1e-08,block,157,False,1.0,0.5365472533335345,1.0,,,
acrobot,0.001,1e-08,block,158,False,1.0,0.7594172165960001,1.0,,,
acrobot,0.001,1e-08,block,159,False,0.4196218151385362,1.0,1.0,,,
acrobot,0.001,1e-08,block,160,False,1.0,0.5157529941043728,0.01705977708238298,,,
acrobot,0.001,1e-08,block,161,False,1.0,1.0,1.0,,,
acrobot,0.001,1e-08,block,162,False,1.0,1.0,1.0,,,
acrobot,0.001,1e-08,block,163,False,1.0,1.0,1.0,,,
acrobot,0.001,1e-08,block,164,False,1.0,1.0,1.0,,,
acrobot,0.001,1e-08,block,165,False,0.4019610517771268,0.4378026883255754,1.0,,,
acrobot,0.001,1e-08,block,166,False,1.0,1.0,0.2789652996292276,,,
acrobot,0.001,1e-08,block,167,False,1.0,0.6482508132675584,1.0,,,
acrobot,0.001,1e-08,block,168,False,1.0,1.0,1.0,,,
acrobot,0.001,1e-08,block,169,False,1.0,1.0,0.3213483487298871,,,
acrobot,0.001,1e-08,block,170,False,1.0,1.0,1.0,,,
acrobot,0.001,1e-08,block,171,False,1.0,1.0,0.08616104305328703,,,
acrobot,0.001,1e-08,block,172,False,0.7338785549982524,1.0,0.328841399322342,,,
acrobot,0.001,1e-08,block,173,True,0.21773826078198077,1.0,0.0011544039746788442,,,
acrobot,0.001,1e-08,block,174,False,0.4019610517771268,1.0,1.0,,,
acrobot,0.001,1e-08,block,175,False,1.0,1.0,0.20683258852868036,,,
acrobot,0.001,1e-08,block,176,False,0.2789652996292276,0.2233536943355491,1.0,,,
acrobot,0.001,1e-08,block,177,False,0.1379516588010935,1.0,0.7338785549982524,,,
acrobot,0.001,1e-08,block,178,False,0.8252520527076169,0.3681891429585907,1.0,,,
acrobot,0.001,1e-08,block,179,False,0.526084987282804,0.3139792193335831,0.01841115841994683,,,
acrobot,0.001,1e-08,block,180,False,0.8523512683511143,1.0,0.10328036197593013,,,
acrobot,0.001,1e-08,block,181,False,1.0,1.0,0.3213483487298871,,,
acrobot,0.001,1e-08,block,182,False,1.0,0.33645908151862935,1.0,,,
acrobot,0.001,1e-08,block,183,False,0.6365089800140822,1.0,1.0,,,
acrobot,0.001,1e-08,block,184,False,0.4196218151385362,1.0,0.7212848262497709,,,
acrobot,0.001,1e-08,block,185,False,1.0,0.08883835900683901,0.06495278148006871,,,
acrobot,0.001,1e-08,block,186,False,0.5365472533335345,1.0,1.0,,,
acrobot,0.001,1e-08,block,187,False,1.0,0.526084987282804,1.0,,,
acrobot,0.001,1e-08,block,188,False,1.0,1.0,1.0,,,
acrobot,0.001,1e-08,block,189,False,0.5687127634704081,0.6601171396509709,0.34420207223436117,,,
acrobot,0.001,1e-08,block,190,False,1.0,1.0,0.6482508132675584,,,
acrobot,0.001,1e-08,block,191,False,1.0,1.0,0.03550206777506726,,,
acrobot,0.001,1e-08,block,192,False,1.0,1.0,1.0,,,
acrobot,0.001,1e-08,block,193,False,0.5055514910325458,1.0,0.3139792193335831,,,
acrobot,0.001,1e-08,block,194,False,1.0,0.7985841665571833,0.41072656095055604,,,
acrobot,0.001,1e-08,block,195,False,1.0,1.0,0.029740064526326604,,,
acrobot,0.001,1e-08,block,196,False,0.4378026883255754,1.0,0.048334775229268434,,,
acrobot,0.001,1e-08,block,197,False,1.0,0.24086372453757687,1.0,,,
acrobot,0.001,1e-08,block,198,False,0.11283557182823706,0.5471395250186626,1.0,,,
acrobot,0.001,1e-08,block,199,False,1.0,1.0,1.0,,,
acrobot,0.001,1e-08,block,200,False,1.0,1.0,1.0,,,
acrobot,0.001,1e-08,block,201,False,1.0,1.0,0.23491533749977817,,,
acrobot,0.001,1e-08,block,202,False,1.0,1.0,0.01641770093996988,,,
acrobot,0.001,1e-08,block,203,False,0.5471395250186626,0.2233536943355491,1.0,,,
acrobot,0.001,1e-08,block,204,False,0.41072656095055604,0.6482508132675584,0.02767467148962666,,,
acrobot,0.001,1e-08,block,205,False,0.28572658573413684,1.0,1.0,,,
acrobot,0.001,1e-08,block,206,False,1.0,1.0,1.0,,,
acrobot,0.001,1e-08,block,207,False,1.0,1.0,0.62489242828397,,,
acrobot,0.001,1e-08,block,208,False,0.7594172165960001,1.0,1.0,,,
acrobot,0.001,1e-08,block,209,False,1.0,1.0,1.0,,,
acrobot,0.001,1e-08,block,210,False,1.0,0.44708876409667914,0.23491533749977817,,,
acrobot,0.001,1e-08,block,211,False,0.14589946394376382,0.7985841665571833,0.1063887099475759,,,
acrobot,0.001,1e-08,block,212,False,1.0,0.9361041355301468,0.772359662152843,,,
acrobot,0.001,1e-08,block,213,False,1.0,1.0,0.328841399322342,,,
acrobot,0.001,1e-08,block,214,False,1.0,1.0,1.0,,,
acrobot,0.001,1e-08,block,215,False,0.014058955962908914,1.0,1.0,,,
acrobot,0.001,1e-08,block,216,False,1.0,0.8118634207598285,1.0,,,
acrobot,0.001,1e-08,block,217,False,0.36006651389765165,1.0,0.25310092399018064,,,
acrobot,0.001,1e-08,block,218,False,1.0,0.7088097348324447,1.0,,,
acrobot,0.001,1e-08,block,219,False,0.7854157708319334,1.0,0.27232302162549693,,,
acrobot,0.001,1e-08,block,220,True,1.0,0.39332495228048814,0.007675808125015128,,,
acrobot,0.001,1e-08,block,221,False,0.8252520527076169,1.0,1.0,,,
acrobot,0.001,1e-08,block,222,False,1.0,1.0,1.0,,,
acrobot,0.001,1e-08,block,223,False,0.01705977708238298,1.0,1.0,,,
acrobot,0.001,1e-08,block,224,False,1.0,0.526084987282804,1.0,,,
acrobot,0.001,1e-08,block,225,False,1.0,0.8937804515408361,1.0,,,
acrobot,0.001,1e-08,block,226,False,0.8252520527076169,1.0,0.7088097348324447,,,
acrobot,0.001,1e-08,block,227,False,1.0,1.0,0.7985841665571833,,,
acrobot,0.001,1e-08,block,228,False,1.0,0.328841399322342,0.8660586332951499,,,
acrobot,0.001,1e-08,block,229,False,0.384817885760818,1.0,1.0,,,
acrobot,0.001,1e-08,block,230,False,0.2233536943355491,1.0,1.0,,,
acrobot,0.001,1e-08,block,231,False,1.0,1.0,0.09158435797365085,,,
acrobot,0.001,1e-08,block,232,False,1.0,0.6842198507217288,1.0,,,
acrobot,0.001,1e-08,block,233,False,0.879868939422959,1.0,0.772359662152843,,,
acrobot,0.001,1e-08,block,234,True,1.0,0.0083388153784339,1.0,,,
acrobot,0.001,1e-08,block,235,False,1.0,1.0,1.0,,,
acrobot,0.001,1e-08,block,236,False,1.0,1.0,1.0,,,
acrobot,0.001,1e-08,block,237,False,0.28572658573413684,1.0,0.0380648996836357,,,
acrobot,0.001,1e-08,block,238,False,1.0,1.0,1.0,,,
acrobot,0.001,1e-08,block,239,False,1.0,1.0,1.0,,,
acrobot,0.001,1e-08,block,240,False,1.0,0.11959789877412955,0.01108571743405162,,,
acrobot,0.001,1e-08,block,241,False,0.25310092399018064,1.0,1.0,,,
acrobot,0.001,1e-08,block,242,False,1.0,1.0,0.10957335175386179,,,
acrobot,0.001,1e-08,block,243,False,0.1379516588010935,1.0,0.47573135566456953,,,
acrobot,0.001,1e-08,block,244,False,0.7338785549982524,0.8252520527076169,1.0,,,
acrobot,0.001,1e-08,block,245,False,0.015197628947455053,0.7212848262497709,0.023917362959434862,,,
acrobot,0.001,1e-08,block,246,False,0.33645908151862935,1.0,1.0,,,
acrobot,0.001,1e-08,block,247,False,1.0,1.0,1.0,,,
acrobot,0.001,1e-08,block,248,False,1.0,1.0,1.0,,,
acrobot,0.001,1e-08,block,249,False,0.41072656095055604,1.0,1.0,,,
acrobot,0.001,1e-08,block,250,False,1.0,1.0,1.0,,,
acrobot,0.001,1e-08,block,251,False,1.0,0.7854157708319334,1.0,,,
acrobot,0.001,1e-08,block,252,False,1.0,0.328841399322342,0.672107117289352,,,
acrobot,0.001,1e-08,block,253,True,1.0,1.0,0.006221691809685221,,,
acrobot,0.001,1e-08,block,254,False,1.0,0.29960972063776153,1.0,,,
acrobot,0.001,1e-08,block,255,False,0.5908015471780221,1.0,1.0,,,
acrobot,0.001,1e-08,block,256,False,0.4378026883255754,0.12310058685750191,0.05520724880382117,,,
acrobot,0.001,1e-08,block,257,False,1.0,0.4565054969269991,1.0,,,
acrobot,0.001,1e-08,block,258,False,1.0,0.6365089800140822,1.0,,,
acrobot,0.001,1e-08,block,259,False,1.0,0.384817885760818,1.0,,,
acrobot,0.001,1e-08,block,260,False,0.6020380564469883,1.0,1.0,,,
acrobot,0.001,1e-08,block,261,False,1.0,0.21223160339375158,1.0,,,
acrobot,0.001,1e-08,block,262,False,1.0,0.012493422641150735,1.0,,,
acrobot,0.001,1e-08,block,263,False,1.0,0.328841399322342,1.0,,,
acrobot,0.001,1e-08,block,264,False,1.0,1.0,0.27232302162549693,,,
acrobot,0.001,1e-08,block,265,False,1.0,0.25310092399018064,1.0,,,
acrobot,0.001,1e-08,block,266,False,1.0,0.9218999068913776,1.0,,,
acrobot,0.001,1e-08,block,267,False,1.0,1.0,1.0,,,
acrobot,0.001,1e-08,block,268,False,0.39332495228048814,0.17663357553661355,0.27232302162549693,,,
acrobot,0.001,1e-08,block,269,False,1.0,0.9647919518630604,1.0,,,
acrobot,0.001,1e-08,block,270,False,1.0,1.0,1.0,,,
acrobot,0.001,1e-08,block,271,False,0.7088097348324447,1.0,1.0,,,
acrobot,0.001,1e-08,block,272,False,0.4954806458083422,0.25310092399018064,0.8118634207598285,,,
acrobot,0.001,1e-08,block,273,False,0.4565054969269991,0.7338785549982524,1.0,,,
acrobot,0.001,1e-08,block,274,False,1.0,1.0,1.0,,,
acrobot,0.001,1e-08,block,275,False,0.772359662152843,1.0,1.0,,,
acrobot,0.001,1e-08,block,276,False,0.9504021423127594,1.0,0.6020380564469883,,,
acrobot,0.001,1e-08,block,277,False,0.1963528713849631,0.21223160339375158,0.20154006627467888,,,
acrobot,0.001,1e-08,block,278,False,0.1379516588010935,0.6365089800140822,0.012493422641150735,,,
acrobot,0.001,1e-08,block,279,False,0.9361041355301468,1.0,1.0,,,
acrobot,0.001,1e-08,block,280,False,0.328841399322342,0.012007356019547338,0.23491533749977817,,,
acrobot,0.001,1e-08,block,281,False,1.0,0.9647919518630604,1.0,,,
acrobot,0.001,1e-08,block,282,False,0.44708876409667914,0.5687127634704081,1.0,,,
acrobot,0.001,1e-08,block,283,False,1.0,1.0,1.0,,,
acrobot,0.001,1e-08,block,284,False,1.0,1.0,1.0,,,
acrobot,0.001,1e-08,block,285,False,0.7212848262497709,1.0,0.0835511627779364,,,
acrobot,0.001,1e-08,block,286,False,0.4954806458083422,0.62489242828397,1.0,,,
acrobot,0.001,1e-08,block,287,False,1.0,0.9504021423127594,1.0,,,
acrobot,0.001,1e-08,block,288,False,0.6842198507217288,0.25939179051175937,1.0,,,
acrobot,0.001,1e-08,block,289,False,0.16737462269358203,0.10328036197593013,1.0,,,
acrobot,0.001,1e-08,block,290,False,1.0,1.0,0.5471395250186626,,,
acrobot,0.001,1e-08,block,291,False,0.5578614846162286,1.0,0.8937804515408361,,,
acrobot,0.001,1e-08,block,292,False,1.0,1.0,0.8523512683511143,,,
acrobot,0.001,1e-08,block,293,False,1.0,0.21223160339375158,1.0,,,
acrobot,0.001,1e-08,block,294,False,0.5157529941043728,1.0,1.0,,,
acrobot,0.001,1e-08,block,295,False,1.0,0.5908015471780221,1.0,,,
acrobot,0.001,1e-08,block,296,False,0.328841399322342,1.0,1.0,,,
acrobot,0.001,1e-08,block,297,False,0.7594172165960001,1.0,1.0,,,
acrobot,0.001,1e-08,block,298,False,1.0,1.0,1.0,,,
acrobot,0.001,1e-08,block,299,False,1.0,1.0,1.0,,,
acrobot,0.001,1e-08,block,300,False,1.0,0.48554057721882016,1.0,,,
acrobot,0.001,1e-08,block,301,False,1.0,1.0,0.05341543524524962,,,
acrobot,0.001,1e-08,block,302,False,1.0,1.0,1.0,,,
acrobot,0.001,1e-08,block,303,False,1.0,1.0,0.696454390834405,,,
acrobot,0.001,1e-08,block,304,False,1.0,1.0,1.0,,,
acrobot,0.001,1e-08,block,305,False,0.012493422641150735,0.526084987282804,1.0,,,
acrobot,0.001,1e-08,block,306,False,1.0,1.0,1.0,,,
acrobot,0.001,1e-08,block,307,False,1.0,1.0,1.0,,,
acrobot,0.001,1e-08,block,308,False,1.0,0.2789652996292276,0.5157529941043728,,,
acrobot,0.001,1e-08,block,309,False,1.0,1.0,0.4019610517771268,,,
acrobot,0.001,1e-08,block,310,False,1.0,1.0,1.0,,,
acrobot,0.001,1e-08,block,311,False,1.0,0.9504021423127594,1.0,,,
acrobot,0.001,1e-08,block,312,False,1.0,0.7088097348324447,0.41072656095055604,,,
acrobot,0.001,1e-08,block,313,False,1.0,0.25939179051175937,0.1063887099475759,,,
acrobot,0.001,1e-08,block,314,False,1.0,1.0,0.01108571743405162,,,
acrobot,0.001,1e-08,block,315,True,0.2926077714882267,0.15420917121249997,0.0004926714677923104,,,
acrobot,0.001,1e-08,block,316,False,0.9647919518630604,1.0,1.0,,,
acrobot,0.001,1e-08,block,317,False,1.0,1.0,0.328841399322342,,,
acrobot,0.001,1e-08,block,318,False,0.2926077714882267,1.0,1.0,,,
acrobot,0.001,1e-08,block,319,False,1.0,1.0,1.0,,,
acrobot,0.001,1e-08,block,320,False,0.2233536943355491,0.12310058685750191,1.0,,,
acrobot,0.001,1e-08,block,321,False,0.7212848262497709,1.0,1.0,,,
acrobot,0.001,1e-08,block,322,False,0.25310092399018064,0.8252520527076169,0.2789652996292276,,,
acrobot,0.001,1e-08,block,323,False,0.8252520527076169,1.0,1.0,,,
acrobot,0.001,1e-08,block,324,False,1.0,1.0,0.05167347066079376,,,
acrobot,0.001,1e-08,block,325,False,1.0,1.0,1.0,,,
acrobot,0.001,1e-08,block,326,False,0.14188096497816882,1.0,0.7985841665571833,,,
acrobot,0.001,1e-08,block,327,False,1.0,1.0,1.0,,,
acrobot,0.001,1e-08,block,328,False,1.0,0.30673326816560137,1.0,,,
acrobot,0.001,1e-08,block,329,False,0.03427776120913334,0.15000843946177284,1.0,,,
acrobot,0.001,1e-08,block,330,False,1.0,1.0,1.0,,,
acrobot,0.001,1e-08,block,331,False,1.0,0.772359662152843,0.05341543524524962,,,
acrobot,0.001,1e-08,block,332,False,1.0,0.03082233287359059,1.0,,,
acrobot,0.001,1e-08,block,333,False,0.4378026883255754,1.0,0.6134018931308428,,,
acrobot,0.001,1e-08,block,334,False,1.0,1.0,1.0,,,
acrobot,0.001,1e-08,block,335,False,1.0,1.0,1.0,,,
acrobot,0.001,1e-08,block,336,False,1.0,1.0,1.0,,,
acrobot,0.001,1e-08,block,337,False,0.5908015471780221,1.0,0.20683258852868036,,,
acrobot,0.001,1e-08,block,338,True,0.0029526018589601205,1.0,1.0,,,
acrobot,0.001,1e-08,block,339,False,1.0,1.0,1.0,,,
acrobot,0.001,1e-08,block,340,False,0.5578614846162286,1.0,0.1379516588010935,,,
acrobot,0.001,1e-08,block,341,False,1.0,1.0,1.0,,,
acrobot,0.001,1e-08,block,342,False,1.0,0.1379516588010935,0.42864710751808144,,,
acrobot,0.001,1e-08,block,343,False,1.0,1.0,1.0,,,
acrobot,0.001,1e-08,block,344,False,0.7465897574561193,1.0,1.0,,,
acrobot,0.001,1e-08,block,345,False,1.0,0.2789652996292276,1.0,,,
acrobot,0.001,1e-08,block,346,False,0.0835511627779364,1.0,0.5796929415731504,,,
acrobot,0.001,1e-08,block,347,False,1.0,1.0,1.0,,,
acrobot,0.001,1e-08,block,348,False,0.5055514910325458,0.838748529874541,0.1585029340013159,,,
acrobot,0.001,1e-08,block,349,False,1.0,1.0,1.0,,,
acrobot,0.001,1e-08,block,350,False,1.0,1.0,1.0,,,
acrobot,0.001,1e-08,block,351,False,1.0,1.0,1.0,,,
acrobot,0.001,1e-08,block,352,False,0.6020380564469883,1.0,1.0,,,
acrobot,0.001,1e-08,block,353,False,1.0,1.0,0.1963528713849631,,,
acrobot,0.001,1e-08,block,354,False,0.6482508132675584,1.0,1.0,,,
acrobot,0.001,1e-08,block,355,False,0.7465897574561193,0.33645908151862935,1.0,,,
acrobot,0.001,1e-08,block,356,False,0.9792715429169228,1.0,0.44708876409667914,,,
acrobot,0.001,1e-08,block,357,False,1.0,1.0,0.1063887099475759,,,
acrobot,0.001,1e-08,block,358,False,1.0,1.0,0.772359662152843,,,
acrobot,0.001,1e-08,block,359,False,1.0,0.39332495228048814,1.0,,,
acrobot,0.001,1e-08,block,360,False,1.0,1.0,1.0,,,
acrobot,0.001,1e-08,block,361,False,1.0,1.0,1.0,,,
acrobot,0.001,1e-08,block,362,False,1.0,0.7338785549982524,0.2789652996292276,,,
acrobot,0.001,1e-08,block,363,False,1.0,1.0,1.0,,,
acrobot,0.001,1e-08,block,364,False,1.0,1.0,1.0,,,
acrobot,0.001,1e-08,block,365,False,1.0,0.5471395250186626,1.0,,,
acrobot,0.001,1e-08,block,366,True,0.20154006627467888,1.0,0.0029526018589601205,,,
acrobot,0.001,1e-08,block,367,False,1.0,1.0,1.0,,,
acrobot,0.001,1e-08,block,368,False,1.0,0.01841115841994683,1.0,,,
acrobot,0.001,1e-08,block,369,False,0.41072656095055604,1.0,0.09440029420698368,,,
acrobot,0.001,1e-08,block,370,False,1.0,1.0,1.0,,,
acrobot,0.001,1e-08,block,371,False,0.838748529874541,0.9218999068913776,1.0,,,
acrobot,0.001,1e-08,block,372,False,0.41072656095055604,1.0,1.0,,,
acrobot,0.001,1e-08,block,373,False,1.0,1.0,1.0,,,
acrobot,0.001,1e-08,block,374,False,1.0,1.0,1.0,,,
acrobot,0.001,1e-08,block,375,False,1.0,1.0,0.4954806458083422,,,
acrobot,0.001,1e-08,block,376,False,1.0,0.5796929415731504,1.0,,,
acrobot,0.001,1e-08,block,377,False,1.0,1.0,1.0,,,
acrobot,0.001,1e-08,block,378,False,0.12310058685750191,1.0,1.0,,,
acrobot,0.001,1e-08,block,379,False,1.0,1.0,0.879868939422959,,,
acrobot,0.001,1e-08,block,380,False,1.0,1.0,1.0,,,
acrobot,0.001,1e-08,block,381,False,0.9938388491283483,1.0,1.0,,,
acrobot,0.001,1e-08,block,382,False,0.4660530037544936,1.0,0.023917362959434862,,,
acrobot,0.001,1e-08,block,383,False,1.0,1.0,1.0,,,
acrobot,0.001,1e-08,block,384,False,1.0,1.0,1.0,,,
acrobot,0.001,1e-08,block,385,False,1.0,1.0,1.0,,,
acrobot,0.001,1e-08,block,386,False,1.0,0.19126982420576488,1.0,,,
acrobot,0.001,1e-08,block,387,False,0.879868939422959,1.0,1.0,,,
acrobot,0.001,1e-08,block,388,False,1.0,0.29960972063776153,0.879868939422959,,,
acrobot,0.001,1e-08,block,389,False,0.6601171396509709,1.0,0.7854157708319334,,,
acrobot,0.001,1e-08,block,390,False,1.0,1.0,0.9504021423127594,,,
acrobot,0.001,1e-08,block,391,False,0.28572658573413684,1.0,0.07376132097517757,,,
acrobot,0.001,1e-08,block,392,False,1.0,0.4019610517771268,1.0,,,
acrobot,0.001,1e-08,block,393,False,1.0,0.1585029340013159,1.0,,,
acrobot,0.001,1e-08,block,394,False,0.9218999068913776,1.0,0.06706709585926879,,,
acrobot,0.001,1e-08,block,395,False,0.7985841665571833,1.0,1.0,,,
acrobot,0.001,1e-08,block,396,False,1.0,1.0,1.0,,,
acrobot,0.001,1e-08,block,397,False,0.21773826078198077,0.672107117289352,1.0,,,
acrobot,0.001,1e-08,block,398,False,0.6365089800140822,1.0,1.0,,,
acrobot,0.001,1e-08,block,399,False,0.6134018931308428,0.9361041355301468,1.0,,,
acrobot,0.001,1e-08,block,400,False,1.0,1.0,1.0,,,
acrobot,0.001,1e-08,block,401,False,0.2233536943355491,1.0,1.0,,,
acrobot,0.001,1e-08,block,402,False,0.5055514910325458,1.0,0.6134018931308428,,,
acrobot,0.001,1e-08,block,403,False,1.0,0.9218999068913776,0.5796929415731504,,,
acrobot,0.001,1e-08,block,404,False,1.0,0.8937804515408361,1.0,,,
acrobot,0.001,1e-08,block,405,False,1.0,1.0,1.0,,,
acrobot,0.001,1e-08,block,406,False,1.0,0.5796929415731504,0.02869112510166709,,,
acrobot,0.001,1e-08,block,407,False,1.0,1.0,1.0,,,
acrobot,0.001,1e-08,block,408,False,0.5055514910325458,1.0,0.024812013052143263,,,
acrobot,0.001,1e-08,block,409,False,1.0,0.772359662152843,1.0,,,
acrobot,0.001,1e-08,block,410,False,1.0,1.0,1.0,,,
acrobot,0.001,1e-08,block,411,False,1.0,0.1063887099475759,1.0,,,
acrobot,0.001,1e-08,block,412,False,1.0,0.7088097348324447,1.0,,,
acrobot,0.001,1e-08,block,413,False,1.0,1.0,0.04220886288965297,,,
acrobot,0.001,1e-08,block,414,False,0.20683258852868036,1.0,0.42864710751808144,,,
acrobot,0.001,1e-08,block,415,False,1.0,1.0,1.0,,,
acrobot,0.001,1e-08,block,416,False,1.0,1.0,1.0,,,
acrobot,0.001,1e-08,block,417,False,1.0,1.0,0.7465897574561193,,,
acrobot,0.001,1e-08,block,418,False,1.0,1.0,1.0,,,
acrobot,0.001,1e-08,block,419,False,0.3681891429585907,1.0,1.0,,,
acrobot,0.001,1e-08,block,420,False,1.0,1.0,1.0,,,
acrobot,0.001,1e-08,block,421,False,1.0,0.47573135566456953,1.0,,,
acrobot,0.001,1e-08,block,422,False,1.0,1.0,1.0,,,
acrobot,0.001,1e-08,block,423,False,0.4954806458083422,1.0,0.2926077714882267,,,
acrobot,0.001,1e-08,block,424,False,0.5471395250186626,0.838748529874541,0.2233536943355491,,,
acrobot,0.001,1e-08,block,425,False,1.0,0.4378026883255754,1.0,,,
acrobot,0.001,1e-08,block,426,False,1.0,0.5157529941043728,1.0,,,
acrobot,0.001,1e-08,block,427,False,1.0,1.0,1.0,,,
acrobot,0.001,1e-08,block,428,True,0.6482508132675584,1.0,0.007362505492081319,,,
acrobot,0.001,1e-08,block,429,False,1.0,1.0,0.20683258852868036,,,
acrobot,0.001,1e-08,block,430,False,1.0,1.0,1.0,,,
acrobot,0.001,1e-08,block,431,False,1.0,1.0,0.879868939422959,,,
acrobot,0.001,1e-08,block,432,False,1.0,0.9077913851166579,1.0,,,
acrobot,0.001,1e-08,block,433,False,1.0,1.0,0.3213483487298871,,,
acrobot,0.001,1e-08,block,434,False,0.6020380564469883,1.0,0.04998027351877797,,,
acrobot,0.001,1e-08,block,435,False,1.0,0.5687127634704081,1.0,,,
acrobot,0.001,1e-08,block,436,False,0.08100747825635018,0.1963528713849631,0.05167347066079376,,,
acrobot,0.001,1e-08,block,437,False,1.0,1.0,1.0,,,
acrobot,0.001,1e-08,block,438,False,1.0,0.7212848262497709,0.13035547398507763,,,
acrobot,0.001,1e-08,block,439,False,1.0,0.7338785549982524,0.42864710751808144,,,
acrobot,0.001,1e-08,block,440,False,1.0,1.0,1.0,,,
acrobot,0.001,1e-08,block,441,False,1.0,0.36006651389765165,0.4565054969269991,,,
acrobot,0.001,1e-08,block,442,False,1.0,0.39332495228048814,1.0,,,
acrobot,0.001,1e-08,block,443,False,1.0,0.9077913851166579,0.07852875744945512,,,
acrobot,0.001,1e-08,block,444,False,1.0,1.0,1.0,,,
acrobot,0.001,1e-08,block,445,False,1.0,1.0,1.0,,,
acrobot,0.001,1e-08,block,446,False,1.0,1.0,1.0,,,
acrobot,0.001,1e-08,block,447,False,0.4196218151385362,0.6842198507217288,1.0,,,
acrobot,0.001,1e-08,block,448,False,0.20683258852868036,1.0,1.0,,,
acrobot,0.001,1e-08,block,449,False,1.0,1.0,1.0,,,
acrobot,0.001,1e-08,block,450,False,1.0,0.8523512683511143,1.0,,,
acrobot,0.001,1e-08,block,451,False,0.5471395250186626,1.0,1.0,,,
acrobot,0.001,1e-08,block,452,False,1.0,1.0,1.0,,,
acrobot,0.001,1e-08,block,453,False,0.048334775229268434,1.0,0.5796929415731504,,,
acrobot,0.001,1e-08,block,454,False,0.048334775229268434,1.0,0.18141138783730978,,,
acrobot,0.001,1e-08,block,455,False,1.0,1.0,1.0,,,
acrobot,0.001,1e-08,block,456,False,0.672107117289352,0.6134018931308428,1.0,,,
acrobot,0.001,1e-08,block,457,False,1.0,1.0,0.4378026883255754,,,
acrobot,0.001,1e-08,block,458,False,0.2789652996292276,0.8523512683511143,1.0,,,
acrobot,0.001,1e-08,block,459,False,1.0,1.0,1.0,,,
acrobot,0.001,1e-08,block,460,False,1.0,0.838748529874541,0.838748529874541,,,
acrobot,0.001,1e-08,block,461,False,0.6482508132675584,1.0,0.5471395250186626,,,
acrobot,0.001,1e-08,block,462,False,1.0,0.5055514910325458,1.0,,,
acrobot,0.001,1e-08,block,463,False,1.0,1.0,1.0,,,
acrobot,0.001,1e-08,block,464,False,1.0,0.41072656095055604,1.0,,,
acrobot,0.001,1e-08,block,465,False,1.0,1.0,0.9504021423127594,,,
acrobot,0.001,1e-08,block,466,False,1.0,1.0,1.0,,,
acrobot,0.001,1e-08,block,467,False,1.0,1.0,0.18628973159586804,,,
acrobot,0.001,1e-08,block,468,False,1.0,1.0,1.0,,,
acrobot,0.001,1e-08,block,469,False,0.7212848262497709,1.0,1.0,,,
acrobot,0.001,1e-08,block,470,False,1.0,0.24086372453757687,0.6365089800140822,,,
acrobot,0.001,1e-08,block,471,False,1.0,1.0,1.0,,,
acrobot,0.001,1e-08,block,472,False,1.0,1.0,1.0,,,
acrobot,0.001,1e-08,block,473,False,1.0,0.9504021423127594,0.06495278148006871,,,
acrobot,0.001,1e-08,block,474,False,1.0,0.3139792193335831,0.6601171396509709,,,
acrobot,0.001,1e-08,block,475,False,1.0,1.0,0.9504021423127594,,,
acrobot,0.001,1e-08,block,476,False,0.24086372453757687,1.0,1.0,,,
acrobot,0.001,1e-08,block,477,False,1.0,1.0,0.1963528713849631,,,
acrobot,0.001,1e-08,block,478,False,1.0,1.0,1.0,,,
acrobot,0.001,1e-08,block,479,False,1.0,1.0,0.4378026883255754,,,
acrobot,0.001,1e-08,block,480,False,1.0,0.7854157708319334,0.7212848262497709,,,
acrobot,0.001,1e-08,block,481,False,1.0,0.48554057721882016,0.10024702699897908,,,
acrobot,0.001,1e-08,block,482,False,0.24086372453757687,1.0,0.16737462269358203,,,
acrobot,0.001,1e-08,block,483,False,1.0,0.5796929415731504,1.0,,,
acrobot,0.001,1e-08,block,484,False,1.0,1.0,1.0,,,
acrobot,0.001,1e-08,block,485,False,1.0,1.0,1.0,,,
acrobot,0.001,1e-08,block,486,False,1.0,1.0,0.8937804515408361,,,
acrobot,0.001,1e-08,block,487,False,0.4019610517771268,1.0,0.06923917167934213,,,
acrobot,0.001,1e-08,block,488,False,1.0,1.0,1.0,,,
acrobot,0.001,1e-08,block,489,False,1.0,1.0,0.026689875160428714,,,
acrobot,0.001,1e-08,block,490,False,1.0,1.0,0.8118634207598285,,,
acrobot,0.001,1e-08,block,491,False,1.0,1.0,1.0,,,
acrobot,0.001,1e-08,block,492,False,1.0,0.9218999068913776,0.7088097348324447,,,
acrobot,0.001,1e-08,block,493,False,0.48554057721882016,0.5471395250186626,1.0,,,
acrobot,0.001,1e-08,block,494,False,0.8252520527076169,1.0,0.05520724880382117,,,
acrobot,0.001,1e-08,block,495,False,1.0,1.0,1.0,,,
acrobot,0.001,1e-08,block,496,False,1.0,0.34420207223436117,1.0,,,
acrobot,0.001,1e-08,block,497,False,1.0,1.0,1.0,,,
acrobot,0.001,1e-08,block,498,False,1.0,1.0,1.0,,,
acrobot,0.001,1e-08,block,499,False,0.19126982420576488,1.0,0.36006651389765165,,,
acrobot,0.001,1e-08,trajectory,0,False,0.3531468531468531,1.0,1.0,,,
acrobot,0.001,1e-08,trajectory,1,False,1.0,1.0,1.0,,,
acrobot,0.001,1e-08,trajectory,2,False,0.7981351981351982,1.0,1.0,,,
acrobot,0.001,1e-08,trajectory,3,False,1.0,1.0,0.48228438228438225,,,
acrobot,0.001,1e-08,trajectory,4,False,1.0,1.0,1.0,,,
acrobot,0.001,1e-08,trajectory,5,False,0.6414918414918415,1.0,0.3997668997668997,,,
acrobot,0.001,1e-08,trajectory,6,False,1.0,1.0,1.0,,,
acrobot,0.001,1e-08,trajectory,7,False,1.0,1.0,1.0,,,
acrobot,0.001,1e-08,trajectory,8,False,1.0,0.47902097902097907,1.0,,,
acrobot,0.001,1e-08,trajectory,9,False,1.0,1.0,1.0,,,
acrobot,0.001,1e-08,trajectory,10,False,1.0,1.0,0.5314685314685315,,,
acrobot,0.001,1e-08,trajectory,11,False,0.7146853146853147,1.0,0.30069930069930073,,,
acrobot,0.001,1e-08,trajectory,12,False,0.6874125874125874,1.0,1.0,,,
acrobot,0.001,1e-08,trajectory,13,False,1.0,0.7403263403263403,1.0,,,
acrobot,0.001,1e-08,trajectory,14,False,0.8391608391608392,0.2815850815850816,1.0,,,
acrobot,0.001,1e-08,trajectory,15,False,1.0,1.0,1.0,,,
acrobot,0.001,1e-08,trajectory,16,False,1.0,0.4825174825174825,0.9405594405594405,,,
acrobot,0.001,1e-08,trajectory,17,False,1.0,0.16083916083916083,0.1337995337995338,,,
acrobot,0.001,1e-08,trajectory,18,False,1.0,1.0,0.5776223776223777,,,
acrobot,0.001,1e-08,trajectory,19,False,1.0,1.0,1.0,,,
acrobot,0.001,1e-08,trajectory,20,False,1.0,1.0,1.0,,,
acrobot,0.001,1e-08,trajectory,21,False,1.0,1.0,0.827972027972028,,,
acrobot,0.001,1e-08,trajectory,22,False,1.0,0.6435897435897435,1.0,,,
acrobot,0.001,1e-08,trajectory,23,False,1.0,0.137995337995338,1.0,,,
acrobot,0.001,1e-08,trajectory,24,False,0.6902097902097902,0.2545454545454546,1.0,,,
acrobot,0.001,1e-08,trajectory,25,False,0.6167832167832168,0.05268065268065268,1.0,,,
acrobot,0.001,1e-08,trajectory,26,False,0.7030303030303031,0.3706293706293706,1.0,,,
acrobot,0.001,1e-08,trajectory,27,False,0.0337995337995338,1.0,1.0,,,
acrobot,0.001,1e-08,trajectory,28,False,1.0,1.0,1.0,,,
acrobot,0.001,1e-08,trajectory,29,False,0.551981351981352,1.0,0.7566433566433566,,,
acrobot,0.001,1e-08,trajectory,30,False,0.075990675990676,1.0,0.6391608391608392,,,
acrobot,0.001,1e-08,trajectory,31,False,0.22820512820512817,1.0,0.348018648018648,,,
acrobot,0.001,1e-08,trajectory,32,False,0.6703962703962705,1.0,1.0,,,
acrobot,0.001,1e-08,trajectory,33,False,0.3344988344988345,0.2351981351981352,1.0,,,
acrobot,0.001,1e-08,trajectory,34,False,1.0,1.0,1.0,,,
acrobot,0.001,1e-08,trajectory,35,False,1.0,0.14125874125874124,0.26993006993006996,,,
acrobot,0.001,1e-08,trajectory,36,False,1.0,1.0,1.0,,,
acrobot,0.001,1e-08,trajectory,37,False,1.0,1.0,1.0,,,
acrobot,0.001,1e-08,trajectory,38,False,0.11142191142191141,0.049184149184149185,1.0,,,
acrobot,0.001,1e-08,trajectory,39,False,1.0,0.08484848484848485,1.0,,,
acrobot,0.001,1e-08,trajectory,40,False,0.0773892773892774,1.0,0.09440559440559441,,,
acrobot,0.001,1e-08,trajectory,41,False,1.0,0.8797202797202798,1.0,,,
acrobot,0.001,1e-08,trajectory,42,False,0.6885780885780886,1.0,0.25710955710955713,,,
acrobot,0.001,1e-08,trajectory,43,False,1.0,1.0,1.0,,,
acrobot,0.001,1e-08,trajectory,44,False,1.0,0.011188811188811189,1.0,,,
acrobot,0.001,1e-08,trajectory,45,False,1.0,0.5850815850815851,0.6121212121212122,,,
acrobot,0.001,1e-08,trajectory,46,False,1.0,1.0,1.0,,,
acrobot,0.001,1e-08,trajectory,47,False,1.0,0.8675990675990676,0.3678321678321679,,,
acrobot,0.001,1e-08,trajectory,48,False,0.030303030303030304,1.0,0.8041958041958043,,,
acrobot,0.001,1e-08,trajectory,49,False,1.0,0.2902097902097902,1.0,,,
acrobot,0.001,1e-08,trajectory,50,False,1.0,1.0,1.0,,,
acrobot,0.001,1e-08,trajectory,51,False,0.06363636363636364,0.6902097902097902,0.9349650349650349,,,
acrobot,0.001,1e-08,trajectory,52,False,1.0,1.0,0.14918414918414918,,,
acrobot,0.001,1e-08,trajectory,53,False,0.837062937062937,1.0,0.3839160839160839,,,
acrobot,0.001,1e-08,trajectory,54,False,1.0,1.0,1.0,,,
acrobot,0.001,1e-08,trajectory,55,False,1.0,1.0,1.0,,,
acrobot,0.001,1e-08,trajectory,56,False,0.4603729603729604,1.0,1.0,,,
acrobot,0.001,1e-08,trajectory,57,False,1.0,1.0,0.42750582750582755,,,
acrobot,0.001,1e-08,trajectory,58,False,1.0,1.0,0.9755244755244754,,,
acrobot,0.001,1e-08,trajectory,59,False,0.25361305361305364,1.0,0.2233100233100233,,,
acrobot,0.001,1e-08,trajectory,60,False,1.0,1.0,1.0,,,
acrobot,0.001,1e-08,trajectory,61,False,1.0,0.15034965034965037,1.0,,,
acrobot,0.001,1e-08,trajectory,62,False,0.2400932400932401,1.0,1.0,,,
acrobot,0.001,1e-08,trajectory,63,False,1.0,1.0,1.0,,,
acrobot,0.001,1e-08,trajectory,64,False,1.0,1.0,1.0,,,
acrobot,0.001,1e-08,trajectory,65,False,0.27296037296037295,1.0,0.03193473193473193,,,
acrobot,0.001,1e-08,trajectory,66,False,1.0,0.07692307692307693,0.24592074592074592,,,
acrobot,0.001,1e-08,trajectory,67,False,0.3067599067599068,1.0,1.0,,,
acrobot,0.001,1e-08,trajectory,68,False,1.0,1.0,0.6160839160839161,,,
acrobot,0.001,1e-08,trajectory,69,False,1.0,1.0,1.0,,,
acrobot,0.001,1e-08,trajectory,70,False,1.0,1.0,1.0,,,
acrobot,0.001,1e-08,trajectory,71,False,1.0,1.0,0.1717948717948718,,,
acrobot,0.001,1e-08,trajectory,72,False,1.0,1.0,1.0,,,
acrobot,0.001,1e-08,trajectory,73,False,1.0,0.38648018648018645,1.0,,,
acrobot,0.001,1e-08,trajectory,74,False,1.0,0.1864801864801865,0.32634032634032634,,,
acrobot,0.001,1e-08,trajectory,75,False,1.0,1.0,1.0,,,
acrobot,0.001,1e-08,trajectory,76,False,0.35128205128205126,1.0,1.0,,,
acrobot,0.001,1e-08,trajectory,77,False,0.3188811188811189,0.3027972027972028,0.7696969696969697,,,
acrobot,0.001,1e-08,trajectory,78,False,1.0,1.0,0.9592074592074591,,,
acrobot,0.001,1e-08,trajectory,79,False,1.0,1.0,1.0,,,
acrobot,0.001,1e-08,trajectory,80,False,0.42191142191142195,0.09044289044289044,1.0,,,
acrobot,0.001,1e-08,trajectory,81,False,1.0,1.0,1.0,,,
acrobot,0.001,1e-08,trajectory,82,False,1.0,0.67995337995338,1.0,,,
acrobot,0.001,1e-08,trajectory,83,False,1.0,0.31724941724941724,0.5018648018648019,,,
acrobot,0.001,1e-08,trajectory,84,False,1.0,1.0,1.0,,,
acrobot,0.001,1e-08,trajectory,85,False,0.33519813519813524,1.0,0.7305361305361305,,,
acrobot,0.001,1e-08,trajectory,86,False,1.0,1.0,1.0,,,
acrobot,0.001,1e-08,trajectory,87,False,1.0,0.8708624708624708,1.0,,,
acrobot,0.001,1e-08,trajectory,88,False,1.0,1.0,0.5351981351981352,,,
acrobot,0.001,1e-08,trajectory,89,False,1.0,1.0,1.0,,,
acrobot,0.001,1e-08,trajectory,90,False,1.0,1.0,0.46829836829836835,,,
acrobot,0.001,1e-08,trajectory,91,False,1.0,0.5508158508158508,0.500932400932401,,,
acrobot,0.001,1e-08,trajectory,92,False,1.0,1.0,1.0,,,
acrobot,0.001,1e-08,trajectory,93,False,1.0,0.5710955710955711,1.0,,,
acrobot,0.001,1e-08,trajectory,94,False,1.0,0.9638694638694639,1.0,,,
acrobot,0.001,1e-08,trajectory,95,False,1.0,1.0,1.0,,,
acrobot,0.001,1e-08,trajectory,96,False,1.0,1.0,0.8981351981351982,,,
acrobot,0.001,1e-08,trajectory,97,False,1.0,1.0,1.0,,,
acrobot,0.001,1e-08,trajectory,98,False,1.0,1.0,1.0,,,
acrobot,0.001,1e-08,trajectory,99,False,0.5405594405594405,0.23916083916083913,1.0,,,
acrobot,0.001,1e-08,trajectory,100,False,1.0,1.0,1.0,,,
acrobot,0.001,1e-08,trajectory,101,False,1.0,1.0,0.44568764568764563,,,
acrobot,0.001,1e-08,trajectory,102,False,1.0,1.0,1.0,,,
acrobot,0.001,1e-08,trajectory,103,False,1.0,0.6808857808857809,1.0,,,
acrobot,0.001,1e-08,trajectory,104,False,0.9132867132867133,1.0,0.37086247086247087,,,
acrobot,0.001,1e-08,trajectory,105,False,1.0,1.0,1.0,,,
acrobot,0.001,1e-08,trajectory,106,False,1.0,0.534965034965035,0.8766899766899767,,,
acrobot,0.001,1e-08,trajectory,107,False,1.0,0.6801864801864801,1.0,,,
acrobot,0.001,1e-08,trajectory,108,False,1.0,1.0,0.48624708624708624,,,
acrobot,0.001,1e-08,trajectory,109,False,1.0,1.0,1.0,,,
acrobot,0.001,1e-08,trajectory,110,False,1.0,1.0,0.3888111888111888,,,
acrobot,0.001,1e-08,trajectory,111,False,1.0,1.0,1.0,,,
acrobot,0.001,1e-08,trajectory,112,False,1.0,1.0,1.0,,,
acrobot,0.001,1e-08,trajectory,113,False,1.0,0.7463869463869464,0.05897435897435897,,,
acrobot,0.001,1e-08,trajectory,114,False,0.8533799533799533,1.0,0.9205128205128206,,,
acrobot,0.001,1e-08,trajectory,115,False,1.0,1.0,1.0,,,
acrobot,0.001,1e-08,trajectory,116,False,0.4841491841491842,1.0,1.0,,,
acrobot,0.001,1e-08,trajectory,117,True,1.0,0.004195804195804196,0.059673659673659674,,,
acrobot,0.001,1e-08,trajectory,118,False,0.7270396270396271,1.0,1.0,,,
acrobot,0.001,1e-08,trajectory,119,False,1.0,0.49347319347319346,1.0,,,
acrobot,0.001,1e-08,trajectory,120,False,1.0,0.6412587412587413,1.0,,,
acrobot,0.001,1e-08,trajectory,121,False,0.2561771561771562,1.0,1.0,,,
acrobot,0.001,1e-08,trajectory,122,False,0.14871794871794872,1.0,1.0,,,
acrobot,0.001,1e-08,trajectory,123,False,0.23986013986013985,1.0,1.0,,,
acrobot,0.001,1e-08,trajectory,124,False,1.0,1.0,1.0,,,
acrobot,0.001,1e-08,trajectory,125,False,0.1393939393939394,1.0,0.8862470862470861,,,
acrobot,0.001,1e-08,trajectory,126,False,1.0,1.0,1.0,,,
acrobot,0.001,1e-08,trajectory,127,False,0.5291375291375291,1.0,1.0,,,
acrobot,0.001,1e-08,trajectory,128,False,0.9594405594405594,1.0,1.0,,,
acrobot,0.001,1e-08,trajectory,129,False,1.0,1.0,1.0,,,
acrobot,0.001,1e-08,trajectory,130,False,1.0,1.0,1.0,,,
acrobot,0.001,1e-08,trajectory,131,False,1.0,0.8876456876456877,1.0,,,
acrobot,0.001,1e-08,trajectory,132,False,1.0,0.9184149184149184,0.21072261072261073,,,
acrobot,0.001,1e-08,trajectory,133,False,1.0,0.2244755244755245,1.0,,,
acrobot,0.001,1e-08,trajectory,134,False,1.0,0.47319347319347316,0.042191142191142186,,,
acrobot,0.001,1e-08,trajectory,135,False,0.2596736596736597,1.0,0.4641025641025641,,,
acrobot,0.001,1e-08,trajectory,136,False,1.0,0.11188811188811189,0.4025641025641026,,,
acrobot,0.001,1e-08,trajectory,137,False,1.0,1.0,1.0,,,
acrobot,0.001,1e-08,trajectory,138,False,1.0,1.0,0.9489510489510489,,,
acrobot,0.001,1e-08,trajectory,139,False,1.0,0.5545454545454546,1.0,,,
acrobot,0.001,1e-08,trajectory,140,False,1.0,0.3088578088578089,0.3298368298368298,,,
acrobot,0.001,1e-08,trajectory,141,False,1.0,1.0,1.0,,,
acrobot,0.001,1e-08,trajectory,142,False,1.0,0.013752913752913754,1.0,,,
acrobot,0.001,1e-08,trajectory,143,False,0.8589743589743589,1.0,1.0,,,
acrobot,0.001,1e-08,trajectory,144,False,1.0,0.5559440559440559,1.0,,,
acrobot,0.001,1e-08,trajectory,145,False,0.22400932400932402,0.562004662004662,1.0,,,
acrobot,0.001,1e-08,trajectory,146,False,0.1020979020979021,0.6412587412587413,0.6025641025641026,,,
acrobot,0.001,1e-08,trajectory,147,False,1.0,1.0,1.0,,,
acrobot,0.001,1e-08,trajectory,148,False,1.0,1.0,1.0,,,
acrobot,0.001,1e-08,trajectory,149,False,1.0,1.0,1.0,,,
acrobot,0.001,1e-08,trajectory,150,False,1.0,1.0,1.0,,,
acrobot,0.001,1e-08,trajectory,151,False,1.0,1.0,1.0,,,
acrobot,0.001,1e-08,trajectory,152,False,0.2596736596736597,0.9426573426573426,1.0,,,
acrobot,0.001,1e-08,trajectory,153,False,1.0,1.0,0.041724941724941726,,,
acrobot,0.001,1e-08,trajectory,154,False,0.5794871794871795,1.0,1.0,,,
acrobot,0.001,1e-08,trajectory,155,False,1.0,1.0,0.19184149184149185,,,
acrobot,0.001,1e-08,trajectory,156,False,0.4153846153846154,1.0,1.0,,,
acrobot,0.001,1e-08,trajectory,157,False,1.0,0.5114219114219114,1.0,,,
acrobot,0.001,1e-08,trajectory,158,False,1.0,0.7041958041958042,1.0,,,
acrobot,0.001,1e-08,trajectory,159,False,0.5643356643356643,1.0,1.0,,,
acrobot,0.001,1e-08,trajectory,160,False,1.0,0.3881118881118881,0.015151515151515152,,,
acrobot,0.001,1e-08,trajectory,161,False,1.0,0.7018648018648018,1.0,,,
acrobot,0.001,1e-08,trajectory,162,False,1.0,1.0,1.0,,,
acrobot,0.001,1e-08,trajectory,163,False,1.0,1.0,1.0,,,
acrobot,0.001,1e-08,trajectory,164,False,1.0,1.0,1.0,,,
acrobot,0.001,1e-08,trajectory,165,False,0.07319347319347319,0.41655011655011653,1.0,,,
acrobot,0.001,1e-08,trajectory,166,False,1.0,1.0,0.5629370629370629,,,
acrobot,0.001,1e-08,trajectory,167,False,1.0,0.8827505827505828,1.0,,,
acrobot,0.001,1e-08,trajectory,168,False,0.6016317016317017,1.0,1.0,,,
acrobot,0.001,1e-08,trajectory,169,False,1.0,1.0,0.4594405594405594,,,
acrobot,0.001,1e-08,trajectory,170,False,1.0,1.0,1.0,,,
acrobot,0.001,1e-08,trajectory,171,False,1.0,1.0,0.07902097902097902,,,
acrobot,0.001,1e-08,trajectory,172,False,0.8361305361305362,1.0,0.5228438228438228,,,
acrobot,0.001,1e-08,trajectory,173,False,0.32494172494172496,1.0,0.015617715617715619,,,
acrobot,0.001,1e-08,trajectory,174,False,0.38648018648018645,1.0,1.0,,,
acrobot,0.001,1e-08,trajectory,175,False,0.886013986013986,1.0,0.334032634032634,,,
acrobot,0.001,1e-08,trajectory,176,False,0.1254079254079254,0.2543123543123543,1.0,,,
acrobot,0.001,1e-08,trajectory,177,True,0.009557109557109558,1.0,1.0,,,
acrobot,0.001,1e-08,trajectory,178,False,1.0,0.32587412587412584,1.0,,,
acrobot,0.001,1e-08,trajectory,179,False,0.5151515151515151,0.41235431235431236,0.12517482517482517,,,
acrobot,0.001,1e-08,trajectory,180,False,0.18554778554778556,1.0,0.38484848484848483,,,
acrobot,0.001,1e-08,trajectory,181,False,1.0,1.0,0.23426573426573427,,,
acrobot,0.001,1e-08,trajectory,182,False,1.0,0.22913752913752913,1.0,,,
acrobot,0.001,1e-08,trajectory,183,False,0.7617715617715617,1.0,1.0,,,
acrobot,0.001,1e-08,trajectory,184,False,0.3442890442890443,1.0,0.8710955710955711,,,
acrobot,0.001,1e-08,trajectory,185,False,1.0,0.25314685314685315,0.5195804195804196,,,
acrobot,0.001,1e-08,trajectory,186,False,0.5678321678321678,1.0,1.0,,,
acrobot,0.001,1e-08,trajectory,187,False,1.0,0.2811188811188811,1.0,,,
acrobot,0.001,1e-08,trajectory,188,False,1.0,1.0,1.0,,,
acrobot,0.001,1e-08,trajectory,189,False,0.6841491841491842,0.7037296037296037,0.9627039627039626,,,
acrobot,0.001,1e-08,trajectory,190,False,0.6226107226107226,1.0,0.5531468531468531,,,
acrobot,0.001,1e-08,trajectory,191,False,1.0,1.0,0.07855477855477856,,,
acrobot,0.001,1e-08,trajectory,192,False,1.0,1.0,1.0,,,
acrobot,0.001,1e-08,trajectory,193,False,0.5748251748251748,1.0,0.5855477855477855,,,
acrobot,0.001,1e-08,trajectory,194,False,1.0,0.672960372960373,0.5062937062937063,,,
acrobot,0.001,1e-08,trajectory,195,False,1.0,1.0,0.12843822843822844,,,
acrobot,0.001,1e-08,trajectory,196,False,0.2794871794871795,1.0,0.05058275058275059,,,
acrobot,0.001,1e-08,trajectory,197,False,1.0,0.2778554778554778,1.0,,,
acrobot,0.001,1e-08,trajectory,198,False,0.15431235431235432,0.696969696969697,1.0,,,
acrobot,0.001,1e-08,trajectory,199,False,1.0,1.0,1.0,,,
acrobot,0.001,1e-08,trajectory,200,False,1.0,1.0,0.9258741258741259,,,
acrobot,0.001,1e-08,trajectory,201,False,1.0,1.0,0.5417249417249418,,,
acrobot,0.001,1e-08,trajectory,202,False,1.0,1.0,0.14708624708624707,,,
acrobot,0.001,1e-08,trajectory,203,False,0.728904428904429,0.20442890442890443,1.0,,,
acrobot,0.001,1e-08,trajectory,204,False,0.8501165501165502,0.8032634032634033,0.2967365967365967,,,
acrobot,0.001,1e-08,trajectory,205,False,0.34941724941724944,1.0,1.0,,,
acrobot,0.001,1e-08,trajectory,206,False,1.0,1.0,1.0,,,
acrobot,0.001,1e-08,trajectory,207,False,1.0,0.8862470862470861,1.0,,,
acrobot,0.001,1e-08,trajectory,208,False,0.5333333333333333,1.0,1.0,,,
acrobot,0.001,1e-08,trajectory,209,False,1.0,1.0,1.0,,,
acrobot,0.001,1e-08,trajectory,210,False,1.0,0.31421911421911425,0.2871794871794872,,,
acrobot,0.001,1e-08,trajectory,211,False,0.15011655011655012,0.9058275058275058,0.3174825174825175,,,
acrobot,0.001,1e-08,trajectory,212,False,1.0,0.6202797202797203,1.0,,,
acrobot,0.001,1e-08,trajectory,213,False,1.0,1.0,0.7377622377622377,,,
acrobot,0.001,1e-08,trajectory,214,False,1.0,1.0,1.0,,,
acrobot,0.001,1e-08,trajectory,215,True,0.004195804195804196,1.0,1.0,,,
acrobot,0.001,1e-08,trajectory,216,False,1.0,0.6564102564102564,1.0,,,
acrobot,0.001,1e-08,trajectory,217,False,1.0,1.0,0.4191142191142191,,,
acrobot,0.001,1e-08,trajectory,218,False,0.8939393939393938,0.6324009324009324,1.0,,,
acrobot,0.001,1e-08,trajectory,219,False,0.7724941724941725,1.0,0.4305361305361306,,,
acrobot,0.001,1e-08,trajectory,220,False,1.0,0.40396270396270395,0.031235431235431238,,,
acrobot,0.001,1e-08,trajectory,221,False,0.7547785547785548,1.0,1.0,,,
acrobot,0.001,1e-08,trajectory,222,False,1.0,1.0,1.0,,,
acrobot,0.001,1e-08,trajectory,223,True,0.006060606060606061,1.0,1.0,,,
acrobot,0.001,1e-08,trajectory,224,False,1.0,0.8599067599067599,1.0,,,
acrobot,0.001,1e-08,trajectory,225,False,1.0,0.6377622377622378,1.0,,,
acrobot,0.001,1e-08,trajectory,226,False,0.8734265734265734,1.0,0.7202797202797203,,,
acrobot,0.001,1e-08,trajectory,227,False,1.0,1.0,0.5300699300699301,,,
acrobot,0.001,1e-08,trajectory,228,False,1.0,0.11608391608391609,1.0,,,
acrobot,0.001,1e-08,trajectory,229,False,0.2617715617715618,1.0,1.0,,,
acrobot,0.001,1e-08,trajectory,230,False,0.3645687645687645,1.0,1.0,,,
acrobot,0.001,1e-08,trajectory,231,False,1.0,1.0,0.15151515151515152,,,
acrobot,0.001,1e-08,trajectory,232,False,1.0,0.7701631701631702,1.0,,,
acrobot,0.001,1e-08,trajectory,233,False,0.8254079254079254,1.0,0.8505827505827506,,,
acrobot,0.001,1e-08,trajectory,234,False,1.0,0.04755244755244756,1.0,,,
acrobot,0.001,1e-08,trajectory,235,False,1.0,1.0,1.0,,,
acrobot,0.001,1e-08,trajectory,236,False,1.0,1.0,1.0,,,
acrobot,0.001,1e-08,trajectory,237,False,0.36806526806526807,1.0,0.11235431235431237,,,
acrobot,0.001,1e-08,trajectory,238,False,1.0,1.0,1.0,,,
acrobot,0.001,1e-08,trajectory,239,False,1.0,1.0,1.0,,,
acrobot,0.001,1e-08,trajectory,240,False,1.0,0.15571095571095572,0.06783216783216783,,,
acrobot,0.001,1e-08,trajectory,241,False,0.5452214452214452,1.0,1.0,,,
acrobot,0.001,1e-08,trajectory,242,False,1.0,1.0,0.29743589743589743,,,
acrobot,0.001,1e-08,trajectory,243,False,0.13006993006993006,1.0,0.9333333333333333,,,
acrobot,0.001,1e-08,trajectory,244,False,0.31585081585081587,0.651048951048951,1.0,,,
acrobot,0.001,1e-08,trajectory,245,True,0.0030303030303030303,0.7132867132867133,0.23263403263403265,,,
acrobot,0.001,1e-08,trajectory,246,False,0.3801864801864802,1.0,1.0,,,
acrobot,0.001,1e-08,trajectory,247,False,1.0,1.0,1.0,,,
acrobot,0.001,1e-08,trajectory,248,False,1.0,1.0,1.0,,,
acrobot,0.001,1e-08,trajectory,249,False,0.2801864801864802,1.0,1.0,,,
acrobot,0.001,1e-08,trajectory,250,False,1.0,1.0,1.0,,,
acrobot,0.001,1e-08,trajectory,251,False,1.0,1.0,1.0,,,
acrobot,0.001,1e-08,trajectory,252,False,1.0,0.24498834498834499,1.0,,,
acrobot,0.001,1e-08,trajectory,253,False,1.0,1.0,0.03193473193473193,,,
acrobot,0.001,1e-08,trajectory,254,False,1.0,0.2682983682983683,1.0,,,
acrobot,0.001,1e-08,trajectory,255,False,0.696969696969697,1.0,1.0,,,
acrobot,0.001,1e-08,trajectory,256,False,0.6522144522144522,0.19347319347319347,0.28857808857808853,,,
acrobot,0.001,1e-08,trajectory,257,False,1.0,0.29393939393939394,1.0,,,
acrobot,0.001,1e-08,trajectory,258,False,1.0,0.3944055944055944,1.0,,,
acrobot,0.001,1e-08,trajectory,259,False,1.0,0.16060606060606059,1.0,,,
acrobot,0.001,1e-08,trajectory,260,False,0.27995337995337993,1.0,1.0,,,
acrobot,0.001,1e-08,trajectory,261,False,1.0,0.4897435897435898,1.0,,,
acrobot,0.001,1e-08,trajectory,262,False,1.0,0.020279720279720283,1.0,,,
acrobot,0.001,1e-08,trajectory,263,False,1.0,0.5321678321678323,1.0,,,
acrobot,0.001,1e-08,trajectory,264,False,1.0,1.0,0.5510489510489511,,,
acrobot,0.001,1e-08,trajectory,265,False,1.0,0.14102564102564102,1.0,,,
acrobot,0.001,1e-08,trajectory,266,False,0.7867132867132867,0.4874125874125874,1.0,,,
acrobot,0.001,1e-08,trajectory,267,False,1.0,1.0,0.7023310023310023,,,
acrobot,0.001,1e-08,trajectory,268,False,0.26223776223776224,0.23543123543123545,0.6965034965034964,,,
acrobot,0.001,1e-08,trajectory,269,False,1.0,1.0,1.0,,,
acrobot,0.001,1e-08,trajectory,270,False,1.0,1.0,1.0,,,
acrobot,0.001,1e-08,trajectory,271,False,1.0,1.0,1.0,,,
acrobot,0.001,1e-08,trajectory,272,False,0.15104895104895105,0.2477855477855478,1.0,,,
acrobot,0.001,1e-08,trajectory,273,False,0.4881118881118881,1.0,1.0,,,
acrobot,0.001,1e-08,trajectory,274,False,1.0,1.0,1.0,,,
acrobot,0.001,1e-08,trajectory,275,False,0.6298368298368299,1.0,1.0,,,
acrobot,0.001,1e-08,trajectory,276,False,0.765034965034965,0.98997668997669,0.7918414918414918,,,
acrobot,0.001,1e-08,trajectory,277,False,0.15757575757575756,0.14778554778554778,0.5272727272727272,,,
acrobot,0.001,1e-08,trajectory,278,False,0.14312354312354314,0.5018648018648019,0.09557109557109557,,,
acrobot,0.001,1e-08,trajectory,279,False,0.7296037296037297,1.0,1.0,,,
acrobot,0.001,1e-08,trajectory,280,False,0.637995337995338,0.015384615384615385,0.3181818181818182,,,
acrobot,0.001,1e-08,trajectory,281,False,1.0,0.4093240093240093,1.0,,,
acrobot,0.001,1e-08,trajectory,282,False,1.0,0.5186480186480187,1.0,,,
acrobot,0.001,1e-08,trajectory,283,False,1.0,1.0,1.0,,,
acrobot,0.001,1e-08,trajectory,284,False,1.0,1.0,1.0,,,
acrobot,0.001,1e-08,trajectory,285,False,0.7156177156177156,1.0,0.5995337995337995,,,
acrobot,0.001,1e-08,trajectory,286,False,0.4496503496503496,1.0,1.0,,,
acrobot,0.001,1e-08,trajectory,287,False,1.0,1.0,1.0,,,
acrobot,0.001,1e-08,trajectory,288,False,0.4951048951048951,0.11631701631701633,1.0,,,
acrobot,0.001,1e-08,trajectory,289,False,0.1358974358974359,0.023310023310023312,1.0,,,
acrobot,0.001,1e-08,trajectory,290,False,1.0,1.0,1.0,,,
acrobot,0.001,1e-08,trajectory,291,False,0.5806526806526806,1.0,0.7766899766899767,,,
acrobot,0.001,1e-08,trajectory,292,False,1.0,1.0,1.0,,,
acrobot,0.001,1e-08,trajectory,293,False,0.7981351981351982,0.1564102564102564,1.0,,,
acrobot,0.001,1e-08,trajectory,294,False,0.41585081585081585,1.0,1.0,,,
acrobot,0.001,1e-08,trajectory,295,False,1.0,0.5895104895104895,1.0,,,
acrobot,0.001,1e-08,trajectory,296,False,0.20326340326340325,1.0,1.0,,,
acrobot,0.001,1e-08,trajectory,297,False,0.8116550116550116,1.0,1.0,,,
acrobot,0.001,1e-08,trajectory,298,False,1.0,1.0,1.0,,,
acrobot,0.001,1e-08,trajectory,299,False,1.0,1.0,1.0,,,
acrobot,0.001,1e-08,trajectory,300,False,1.0,0.5142191142191143,1.0,,,
acrobot,0.001,1e-08,trajectory,301,False,1.0,1.0,0.13986013986013987,,,
acrobot,0.001,1e-08,trajectory,302,False,1.0,1.0,1.0,,,
acrobot,0.001,1e-08,trajectory,303,False,0.7818181818181819,1.0,0.7937062937062936,,,
acrobot,0.001,1e-08,trajectory,304,False,1.0,1.0,1.0,,,
acrobot,0.001,1e-08,trajectory,305,True,0.006060606060606061,0.44405594405594406,1.0,,,
acrobot,0.001,1e-08,trajectory,306,False,1.0,1.0,0.6062937062937063,,,
acrobot,0.001,1e-08,trajectory,307,False,0.8554778554778555,1.0,1.0,,,
acrobot,0.001,1e-08,trajectory,308,False,1.0,0.17622377622377622,0.7946386946386946,,,
acrobot,0.001,1e-08,trajectory,309,False,1.0,1.0,0.9627039627039626,,,
acrobot,0.001,1e-08,trajectory,310,False,1.0,1.0,1.0,,,
acrobot,0.001,1e-08,trajectory,311,False,1.0,0.9363636363636364,1.0,,,
acrobot,0.001,1e-08,trajectory,312,False,1.0,0.5804195804195804,1.0,,,
acrobot,0.001,1e-08,trajectory,313,False,1.0,0.4585081585081585,0.372027972027972,,,
acrobot,0.001,1e-08,trajectory,314,False,1.0,1.0,0.1219114219114219,,,
acrobot,0.001,1e-08,trajectory,315,False,0.38601398601398595,0.14055944055944056,0.024009324009324012,,,
acrobot,0.001,1e-08,trajectory,316,False,0.9144522144522145,1.0,1.0,,,
acrobot,0.001,1e-08,trajectory,317,False,1.0,1.0,0.7095571095571096,,,
acrobot,0.001,1e-08,trajectory,318,False,0.08694638694638694,1.0,1.0,,,
acrobot,0.001,1e-08,trajectory,319,False,1.0,1.0,1.0,,,
acrobot,0.001,1e-08,trajectory,320,False,0.15547785547785548,0.2857808857808858,1.0,,,
acrobot,0.001,1e-08,trajectory,321,False,0.6205128205128205,1.0,1.0,,,
acrobot,0.001,1e-08,trajectory,322,False,0.25268065268065265,0.6303030303030303,0.43636363636363634,,,
acrobot,0.001,1e-08,trajectory,323,False,0.7396270396270397,1.0,1.0,,,
acrobot,0.001,1e-08,trajectory,324,False,1.0,1.0,0.15034965034965037,,,
acrobot,0.001,1e-08,trajectory,325,False,1.0,1.0,1.0,,,
acrobot,0.001,1e-08,trajectory,326,False,0.18811188811188811,1.0,1.0,,,
acrobot,0.001,1e-08,trajectory,327,False,1.0,0.6988344988344989,1.0,,,
acrobot,0.001,1e-08,trajectory,328,False,1.0,0.5738927738927739,1.0,,,
acrobot,0.001,1e-08,trajectory,329,False,0.03962703962703963,0.1613053613053613,1.0,,,
acrobot,0.001,1e-08,trajectory,330,False,1.0,0.9829836829836831,1.0,,,
acrobot,0.001,1e-08,trajectory,331,False,1.0,0.9533799533799534,0.09766899766899767,,,
acrobot,0.001,1e-08,trajectory,332,False,1.0,0.04242424242424243,1.0,,,
acrobot,0.001,1e-08,trajectory,333,False,0.5347319347319348,1.0,1.0,,,
acrobot,0.001,1e-08,trajectory,334,False,1.0,1.0,0.9666666666666668,,,
acrobot,0.001,1e-08,trajectory,335,False,1.0,1.0,1.0,,,
acrobot,0.001,1e-08,trajectory,336,False,1.0,1.0,1.0,,,
acrobot,0.001,1e-08,trajectory,337,False,0.5277389277389277,1.0,0.40396270396270395,,,
acrobot,0.001,1e-08,trajectory,338,True,0.005827505827505828,1.0,1.0,,,
acrobot,0.001,1e-08,trajectory,339,False,1.0,1.0,1.0,,,
acrobot,0.001,1e-08,trajectory,340,False,0.5608391608391607,1.0,0.34545454545454546,,,
acrobot,0.001,1e-08,trajectory,341,False,1.0,1.0,1.0,,,
acrobot,0.001,1e-08,trajectory,342,False,1.0,0.12634032634032633,1.0,,,
acrobot,0.001,1e-08,trajectory,343,False,1.0,1.0,1.0,,,
acrobot,0.001,1e-08,trajectory,344,False,0.8932400932400932,1.0,1.0,,,
acrobot,0.001,1e-08,trajectory,345,False,1.0,0.23566433566433564,1.0,,,
acrobot,0.001,1e-08,trajectory,346,False,0.10652680652680653,1.0,0.45081585081585085,,,
acrobot,0.001,1e-08,trajectory,347,False,1.0,1.0,1.0,,,
acrobot,0.001,1e-08,trajectory,348,False,0.6023310023310023,0.6848484848484848,0.6417249417249418,,,
acrobot,0.001,1e-08,trajectory,349,False,1.0,1.0,1.0,,,
acrobot,0.001,1e-08,trajectory,350,False,1.0,1.0,1.0,,,
acrobot,0.001,1e-08,trajectory,351,False,1.0,1.0,1.0,,,
acrobot,0.001,1e-08,trajectory,352,False,0.48601398601398604,1.0,1.0,,,
acrobot,0.001,1e-08,trajectory,353,False,1.0,1.0,0.11724941724941725,,,
acrobot,0.001,1e-08,trajectory,354,False,0.25361305361305364,1.0,1.0,,,
acrobot,0.001,1e-08,trajectory,355,False,0.6424242424242423,0.21025641025641026,1.0,,,
acrobot,0.001,1e-08,trajectory,356,False,1.0,1.0,0.786946386946387,,,
acrobot,0.001,1e-08,trajectory,357,False,1.0,1.0,0.10862470862470863,,,
acrobot,0.001,1e-08,trajectory,358,False,1.0,1.0,0.7694638694638694,,,
acrobot,0.001,1e-08,trajectory,359,False,1.0,0.34498834498834496,1.0,,,
acrobot,0.001,1e-08,trajectory,360,False,1.0,1.0,1.0,,,
acrobot,0.001,1e-08,trajectory,361,False,1.0,1.0,1.0,,,
acrobot,0.001,1e-08,trajectory,362,False,1.0,0.9062937062937063,0.31445221445221444,,,
acrobot,0.001,1e-08,trajectory,363,False,1.0,0.9466200466200466,1.0,,,
acrobot,0.001,1e-08,trajectory,364,False,1.0,1.0,1.0,,,
acrobot,0.001,1e-08,trajectory,365,False,1.0,0.7508158508158508,1.0,,,
acrobot,0.001,1e-08,trajectory,366,False,0.20303030303030306,1.0,0.014918414918414918,,,
acrobot,0.001,1e-08,trajectory,367,False,1.0,1.0,1.0,,,
acrobot,0.001,1e-08,trajectory,368,False,1.0,0.031235431235431238,1.0,,,
acrobot,0.001,1e-08,trajectory,369,False,0.651981351981352,1.0,0.20442890442890443,,,
acrobot,0.001,1e-08,trajectory,370,False,1.0,1.0,1.0,,,
acrobot,0.001,1e-08,trajectory,371,False,1.0,0.9188811188811188,1.0,,,
acrobot,0.001,1e-08,trajectory,372,False,0.33636363636363636,1.0,1.0,,,
acrobot,0.001,1e-08,trajectory,373,False,1.0,0.3389277389277389,1.0,,,
acrobot,0.001,1e-08,trajectory,374,False,1.0,1.0,1.0,,,
acrobot,0.001,1e-08,trajectory,375,False,1.0,1.0,0.6407925407925408,,,
acrobot,0.001,1e-08,trajectory,376,False,1.0,0.9629370629370629,1.0,,,
acrobot,0.001,1e-08,trajectory,377,False,1.0,1.0,1.0,,,
acrobot,0.001,1e-08,trajectory,378,False,0.13123543123543124,1.0,1.0,,,
acrobot,0.001,1e-08,trajectory,379,False,1.0,1.0,1.0,,,
acrobot,0.001,1e-08,trajectory,380,False,1.0,1.0,1.0,,,
acrobot,0.001,1e-08,trajectory,381,False,0.7484848484848485,1.0,1.0,,,
acrobot,0.001,1e-08,trajectory,382,False,0.4282051282051282,1.0,0.23356643356643358,,,
acrobot,0.001,1e-08,trajectory,383,False,1.0,1.0,1.0,,,
acrobot,0.001,1e-08,trajectory,384,False,1.0,1.0,1.0,,,
acrobot,0.001,1e-08,trajectory,385,False,1.0,1.0,1.0,,,
acrobot,0.001,1e-08,trajectory,386,False,1.0,0.4046620046620047,1.0,,,
acrobot,0.001,1e-08,trajectory,387,False,0.5104895104895105,1.0,1.0,,,
acrobot,0.001,1e-08,trajectory,388,False,1.0,0.12913752913752913,1.0,,,
acrobot,0.001,1e-08,trajectory,389,False,0.7032634032634032,1.0,1.0,,,
acrobot,0.001,1e-08,trajectory,390,False,1.0,0.882051282051282,1.0,,,
acrobot,0.001,1e-08,trajectory,391,False,0.29044289044289046,1.0,0.15104895104895105,,,
acrobot,0.001,1e-08,trajectory,392,False,1.0,0.2517482517482518,1.0,,,
acrobot,0.001,1e-08,trajectory,393,False,1.0,0.3627039627039627,1.0,,,
acrobot,0.001,1e-08,trajectory,394,False,0.5764568764568765,1.0,0.568997668997669,,,
acrobot,0.001,1e-08,trajectory,395,False,1.0,1.0,1.0,,,
acrobot,0.001,1e-08,trajectory,396,False,1.0,1.0,1.0,,,
acrobot,0.001,1e-08,trajectory,397,False,0.2058275058275058,0.8918414918414919,1.0,,,
acrobot,0.001,1e-08,trajectory,398,False,0.4811188811188811,1.0,1.0,,,
acrobot,0.001,1e-08,trajectory,399,False,1.0,0.8417249417249417,1.0,,,
acrobot,0.001,1e-08,trajectory,400,False,1.0,1.0,1.0,,,
acrobot,0.001,1e-08,trajectory,401,False,0.3487179487179487,1.0,1.0,,,
acrobot,0.001,1e-08,trajectory,402,False,0.6055944055944056,0.7701631701631702,0.7529137529137528,,,
acrobot,0.001,1e-08,trajectory,403,False,0.9177156177156178,1.0,0.6533799533799534,,,
acrobot,0.001,1e-08,trajectory,404,False,1.0,0.617016317016317,1.0,,,
acrobot,0.001,1e-08,trajectory,405,False,1.0,1.0,1.0,,,
acrobot,0.001,1e-08,trajectory,406,False,1.0,0.5624708624708624,0.14032634032634034,,,
acrobot,0.001,1e-08,trajectory,407,False,1.0,1.0,1.0,,,
acrobot,0.001,1e-08,trajectory,408,False,0.6494172494172494,1.0,0.055477855477855484,,,
acrobot,0.001,1e-08,trajectory,409,False,0.496037296037296,0.4857808857808858,1.0,,,
acrobot,0.001,1e-08,trajectory,410,False,1.0,1.0,1.0,,,
acrobot,0.001,1e-08,trajectory,411,False,1.0,0.05990675990675991,0.9412587412587412,,,
acrobot,0.001,1e-08,trajectory,412,False,1.0,1.0,1.0,,,
acrobot,0.001,1e-08,trajectory,413,False,1.0,1.0,0.04638694638694639,,,
acrobot,0.001,1e-08,trajectory,414,False,0.27062937062937065,1.0,0.7543123543123543,,,
acrobot,0.001,1e-08,trajectory,415,False,1.0,1.0,1.0,,,
acrobot,0.001,1e-08,trajectory,416,False,1.0,1.0,1.0,,,
acrobot,0.001,1e-08,trajectory,417,False,1.0,1.0,0.5419580419580419,,,
acrobot,0.001,1e-08,trajectory,418,False,1.0,1.0,1.0,,,
acrobot,0.001,1e-08,trajectory,419,False,0.21538461538461537,1.0,1.0,,,
acrobot,0.001,1e-08,trajectory,420,False,1.0,1.0,1.0,,,
acrobot,0.001,1e-08,trajectory,421,False,1.0,0.5333333333333333,1.0,,,
acrobot,0.001,1e-08,trajectory,422,False,1.0,1.0,1.0,,,
acrobot,0.001,1e-08,trajectory,423,False,0.2128205128205128,1.0,0.4233100233100233,,,
acrobot,0.001,1e-08,trajectory,424,False,0.94009324009324,0.955944055944056,0.5561771561771562,,,
acrobot,0.001,1e-08,trajectory,425,False,1.0,0.38275058275058277,1.0,,,
acrobot,0.001,1e-08,trajectory,426,False,0.8046620046620045,0.8072261072261071,1.0,,,
acrobot,0.001,1e-08,trajectory,427,False,1.0,1.0,0.8801864801864803,,,
acrobot,0.001,1e-08,trajectory,428,False,0.6480186480186481,1.0,0.1034965034965035,,,
acrobot,0.001,1e-08,trajectory,429,False,1.0,1.0,0.5421911421911422,,,
acrobot,0.001,1e-08,trajectory,430,False,0.9561771561771562,0.9797202797202798,1.0,,,
acrobot,0.001,1e-08,trajectory,431,False,1.0,1.0,1.0,,,
acrobot,0.001,1e-08,trajectory,432,False,1.0,0.5468531468531469,1.0,,,
acrobot,0.001,1e-08,trajectory,433,False,1.0,1.0,0.47482517482517483,,,
acrobot,0.001,1e-08,trajectory,434,False,0.7965034965034965,1.0,0.16666666666666666,,,
acrobot,0.001,1e-08,trajectory,435,False,1.0,0.5414918414918415,1.0,,,
acrobot,0.001,1e-08,trajectory,436,False,0.10303030303030303,0.18951048951048954,0.6146853146853147,,,
acrobot,0.001,1e-08,trajectory,437,False,1.0,1.0,1.0,,,
acrobot,0.001,1e-08,trajectory,438,False,1.0,1.0,0.20233100233100235,,,
acrobot,0.001,1e-08,trajectory,439,False,1.0,0.7247086247086247,1.0,,,
acrobot,0.001,1e-08,trajectory,440,False,1.0,1.0,1.0,,,
acrobot,0.001,1e-08,trajectory,441,False,1.0,0.2953379953379953,0.5923076923076923,,,
acrobot,0.001,1e-08,trajectory,442,False,1.0,0.42004662004662,1.0,,,
acrobot,0.001,1e-08,trajectory,443,False,1.0,0.7979020979020979,0.30582750582750584,,,
acrobot,0.001,1e-08,trajectory,444,False,1.0,1.0,1.0,,,
acrobot,0.001,1e-08,trajectory,445,False,1.0,1.0,1.0,,,
acrobot,0.001,1e-08,trajectory,446,False,1.0,1.0,1.0,,,
acrobot,0.001,1e-08,trajectory,447,False,0.36876456876456876,0.6867132867132868,1.0,,,
acrobot,0.001,1e-08,trajectory,448,False,0.18321678321678322,1.0,1.0,,,
acrobot,0.001,1e-08,trajectory,449,False,1.0,1.0,1.0,,,
acrobot,0.001,1e-08,trajectory,450,False,1.0,1.0,1.0,,,
acrobot,0.001,1e-08,trajectory,451,False,0.4757575757575757,1.0,1.0,,,
acrobot,0.001,1e-08,trajectory,452,False,1.0,1.0,1.0,,,
acrobot,0.001,1e-08,trajectory,453,False,0.02703962703962704,1.0,0.8648018648018647,,,
acrobot,0.001,1e-08,trajectory,454,False,0.17016317016317017,1.0,0.38601398601398595,,,
acrobot,0.001,1e-08,trajectory,455,False,1.0,1.0,1.0,,,
acrobot,0.001,1e-08,trajectory,456,False,0.6974358974358974,0.5529137529137529,1.0,,,
acrobot,0.001,1e-08,trajectory,457,False,1.0,1.0,1.0,,,
acrobot,0.001,1e-08,trajectory,458,False,0.2097902097902098,1.0,1.0,,,
acrobot,0.001,1e-08,trajectory,459,False,1.0,1.0,1.0,,,
acrobot,0.001,1e-08,trajectory,460,False,1.0,0.6172494172494173,1.0,,,
acrobot,0.001,1e-08,trajectory,461,False,0.47156177156177154,1.0,0.7815850815850816,,,
acrobot,0.001,1e-08,trajectory,462,False,1.0,0.5426573426573427,1.0,,,
acrobot,0.001,1e-08,trajectory,463,False,1.0,1.0,1.0,,,
acrobot,0.001,1e-08,trajectory,464,False,1.0,0.4461538461538461,1.0,,,
acrobot,0.001,1e-08,trajectory,465,False,1.0,1.0,0.761072261072261,,,
acrobot,0.001,1e-08,trajectory,466,False,1.0,1.0,1.0,,,
acrobot,0.001,1e-08,trajectory,467,False,1.0,1.0,0.365034965034965,,,
acrobot,0.001,1e-08,trajectory,468,False,1.0,1.0,1.0,,,
acrobot,0.001,1e-08,trajectory,469,False,1.0,1.0,1.0,,,
acrobot,0.001,1e-08,trajectory,470,False,1.0,0.06223776223776224,1.0,,,
acrobot,0.001,1e-08,trajectory,471,False,1.0,1.0,1.0,,,
acrobot,0.001,1e-08,trajectory,472,False,1.0,1.0,1.0,,,
acrobot,0.001,1e-08,trajectory,473,False,1.0,0.776923076923077,0.1421911421911422,,,
acrobot,0.001,1e-08,trajectory,474,False,1.0,0.17202797202797204,1.0,,,
acrobot,0.001,1e-08,trajectory,475,False,1.0,1.0,0.7177156177156178,,,
acrobot,0.001,1e-08,trajectory,476,False,0.575990675990676,1.0,1.0,,,
acrobot,0.001,1e-08,trajectory,477,False,1.0,1.0,0.2317016317016317,,,
acrobot,0.001,1e-08,trajectory,478,False,1.0,1.0,1.0,,,
acrobot,0.001,1e-08,trajectory,479,False,0.6328671328671328,1.0,0.34941724941724944,,,
acrobot,0.001,1e-08,trajectory,480,False,1.0,0.7948717948717949,0.365034965034965,,,
acrobot,0.001,1e-08,trajectory,481,False,1.0,0.6307692307692307,0.6582750582750583,,,
acrobot,0.001,1e-08,trajectory,482,False,0.28088578088578087,1.0,0.3072261072261072,,,
acrobot,0.001,1e-08,trajectory,483,False,1.0,0.9032634032634033,1.0,,,
acrobot,0.001,1e-08,trajectory,484,False,1.0,1.0,1.0,,,
acrobot,0.001,1e-08,trajectory,485,False,1.0,0.8102564102564103,1.0,,,
acrobot,0.001,1e-08,trajectory,486,False,1.0,1.0,0.9312354312354313,,,
acrobot,0.001,1e-08,trajectory,487,False,0.5335664335664336,1.0,0.27342657342657345,,,
acrobot,0.001,1e-08,trajectory,488,False,1.0,1.0,1.0,,,
acrobot,0.001,1e-08,trajectory,489,False,1.0,1.0,0.1421911421911422,,,
acrobot,0.001,1e-08,trajectory,490,False,1.0,1.0,0.9254079254079255,,,
acrobot,0.001,1e-08,trajectory,491,False,1.0,1.0,1.0,,,
acrobot,0.001,1e-08,trajectory,492,False,1.0,0.6682983682983683,0.5051282051282051,,,
acrobot,0.001,1e-08,trajectory,493,False,0.7517482517482518,0.6755244755244756,1.0,,,
acrobot,0.001,1e-08,trajectory,494,False,0.7582750582750581,0.9104895104895104,0.14988344988344987,,,
acrobot,0.001,1e-08,trajectory,495,False,1.0,1.0,1.0,,,
acrobot,0.001,1e-08,trajectory,496,False,1.0,0.20466200466200465,1.0,,,
acrobot,0.001,1e-08,trajectory,497,False,1.0,1.0,1.0,,,
acrobot,0.001,1e-08,trajectory,498,False,1.0,1.0,1.0,,,
acrobot,0.001,1e-08,trajectory,499,False,0.24219114219114218,1.0,0.5874125874125874,,,
acrobot,0.001,0.0,block,0,False,0.08100747825635018,1.0,1.0,,,
acrobot,0.001,0.0,block,1,False,1.0,1.0,1.0,,,
acrobot,0.001,0.0,block,2,False,0.47573135566456953,1.0,1.0,,,
acrobot,0.001,0.0,block,3,False,0.772359662152843,1.0,0.29960972063776153,,,
acrobot,0.001,0.0,block,4,False,1.0,1.0,1.0,,,
acrobot,0.001,0.0,block,5,False,1.0,1.0,0.28572658573413684,,,
acrobot,0.001,0.0,block,6,False,1.0,1.0,1.0,,,
acrobot,0.001,0.0,block,7,False,1.0,1.0,1.0,,,
acrobot,0.001,0.0,block,8,False,0.879868939422959,0.5365472533335345,1.0,,,
acrobot,0.001,0.0,block,9,False,1.0,1.0,1.0,,,
acrobot,0.001,0.0,block,10,False,1.0,1.0,0.39332495228048814,,,
acrobot,0.001,0.0,block,11,False,0.7338785549982524,1.0,0.2926077714882267,,,
acrobot,0.001,0.0,block,12,False,0.5687127634704081,1.0,1.0,,,
acrobot,0.001,0.0,block,13,False,1.0,0.8252520527076169,1.0,,,
acrobot,0.001,0.0,block,14,False,0.6601171396509709,0.772359662152843,1.0,,,
acrobot,0.001,0.0,block,15,False,1.0,1.0,1.0,,,
acrobot,0.001,0.0,block,16,False,1.0,0.6601171396509709,0.8937804515408361,,,
acrobot,0.001,0.0,block,17,False,1.0,0.17195506651594172,0.13411025834188464,,,
acrobot,0.001,0.0,block,18,False,0.7212848262497709,1.0,0.09158435797365085,,,
acrobot,0.001,0.0,block,19,False,1.0,1.0,1.0,,,
acrobot,0.001,0.0,block,20,False,1.0,1.0,1.0,,,
acrobot,0.001,0.0,block,21,False,1.0,1.0,0.7338785549982524,,,
acrobot,0.001,0.0,block,22,False,1.0,1.0,1.0,,,
acrobot,0.001,0.0,block,23,False,1.0,0.031938787835077476,1.0,,,
acrobot,0.001,0.0,block,24,False,0.5687127634704081,0.229079020484724,1.0,,,
acrobot,0.001,0.0,block,25,False,0.7465897574561193,0.20683258852868036,1.0,,,
acrobot,0.001,0.0,block,26,False,0.7985841665571833,0.42864710751808144,1.0,,,
acrobot,0.001,0.0,block,27,False,0.10957335175386179,1.0,0.7854157708319334,,,
acrobot,0.001,0.0,block,28,False,0.9361041355301468,1.0,1.0,,,
acrobot,0.001,0.0,block,29,False,0.41072656095055604,1.0,0.4565054969269991,,,
acrobot,0.001,0.0,block,30,False,0.09158435797365085,1.0,0.5796929415731504,,,
acrobot,0.001,0.0,block,31,False,0.09158435797365085,1.0,0.2789652996292276,,,
acrobot,0.001,0.0,block,32,False,0.6482508132675584,1.0,1.0,,,
acrobot,0.001,0.0,block,33,False,0.34420207223436117,0.0835511627779364,1.0,,,
acrobot,0.001,0.0,block,34,False,1.0,1.0,1.0,,,
acrobot,0.001,0.0,block,35,False,1.0,0.1063887099475759,0.13411025834188464,,,
acrobot,0.001,0.0,block,36,False,1.0,1.0,1.0,,,
acrobot,0.001,0.0,block,37,False,1.0,1.0,1.0,,,
acrobot,0.001,0.0,block,38,False,0.11617665758244117,0.24086372453757687,0.9938388491283483,,,
acrobot,0.001,0.0,block,39,False,1.0,0.03676413718741096,0.8660586332951499,,,
acrobot,0.001,0.0,block,40,False,0.02767467148962666,1.0,0.01299701737567707,,,
acrobot,0.001,0.0,block,41,False,1.0,1.0,1.0,,,
acrobot,0.001,0.0,block,42,False,1.0,0.8937804515408361,0.0835511627779364,,,
acrobot,0.001,0.0,block,43,False,1.0,1.0,1.0,,,
acrobot,0.001,0.0,block,44,True,1.0,0.007675808125015128,1.0,,,
acrobot,0.001,0.0,block,45,False,1.0,0.39332495228048814,0.30673326816560137,,,
acrobot,0.001,0.0,block,46,False,1.0,1.0,1.0,,,
acrobot,0.001,0.0,block,47,False,1.0,0.7338785549982524,0.13411025834188464,,,
acrobot,0.001,0.0,block,48,False,0.04518266677945063,1.0,0.328841399322342,,,
acrobot,0.001,0.0,block,49,False,1.0,0.2789652996292276,1.0,,,
acrobot,0.001,0.0,block,50,False,1.0,1.0,1.0,,,
acrobot,0.001,0.0,block,51,False,0.13411025834188464,0.772359662152843,0.7338785549982524,,,
acrobot,0.001,0.0,block,52,False,1.0,1.0,0.01705977708238298,,,
acrobot,0.001,0.0,block,53,False,0.9647919518630604,1.0,0.4019610517771268,,,
acrobot,0.001,0.0,block,54,False,1.0,1.0,1.0,,,
acrobot,0.001,0.0,block,55,False,1.0,1.0,1.0,,,
acrobot,0.001,0.0,block,56,False,0.44708876409667914,1.0,1.0,,,
acrobot,0.001,0.0,block,57,False,1.0,1.0,0.24086372453757687,,,
acrobot,0.001,0.0,block,58,False,1.0,0.9647919518630604,0.9504021423127594,,,
acrobot,0.001,0.0,block,59,True,0.5687127634704081,1.0,0.0032313173096244043,,,
acrobot,0.001,0.0,block,60,False,1.0,1.0,1.0,,,
acrobot,0.001,0.0,block,61,False,1.0,0.15420917121249997,1.0,,,
acrobot,0.001,0.0,block,62,False,0.25310092399018064,1.0,1.0,,,
acrobot,0.001,0.0,block,63,False,1.0,1.0,1.0,,,
acrobot,0.001,0.0,block,64,False,1.0,1.0,1.0,,,
acrobot,0.001,0.0,block,65,True,0.526084987282804,1.0,0.005962772253897059,,,
acrobot,0.001,0.0,block,66,False,1.0,0.029740064526326604,0.16737462269358203,,,
acrobot,0.001,0.0,block,67,False,0.39332495228048814,1.0,1.0,,,
acrobot,0.001,0.0,block,68,False,1.0,1.0,0.5908015471780221,,,
acrobot,0.001,0.0,block,69,False,1.0,1.0,1.0,,,
acrobot,0.001,0.0,block,70,False,1.0,1.0,1.0,,,
acrobot,0.001,0.0,block,71,False,1.0,1.0,0.04078629657486471,,,
acrobot,0.001,0.0,block,72,False,1.0,1.0,1.0,,,
acrobot,0.001,0.0,block,73,False,0.8660586332951499,0.5055514910325458,1.0,,,
acrobot,0.001,0.0,block,74,False,1.0,0.16289099695319942,0.18141138783730978,,,
acrobot,0.001,0.0,block,75,False,1.0,1.0,1.0,,,
acrobot,0.001,0.0,block,76,False,0.5365472533335345,1.0,1.0,,,
acrobot,0.001,0.0,block,77,False,0.5796929415731504,0.2233536943355491,0.34420207223436117,,,
acrobot,0.001,0.0,block,78,False,1.0,1.0,0.6365089800140822,,,
acrobot,0.001,0.0,block,79,False,1.0,1.0,0.7985841665571833,,,
acrobot,0.001,0.0,block,80,False,0.3213483487298871,0.0380648996836357,1.0,,,
acrobot,0.001,0.0,block,81,False,1.0,1.0,1.0,,,
acrobot,0.001,0.0,block,82,False,1.0,0.9077913851166579,1.0,,,
acrobot,0.001,0.0,block,83,False,1.0,0.3520710139700063,0.25310092399018064,,,
acrobot,0.001,0.0,block,84,False,1.0,1.0,1.0,,,
acrobot,0.001,0.0,block,85,False,0.23491533749977817,1.0,0.5055514910325458,,,
acrobot,0.001,0.0,block,86,False,1.0,1.0,1.0,,,
acrobot,0.001,0.0,block,87,False,1.0,0.4954806458083422,1.0,,,
acrobot,0.001,0.0,block,88,False,1.0,1.0,0.20154006627467888,,,
acrobot,0.001,0.0,block,89,False,1.0,1.0,1.0,,,
acrobot,0.001,0.0,block,90,False,1.0,1.0,0.47573135566456953,,,
acrobot,0.001,0.0,block,91,False,1.0,0.2926077714882267,0.11959789877412955,,,
acrobot,0.001,0.0,block,92,False,1.0,0.9361041355301468,1.0,,,
acrobot,0.001,0.0,block,93,False,1.0,0.9504021423127594,1.0,,,
acrobot,0.001,0.0,block,94,False,1.0,1.0,1.0,,,
acrobot,0.001,0.0,block,95,False,1.0,1.0,1.0,,,
acrobot,0.001,0.0,block,96,False,1.0,1.0,0.6134018931308428,,,
acrobot,0.001,0.0,block,97,False,1.0,1.0,1.0,,,
acrobot,0.001,0.0,block,98,False,1.0,1.0,1.0,,,
acrobot,0.001,0.0,block,99,False,0.672107117289352,0.1063887099475759,1.0,,,
acrobot,0.001,0.0,block,100,False,1.0,0.9938388491283483,1.0,,,
acrobot,0.001,0.0,block,101,False,1.0,0.9938388491283483,0.3764394349727303,,,
acrobot,0.001,0.0,block,102,False,1.0,1.0,1.0,,,
acrobot,0.001,0.0,block,103,False,1.0,0.5365472533335345,1.0,,,
acrobot,0.001,0.0,block,104,False,0.9504021423127594,1.0,0.17195506651594172,,,
acrobot,0.001,0.0,block,105,False,1.0,1.0,1.0,,,
acrobot,0.001,0.0,block,106,False,1.0,0.7854157708319334,0.6365089800140822,,,
acrobot,0.001,0.0,block,107,False,1.0,0.6365089800140822,1.0,,,
acrobot,0.001,0.0,block,108,False,1.0,1.0,0.27232302162549693,,,
acrobot,0.001,0.0,block,109,False,1.0,1.0,1.0,,,
acrobot,0.001,0.0,block,110,False,1.0,1.0,0.18628973159586804,,,
acrobot,0.001,0.0,block,111,False,0.8252520527076169,1.0,1.0,,,
acrobot,0.001,0.0,block,112,False,1.0,1.0,1.0,,,
acrobot,0.001,0.0,block,113,True,1.0,0.28572658573413684,0.0030890769921376694,,,
acrobot,0.001,0.0,block,114,False,0.62489242828397,0.9504021423127594,0.9361041355301468,,,
acrobot,0.001,0.0,block,115,False,1.0,1.0,1.0,,,
acrobot,0.001,0.0,block,116,False,0.696454390834405,1.0,1.0,,,
acrobot,0.001,0.0,block,117,True,1.0,0.006221691809685221,0.01108571743405162,,,
acrobot,0.001,0.0,block,118,False,0.42864710751808144,1.0,1.0,,,
acrobot,0.001,0.0,block,119,False,1.0,0.838748529874541,1.0,,,
acrobot,0.001,0.0,block,120,False,1.0,0.48554057721882016,1.0,,,
acrobot,0.001,0.0,block,121,False,0.21773826078198077,1.0,0.9938388491283483,,,
acrobot,0.001,0.0,block,122,False,0.2926077714882267,1.0,1.0,,,
acrobot,0.001,0.0,block,123,False,0.20154006627467888,1.0,1.0,,,
acrobot,0.001,0.0,block,124,False,1.0,1.0,1.0,,,
acrobot,0.001,0.0,block,125,False,0.28572658573413684,0.838748529874541,1.0,,,
acrobot,0.001,0.0,block,126,False,0.8937804515408361,1.0,1.0,,,
acrobot,0.001,0.0,block,127,False,0.47573135566456953,1.0,1.0,,,
acrobot,0.001,0.0,block,128,False,1.0,1.0,1.0,,,
acrobot,0.001,0.0,block,129,False,1.0,1.0,1.0,,,
acrobot,0.001,0.0,block,130,False,1.0,1.0,1.0,,,
acrobot,0.001,0.0,block,131,False,1.0,1.0,1.0,,,
acrobot,0.001,0.0,block,132,False,1.0,0.7338785549982524,0.11617665758244117,,,
acrobot,0.001,0.0,block,133,False,1.0,0.1963528713849631,1.0,,,
acrobot,0.001,0.0,block,134,False,1.0,0.4954806458083422,0.014618414033056472,,,
acrobot,0.001,0.0,block,135,False,0.8118634207598285,1.0,0.20154006627467888,,,
acrobot,0.001,0.0,block,136,False,1.0,0.44708876409667914,0.18141138783730978,,,
acrobot,0.001,0.0,block,137,False,1.0,1.0,1.0,,,
acrobot,0.001,0.0,block,138,False,1.0,1.0,0.7465897574561193,,,
acrobot,0.001,0.0,block,139,False,1.0,0.48554057721882016,1.0,,,
acrobot,0.001,0.0,block,140,False,1.0,0.8660586332951499,0.15420917121249997,,,
acrobot,0.001,0.0,block,141,False,1.0,0.8118634207598285,0.6365089800140822,,,
acrobot,0.001,0.0,block,142,False,1.0,0.02140133455280908,1.0,,,
acrobot,0.001,0.0,block,143,False,0.8937804515408361,1.0,1.0,,,
acrobot,0.001,0.0,block,144,False,1.0,0.672107117289352,1.0,,,
acrobot,0.001,0.0,block,145,False,0.24086372453757687,0.5796929415731504,1.0,,,
acrobot,0.001,0.0,block,146,False,0.04673592035038431,0.5157529941043728,0.23491533749977817,,,
acrobot,0.001,0.0,block,147,False,1.0,1.0,0.8523512683511143,,,
acrobot,0.001,0.0,block,148,False,1.0,1.0,1.0,,,
acrobot,0.001,0.0,block,149,False,0.7088097348324447,1.0,1.0,,,
acrobot,0.001,0.0,block,150,False,1.0,1.0,1.0,,,
acrobot,0.001,0.0,block,151,False,1.0,1.0,1.0,,,
acrobot,0.001,0.0,block,152,False,0.19126982420576488,0.9218999068913776,1.0,,,
acrobot,0.001,0.0,block,153,False,1.0,1.0,0.0380648996836357,,,
acrobot,0.001,0.0,block,154,False,0.5796929415731504,1.0,1.0,,,
acrobot,0.001,0.0,block,155,False,1.0,1.0,0.1063887099475759,,,
acrobot,0.001,0.0,block,156,False,0.6601171396509709,1.0,1.0,,,
acrobot,0.001,0.0,block,157,False,1.0,0.5365472533335345,1.0,,,
acrobot,0.001,0.0,block,158,False,1.0,0.7594172165960001,1.0,,,
acrobot,0.001,0.0,block,159,False,0.4196218151385362,1.0,1.0,,,
acrobot,0.001,0.0,block,160,False,1.0,0.5157529941043728,0.01705977708238298,,,
acrobot,0.001,0.0,block,161,False,1.0,1.0,1.0,,,
acrobot,0.001,0.0,block,162,False,1.0,1.0,1.0,,,
acrobot,0.001,0.0,block,163,False,1.0,1.0,1.0,,,
acrobot,0.001,0.0,block,164,False,1.0,1.0,1.0,,,
acrobot,0.001,0.0,block,165,False,0.4019610517771268,0.4378026883255754,1.0,,,
acrobot,0.001,0.0,block,166,False,1.0,1.0,0.2789652996292276,,,
acrobot,0.001,0.0,block,167,False,1.0,0.6482508132675584,1.0,,,
acrobot,0.001,0.0,block,168,False,1.0,1.0,1.0,,,
acrobot,0.001,0.0,block,169,False,1.0,1.0,0.3213483487298871,,,
acrobot,0.001,0.0,block,170,False,1.0,1.0,1.0,,,
acrobot,0.001,0.0,block,171,False,1.0,1.0,0.08616104305328703,,,
acrobot,0.001,0.0,block,172,False,0.7338785549982524,1.0,0.328841399322342,,,
acrobot,0.001,0.0,block,173,True,0.21773826078198077,1.0,0.0011544039746788442,,,
acrobot,0.001,0.0,block,174,False,0.4019610517771268,1.0,1.0,,,
acrobot,0.001,0.0,block,175,False,1.0,1.0,0.20683258852868036,,,
acrobot,0.001,0.0,block,176,False,0.2789652996292276,0.2233536943355491,1.0,,,
acrobot,0.001,0.0,block,177,False,0.1379516588010935,1.0,0.7338785549982524,,,
acrobot,0.001,0.0,block,178,False,0.8252520527076169,0.3681891429585907,1.0,,,
acrobot,0.001,0.0,block,179,False,0.526084987282804,0.3139792193335831,0.01841115841994683,,,
acrobot,0.001,0.0,block,180,False,0.8523512683511143,1.0,0.10328036197593013,,,
acrobot,0.001,0.0,block,181,False,1.0,1.0,0.3213483487298871,,,
acrobot,0.001,0.0,block,182,False,1.0,0.33645908151862935,1.0,,,
acrobot,0.001,0.0,block,183,False,0.6365089800140822,1.0,1.0,,,
acrobot,0.001,0.0,block,184,False,0.4196218151385362,1.0,0.7212848262497709,,,
acrobot,0.001,0.0,block,185,False,1.0,0.08883835900683901,0.06495278148006871,,,
acrobot,0.001,0.0,block,186,False,0.5365472533335345,1.0,1.0,,,
acrobot,0.001,0.0,block,187,False,1.0,0.526084987282804,1.0,,,
acrobot,0.001,0.0,block,188,False,1.0,1.0,1.0,,,
acrobot,0.001,0.0,block,189,False,0.5687127634704081,0.6601171396509709,0.34420207223436117,,,
acrobot,0.001,0.0,block,190,False,1.0,1.0,0.6482508132675584,,,
acrobot,0.001,0.0,block,191,False,1.0,1.0,0.03550206777506726,,,
acrobot,0.001,0.0,block,192,False,1.0,1.0,1.0,,,
acrobot,0.001,0.0,block,193,False,0.5055514910325458,1.0,0.3139792193335831,,,
acrobot,0.001,0.0,block,194,False,1.0,0.7985841665571833,0.41072656095055604,,,
acrobot,0.001,0.0,block,195,False,1.0,1.0,0.029740064526326604,,,
acrobot,0.001,0.0,block,196,False,0.4378026883255754,1.0,0.048334775229268434,,,
acrobot,0.001,0.0,block,197,False,1.0,0.24086372453757687,1.0,,,
acrobot,0.001,0.0,block,198,False,0.11283557182823706,0.5471395250186626,1.0,,,
acrobot,0.001,0.0,block,199,False,1.0,1.0,1.0,,,
acrobot,0.001,0.0,block,200,False,1.0,1.0,1.0,,,
acrobot,0.001,0.0,block,201,False,1.0,1.0,0.23491533749977817,,,
acrobot,0.001,0.0,block,202,False,1.0,1.0,0.01641770093996988,,,
acrobot,0.001,0.0,block,203,False,0.5471395250186626,0.2233536943355491,1.0,,,
acrobot,0.001,0.0,block,204,False,0.41072656095055604,0.6482508132675584,0.02767467148962666,,,
acrobot,0.001,0.0,block,205,False,0.28572658573413684,1.0,1.0,,,
acrobot,0.001,0.0,block,206,False,1.0,1.0,1.0,,,
acrobot,0.001,0.0,block,207,False,1.0,1.0,0.62489242828397,,,
acrobot,0.001,0.0,block,208,False,0.7594172165960001,1.0,1.0,,,
acrobot,0.001,0.0,block,209,False,1.0,1.0,1.0,,,
acrobot,0.001,0.0,block,210,False,1.0,0.44708876409667914,0.23491533749977817,,,
acrobot,0.001,0.0,block,211,False,0.14589946394376382,0.7985841665571833,0.1063887099475759,,,
acrobot,0.001,0.0,block,212,False,1.0,0.9361041355301468,0.772359662152843,,,
acrobot,0.001,0.0,block,213,False,1.0,1.0,0.328841399322342,,,
acrobot,0.001,0.0,block,214,False,1.0,1.0,1.0,,,
acrobot,0.001,0.0,block,215,False,0.014058955962908914,1.0,1.0,,,
acrobot,0.001,0.0,block,216,False,1.0,0.8118634207598285,1.0,,,
acrobot,0.001,0.0,block,217,False,0.36006651389765165,1.0,0.25310092399018064,,,
acrobot,0.001,0.0,block,218,False,1.0,0.7088097348324447,1.0,,,
acrobot,0.001,0.0,block,219,False,0.7854157708319334,1.0,0.27232302162549693,,,
acrobot,0.001,0.0,block,220,True,1.0,0.39332495228048814,0.007675808125015128,,,
acrobot,0.001,0.0,block,221,False,0.8252520527076169,1.0,1.0,,,
acrobot,0.001,0.0,block,222,False,1.0,1.0,1.0,,,
acrobot,0.001,0.0,block,223,False,0.01705977708238298,1.0,1.0,,,
acrobot,0.001,0.0,block,224,False,1.0,0.526084987282804,1.0,,,
acrobot,0.001,0.0,block,225,False,1.0,0.8937804515408361,1.0,,,
acrobot,0.001,0.0,block,226,False,0.8252520527076169,1.0,0.7088097348324447,,,
acrobot,0.001,0.0,block,227,False,1.0,1.0,0.7985841665571833,,,
acrobot,0.001,0.0,block,228,False,1.0,0.328841399322342,0.8660586332951499,,,
acrobot,0.001,0.0,block,229,False,0.384817885760818,1.0,1.0,,,
acrobot,0.001,0.0,block,230,False,0.2233536943355491,1.0,1.0,,,
acrobot,0.001,0.0,block,231,False,1.0,1.0,0.09158435797365085,,,
acrobot,0.001,0.0,block,232,False,1.0,0.6842198507217288,1.0,,,
acrobot,0.001,0.0,block,233,False,0.879868939422959,1.0,0.772359662152843,,,
acrobot,0.001,0.0,block,234,True,1.0,0.0083388153784339,1.0,,,
acrobot,0.001,0.0,block,235,False,1.0,1.0,1.0,,,
acrobot,0.001,0.0,block,236,False,1.0,1.0,1.0,,,
acrobot,0.001,0.0,block,237,False,0.28572658573413684,1.0,0.0380648996836357,,,
acrobot,0.001,0.0,block,238,False,1.0,1.0,1.0,,,
acrobot,0.001,0.0,block,239,False,1.0,1.0,1.0,,,
acrobot,0.001,0.0,block,240,False,1.0,0.11959789877412955,0.01108571743405162,,,
acrobot,0.001,0.0,block,241,False,0.25310092399018064,1.0,1.0,,,
acrobot,0.001,0.0,block,242,False,1.0,1.0,0.10957335175386179,,,
acrobot,0.001,0.0,block,243,False,0.1379516588010935,1.0,0.47573135566456953,,,
acrobot,0.001,0.0,block,244,False,0.7338785549982524,0.8252520527076169,1.0,,,
acrobot,0.001,0.0,block,245,False,0.015197628947455053,0.7212848262497709,0.023917362959434862,,,
acrobot,0.001,0.0,block,246,False,0.33645908151862935,1.0,1.0,,,
acrobot,0.001,0.0,block,247,False,1.0,1.0,1.0,,,
acrobot,0.001,0.0,block,248,False,1.0,1.0,1.0,,,
acrobot,0.001,0.0,block,249,False,0.41072656095055604,1.0,1.0,,,
acrobot,0.001,0.0,block,250,False,1.0,1.0,1.0,,,
acrobot,0.001,0.0,block,251,False,1.0,0.7854157708319334,1.0,,,
acrobot,0.001,0.0,block,252,False,1.0,0.328841399322342,0.672107117289352,,,
acrobot,0.001,0.0,block,253,True,1.0,1.0,0.006221691809685221,,,
acrobot,0.001,0.0,block,254,False,1.0,0.29960972063776153,1.0,,,
acrobot,0.001,0.0,block,255,False,0.5908015471780221,1.0,1.0,,,
acrobot,0.001,0.0,block,256,False,0.4378026883255754,0.12310058685750191,0.05520724880382117,,,
acrobot,0.001,0.0,block,257,False,1.0,0.4565054969269991,1.0,,,
acrobot,0.001,0.0,block,258,False,1.0,0.6365089800140822,1.0,,,
acrobot,0.001,0.0,block,259,False,1.0,0.384817885760818,1.0,,,
acrobot,0.001,0.0,block,260,False,0.6020380564469883,1.0,1.0,,,
acrobot,0.001,0.0,block,261,False,1.0,0.21223160339375158,1.0,,,
acrobot,0.001,0.0,block,262,False,1.0,0.012493422641150735,1.0,,,
acrobot,0.001,0.0,block,263,False,1.0,0.328841399322342,1.0,,,
acrobot,0.001,0.0,block,264,False,1.0,1.0,0.27232302162549693,,,
acrobot,0.001,0.0,block,265,False,1.0,0.25310092399018064,1.0,,,
acrobot,0.001,0.0,block,266,False,1.0,0.9218999068913776,1.0,,,
acrobot,0.001,0.0,block,267,False,1.0,1.0,1.0,,,
acrobot,0.001,0.0,block,268,False,0.39332495228048814,0.17663357553661355,0.27232302162549693,,,
acrobot,0.001,0.0,block,269,False,1.0,0.9647919518630604,1.0,,,
acrobot,0.001,0.0,block,270,False,1.0,1.0,1.0,,,
acrobot,0.001,0.0,block,271,False,0.7088097348324447,1.0,1.0,,,
acrobot,0.001,0.0,block,272,False,0.4954806458083422,0.25310092399018064,0.8118634207598285,,,
acrobot,0.001,0.0,block,273,False,0.4565054969269991,0.7338785549982524,1.0,,,
acrobot,0.001,0.0,block,274,False,1.0,1.0,1.0,,,
acrobot,0.001,0.0,block,275,False,0.772359662152843,1.0,1.0,,,
acrobot,0.001,0.0,block,276,False,0.9504021423127594,1.0,0.6020380564469883,,,
acrobot,0.001,0.0,block,277,False,0.1963528713849631,0.21223160339375158,0.20154006627467888,,,
acrobot,0.001,0.0,block,278,False,0.1379516588010935,0.6365089800140822,0.012493422641150735,,,
acrobot,0.001,0.0,block,279,False,0.9361041355301468,1.0,1.0,,,
acrobot,0.001,0.0,block,280,False,0.328841399322342,0.012007356019547338,0.23491533749977817,,,
acrobot,0.001,0.0,block,281,False,1.0,0.9647919518630604,1.0,,,
acrobot,0.001,0.0,block,282,False,0.44708876409667914,0.5687127634704081,1.0,,,
acrobot,0.001,0.0,block,283,False,1.0,1.0,1.0,,,
acrobot,0.001,0.0,block,284,False,1.0,1.0,1.0,,,
acrobot,0.001,0.0,block,285,False,0.7212848262497709,1.0,0.0835511627779364,,,
acrobot,0.001,0.0,block,286,False,0.4954806458083422,0.62489242828397,1.0,,,
acrobot,0.001,0.0,block,287,False,1.0,0.9504021423127594,1.0,,,
acrobot,0.001,0.0,block,288,False,0.6842198507217288,0.25939179051175937,1.0,,,
acrobot,0.001,0.0,block,289,False,0.16737462269358203,0.10328036197593013,1.0,,,
acrobot,0.001,0.0,block,290,False,1.0,1.0,0.5471395250186626,,,
acrobot,0.001,0.0,block,291,False,0.5578614846162286,1.0,0.8937804515408361,,,
acrobot,0.001,0.0,block,292,False,1.0,1.0,0.8523512683511143,,,
acrobot,0.001,0.0,block,293,False,1.0,0.21223160339375158,1.0,,,
acrobot,0.001,0.0,block,294,False,0.5157529941043728,1.0,1.0,,,
acrobot,0.001,0.0,block,295,False,1.0,0.5908015471780221,1.0,,,
acrobot,0.001,0.0,block,296,False,0.328841399322342,1.0,1.0,,,
acrobot,0.001,0.0,block,297,False,0.7594172165960001,1.0,1.0,,,
acrobot,0.001,0.0,block,298,False,1.0,1.0,1.0,,,
acrobot,0.001,0.0,block,299,False,1.0,1.0,1.0,,,
acrobot,0.001,0.0,block,300,False,1.0,0.48554057721882016,1.0,,,
acrobot,0.001,0.0,block,301,False,1.0,1.0,0.05341543524524962,,,
acrobot,0.001,0.0,block,302,False,1.0,1.0,1.0,,,
acrobot,0.001,0.0,block,303,False,1.0,1.0,0.696454390834405,,,
acrobot,0.001,0.0,block,304,False,1.0,1.0,1.0,,,
acrobot,0.001,0.0,block,305,False,0.012493422641150735,0.526084987282804,1.0,,,
acrobot,0.001,0.0,block,306,False,1.0,1.0,1.0,,,
acrobot,0.001,0.0,block,307,False,1.0,1.0,1.0,,,
acrobot,0.001,0.0,block,308,False,1.0,0.2789652996292276,0.5157529941043728,,,
acrobot,0.001,0.0,block,309,False,1.0,1.0,0.4019610517771268,,,
acrobot,0.001,0.0,block,310,False,1.0,1.0,1.0,,,
acrobot,0.001,0.0,block,311,False,1.0,0.9504021423127594,1.0,,,
acrobot,0.001,0.0,block,312,False,1.0,0.7088097348324447,0.41072656095055604,,,
acrobot,0.001,0.0,block,313,False,1.0,0.25939179051175937,0.1063887099475759,,,
acrobot,0.001,0.0,block,314,False,1.0,1.0,0.01108571743405162,,,
acrobot,0.001,0.0,block,315,True,0.2926077714882267,0.15420917121249997,0.0004926714677923104,,,
acrobot,0.001,0.0,block,316,False,0.9647919518630604,1.0,1.0,,,
acrobot,0.001,0.0,block,317,False,1.0,1.0,0.328841399322342,,,
acrobot,0.001,0.0,block,318,False,0.2926077714882267,1.0,1.0,,,
acrobot,0.001,0.0,block,319,False,1.0,1.0,1.0,,,
acrobot,0.001,0.0,block,320,False,0.2233536943355491,0.12310058685750191,1.0,,,
acrobot,0.001,0.0,block,321,False,0.7212848262497709,1.0,1.0,,,
acrobot,0.001,0.0,block,322,False,0.25310092399018064,0.8252520527076169,0.2789652996292276,,,
acrobot,0.001,0.0,block,323,False,0.8252520527076169,1.0,1.0,,,
acrobot,0.001,0.0,block,324,False,1.0,1.0,0.05167347066079376,,,
acrobot,0.001,0.0,block,325,False,1.0,1.0,1.0,,,
acrobot,0.001,0.0,block,326,False,0.14188096497816882,1.0,0.7985841665571833,,,
acrobot,0.001,0.0,block,327,False,1.0,1.0,1.0,,,
acrobot,0.001,0.0,block,328,False,1.0,0.30673326816560137,1.0,,,
acrobot,0.001,0.0,block,329,False,0.03427776120913334,0.15000843946177284,1.0,,,
acrobot,0.001,0.0,block,330,False,1.0,1.0,1.0,,,
acrobot,0.001,0.0,block,331,False,1.0,0.772359662152843,0.05341543524524962,,,
acrobot,0.001,0.0,block,332,False,1.0,0.03082233287359059,1.0,,,
acrobot,0.001,0.0,block,333,False,0.4378026883255754,1.0,0.6134018931308428,,,
acrobot,0.001,0.0,block,334,False,1.0,1.0,1.0,,,
acrobot,0.001,0.0,block,335,False,1.0,1.0,1.0,,,
acrobot,0.001,0.0,block,336,False,1.0,1.0,1.0,,,
acrobot,0.001,0.0,block,337,False,0.5908015471780221,1.0,0.20683258852868036,,,
acrobot,0.001,0.0,block,338,True,0.0029526018589601205,1.0,1.0,,,
acrobot,0.001,0.0,block,339,False,1.0,1.0,1.0,,,
acrobot,0.001,0.0,block,340,False,0.5578614846162286,1.0,0.1379516588010935,,,
acrobot,0.001,0.0,block,341,False,1.0,1.0,1.0,,,
acrobot,0.001,0.0,block,342,False,1.0,0.1379516588010935,0.42864710751808144,,,
acrobot,0.001,0.0,block,343,False,1.0,1.0,1.0,,,
acrobot,0.001,0.0,block,344,False,0.7465897574561193,1.0,1.0,,,
acrobot,0.001,0.0,block,345,False,1.0,0.2789652996292276,1.0,,,
acrobot,0.001,0.0,block,346,False,0.0835511627779364,1.0,0.5796929415731504,,,
acrobot,0.001,0.0,block,347,False,1.0,1.0,1.0,,,
acrobot,0.001,0.0,block,348,False,0.5055514910325458,0.838748529874541,0.1585029340013159,,,
acrobot,0.001,0.0,block,349,False,1.0,1.0,1.0,,,
acrobot,0.001,0.0,block,350,False,1.0,1.0,1.0,,,
acrobot,0.001,0.0,block,351,False,1.0,1.0,1.0,,,
acrobot,0.001,0.0,block,352,False,0.6020380564469883,1.0,1.0,,,
acrobot,0.001,0.0,block,353,False,1.0,1.0,0.1963528713849631,,,
acrobot,0.001,0.0,block,354,False,0.6482508132675584,1.0,1.0,,,
acrobot,0.001,0.0,block,355,False,0.7465897574561193,0.33645908151862935,1.0,,,
acrobot,0.001,0.0,block,356,False,0.9792715429169228,1.0,0.44708876409667914,,,
acrobot,0.001,0.0,block,357,False,1.0,1.0,0.1063887099475759,,,
acrobot,0.001,0.0,block,358,False,1.0,1.0,0.772359662152843,,,
acrobot,0.001,0.0,block,359,False,1.0,0.39332495228048814,1.0,,,
acrobot,0.001,0.0,block,360,False,1.0,1.0,1.0,,,
acrobot,0.001,0.0,block,361,False,1.0,1.0,1.0,,,
acrobot,0.001,0.0,block,362,False,1.0,0.7338785549982524,0.2789652996292276,,,
acrobot,0.001,0.0,block,363,False,1.0,1.0,1.0,,,
acrobot,0.001,0.0,block,364,False,1.0,1.0,1.0,,,
acrobot,0.001,0.0,block,365,False,1.0,0.5471395250186626,1.0,,,
acrobot,0.001,0.0,block,366,True,0.20154006627467888,1.0,0.0029526018589601205,,,
acrobot,0.001,0.0,block,367,False,1.0,1.0,1.0,,,
acrobot,0.001,0.0,block,368,False,1.0,0.01841115841994683,1.0,,,
acrobot,0.001,0.0,block,369,False,0.41072656095055604,1.0,0.09440029420698368,,,
acrobot,0.001,0.0,block,370,False,1.0,1.0,1.0,,,
acrobot,0.001,0.0,block,371,False,0.838748529874541,0.9218999068913776,1.0,,,
acrobot,0.001,0.0,block,372,False,0.41072656095055604,1.0,1.0,,,
acrobot,0.001,0.0,block,373,False,1.0,1.0,1.0,,,
acrobot,0.001,0.0,block,374,False,1.0,1.0,1.0,,,
acrobot,0.001,0.0,block,375,False,1.0,1.0,0.4954806458083422,,,
acrobot,0.001,0.0,block,376,False,1.0,0.5796929415731504,1.0,,,
acrobot,0.001,0.0,block,377,False,1.0,1.0,1.0,,,
acrobot,0.001,0.0,block,378,False,0.12310058685750191,1.0,1.0,,,
acrobot,0.001,0.0,block,379,False,1.0,1.0,0.879868939422959,,,
acrobot,0.001,0.0,block,380,False,1.0,1.0,1.0,,,
acrobot,0.001,0.0,block,381,False,0.9938388491283483,1.0,1.0,,,
acrobot,0.001,0.0,block,382,False,0.4660530037544936,1.0,0.023917362959434862,,,
acrobot,0.001,0.0,block,383,False,1.0,1.0,1.0,,,
acrobot,0.001,0.0,block,384,False,1.0,1.0,1.0,,,
acrobot,0.001,0.0,block,385,False,1.0,1.0,1.0,,,
acrobot,0.001,0.0,block,386,False,1.0,0.19126982420576488,1.0,,,
acrobot,0.001,0.0,block,387,False,0.879868939422959,1.0,1.0,,,
acrobot,0.001,0.0,block,388,False,1.0,0.29960972063776153,0.879868939422959,,,
acrobot,0.001,0.0,block,389,False,0.6601171396509709,1.0,0.7854157708319334,,,
acrobot,0.001,0.0,block,390,False,1.0,1.0,0.9504021423127594,,,
acrobot,0.001,0.0,block,391,False,0.28572658573413684,1.0,0.07376132097517757,,,
acrobot,0.001,0.0,block,392,False,1.0,0.4019610517771268,1.0,,,
acrobot,0.001,0.0,block,393,False,1.0,0.1585029340013159,1.0,,,
acrobot,0.001,0.0,block,394,False,0.9218999068913776,1.0,0.06706709585926879,,,
acrobot,0.001,0.0,block,395,False,0.7985841665571833,1.0,1.0,,,
acrobot,0.001,0.0,block,396,False,1.0,1.0,1.0,,,
acrobot,0.001,0.0,block,397,False,0.21773826078198077,0.672107117289352,1.0,,,
acrobot,0.001,0.0,block,398,False,0.6365089800140822,1.0,1.0,,,
acrobot,0.001,0.0,block,399,False,0.6134018931308428,0.9361041355301468,1.0,,,
acrobot,0.001,0.0,block,400,False,1.0,1.0,1.0,,,
acrobot,0.001,0.0,block,401,False,0.2233536943355491,1.0,1.0,,,
acrobot,0.001,0.0,block,402,False,0.5055514910325458,1.0,0.6134018931308428,,,
acrobot,0.001,0.0,block,403,False,1.0,0.9218999068913776,0.5796929415731504,,,
acrobot,0.001,0.0,block,404,False,1.0,0.8937804515408361,1.0,,,
acrobot,0.001,0.0,block,405,False,1.0,1.0,1.0,,,
acrobot,0.001,0.0,block,406,False,1.0,0.5796929415731504,0.02869112510166709,,,
acrobot,0.001,0.0,block,407,False,1.0,1.0,1.0,,,
acrobot,0.001,0.0,block,408,False,0.5055514910325458,1.0,0.024812013052143263,,,
acrobot,0.001,0.0,block,409,False,1.0,0.772359662152843,1.0,,,
acrobot,0.001,0.0,block,410,False,1.0,1.0,1.0,,,
acrobot,0.001,0.0,block,411,False,1.0,0.1063887099475759,1.0,,,
acrobot,0.001,0.0,block,412,False,1.0,0.7088097348324447,1.0,,,
acrobot,0.001,0.0,block,413,False,1.0,1.0,0.04220886288965297,,,
acrobot,0.001,0.0,block,414,False,0.20683258852868036,1.0,0.42864710751808144,,,
acrobot,0.001,0.0,block,415,False,1.0,1.0,1.0,,,
acrobot,0.001,0.0,block,416,False,1.0,1.0,1.0,,,
acrobot,0.001,0.0,block,417,False,1.0,1.0,0.7465897574561193,,,
acrobot,0.001,0.0,block,418,False,1.0,1.0,1.0,,,
acrobot,0.001,0.0,block,419,False,0.3681891429585907,1.0,1.0,,,
acrobot,0.001,0.0,block,420,False,1.0,1.0,1.0,,,
acrobot,0.001,0.0,block,421,False,1.0,0.47573135566456953,1.0,,,
acrobot,0.001,0.0,block,422,False,1.0,1.0,1.0,,,
acrobot,0.001,0.0,block,423,False,0.4954806458083422,1.0,0.2926077714882267,,,
acrobot,0.001,0.0,block,424,False,0.5471395250186626,0.838748529874541,0.2233536943355491,,,
acrobot,0.001,0.0,block,425,False,1.0,0.4378026883255754,1.0,,,
acrobot,0.001,0.0,block,426,False,1.0,0.5157529941043728,1.0,,,
acrobot,0.001,0.0,block,427,False,1.0,1.0,1.0,,,
acrobot,0.001,0.0,block,428,True,0.6482508132675584,1.0,0.007362505492081319,,,
acrobot,0.001,0.0,block,429,False,1.0,1.0,0.20683258852868036,,,
acrobot,0.001,0.0,block,430,False,1.0,1.0,1.0,,,
acrobot,0.001,0.0,block,431,False,1.0,1.0,0.879868939422959,,,
acrobot,0.001,0.0,block,432,False,1.0,0.9077913851166579,1.0,,,
acrobot,0.001,0.0,block,433,False,1.0,1.0,0.3213483487298871,,,
acrobot,0.001,0.0,block,434,False,0.6020380564469883,1.0,0.04998027351877797,,,
acrobot,0.001,0.0,block,435,False,1.0,0.5687127634704081,1.0,,,
acrobot,0.001,0.0,block,436,False,0.08100747825635018,0.1963528713849631,0.05167347066079376,,,
acrobot,0.001,0.0,block,437,False,1.0,1.0,1.0,,,
acrobot,0.001,0.0,block,438,False,1.0,0.7212848262497709,0.13035547398507763,,,
acrobot,0.001,0.0,block,439,False,1.0,0.7338785549982524,0.42864710751808144,,,
acrobot,0.001,0.0,block,440,False,1.0,1.0,1.0,,,
acrobot,0.001,0.0,block,441,False,1.0,0.36006651389765165,0.4565054969269991,,,
acrobot,0.001,0.0,block,442,False,1.0,0.39332495228048814,1.0,,,
acrobot,0.001,0.0,block,443,False,1.0,0.9077913851166579,0.07852875744945512,,,
acrobot,0.001,0.0,block,444,False,1.0,1.0,1.0,,,
acrobot,0.001,0.0,block,445,False,1.0,1.0,1.0,,,
acrobot,0.001,0.0,block,446,False,1.0,1.0,1.0,,,
acrobot,0.001,0.0,block,447,False,0.4196218151385362,0.6842198507217288,1.0,,,
acrobot,0.001,0.0,block,448,False,0.20683258852868036,1.0,1.0,,,
acrobot,0.001,0.0,block,449,False,1.0,1.0,1.0,,,
acrobot,0.001,0.0,block,450,False,1.0,0.8523512683511143,1.0,,,
acrobot,0.001,0.0,block,451,False,0.5471395250186626,1.0,1.0,,,
acrobot,0.001,0.0,block,452,False,1.0,1.0,1.0,,,
acrobot,0.001,0.0,block,453,False,0.048334775229268434,1.0,0.5796929415731504,,,
acrobot,0.001,0.0,block,454,False,0.048334775229268434,1.0,0.18141138783730978,,,
acrobot,0.001,0.0,block,455,False,1.0,1.0,1.0,,,
acrobot,0.001,0.0,block,456,False,0.672107117289352,0.6134018931308428,1.0,,,
acrobot,0.001,0.0,block,457,False,1.0,1.0,0.4378026883255754,,,
acrobot,0.001,0.0,block,458,False,0.2789652996292276,0.8523512683511143,1.0,,,
acrobot,0.001,0.0,block,459,False,1.0,1.0,1.0,,,
acrobot,0.001,0.0,block,460,False,1.0,0.838748529874541,0.838748529874541,,,
acrobot,0.001,0.0,block,461,False,0.6482508132675584,1.0,0.5471395250186626,,,
acrobot,0.001,0.0,block,462,False,1.0,0.5055514910325458,1.0,,,
acrobot,0.001,0.0,block,463,False,1.0,1.0,1.0,,,
acrobot,0.001,0.0,block,464,False,1.0,0.41072656095055604,1.0,,,
acrobot,0.001,0.0,block,465,False,1.0,1.0,0.9504021423127594,,,
acrobot,0.001,0.0,block,466,False,1.0,1.0,1.0,,,
acrobot,0.001,0.0,block,467,False,1.0,1.0,0.18628973159586804,,,
acrobot,0.001,0.0,block,468,False,1.0,1.0,1.0,,,
acrobot,0.001,0.0,block,469,False,0.7212848262497709,1.0,1.0,,,
acrobot,0.001,0.0,block,470,False,1.0,0.24086372453757687,0.6365089800140822,,,
acrobot,0.001,0.0,block,471,False,1.0,1.0,1.0,,,
acrobot,0.001,0.0,block,472,False,1.0,1.0,1.0,,,
acrobot,0.001,0.0,block,473,False,1.0,0.9504021423127594,0.06495278148006871,,,
acrobot,0.001,0.0,block,474,False,1.0,0.3139792193335831,0.6601171396509709,,,
acrobot,0.001,0.0,block,475,False,1.0,1.0,0.9504021423127594,,,
acrobot,0.001,0.0,block,476,False,0.24086372453757687,1.0,1.0,,,
acrobot,0.001,0.0,block,477,False,1.0,1.0,0.1963528713849631,,,
acrobot,0.001,0.0,block,478,False,1.0,1.0,1.0,,,
acrobot,0.001,0.0,block,479,False,1.0,1.0,0.4378026883255754,,,
acrobot,0.001,0.0,block,480,False,1.0,0.7854157708319334,0.7212848262497709,,,
acrobot,0.001,0.0,block,481,False,1.0,0.48554057721882016,0.10024702699897908,,,
acrobot,0.001,0.0,block,482,False,0.24086372453757687,1.0,0.16737462269358203,,,
acrobot,0.001,0.0,block,483,False,1.0,0.5796929415731504,1.0,,,
acrobot,0.001,0.0,block,484,False,1.0,1.0,1.0,,,
acrobot,0.001,0.0,block,485,False,1.0,1.0,1.0,,,
acrobot,0.001,0.0,block,486,False,1.0,1.0,0.8937804515408361,,,
acrobot,0.001,0.0,block,487,False,0.4019610517771268,1.0,0.06923917167934213,,,
acrobot,0.001,0.0,block,488,False,1.0,1.0,1.0,,,
acrobot,0.001,0.0,block,489,False,1.0,1.0,0.026689875160428714,,,
acrobot,0.001,0.0,block,490,False,1.0,1.0,0.8118634207598285,,,
acrobot,0.001,0.0,block,491,False,1.0,1.0,1.0,,,
acrobot,0.001,0.0,block,492,False,1.0,0.9218999068913776,0.7088097348324447,,,
acrobot,0.001,0.0,block,493,False,0.48554057721882016,0.5471395250186626,1.0,,,
acrobot,0.001,0.0,block,494,False,0.8252520527076169,1.0,0.05520724880382117,,,
acrobot,0.001,0.0,block,495,False,1.0,1.0,1.0,,,
acrobot,0.001,0.0,block,496,False,1.0,0.34420207223436117,1.0,,,
acrobot,0.001,0.0,block,497,False,1.0,1.0,1.0,,,
acrobot,0.001,0.0,block,498,False,1.0,1.0,1.0,,,
acrobot,0.001,0.0,block,499,False,0.19126982420576488,1.0,0.36006651389765165,,,
acrobot,0.001,0.0,trajectory,0,False,0.3531468531468531,1.0,1.0,,,
acrobot,0.001,0.0,trajectory,1,False,1.0,1.0,1.0,,,
acrobot,0.001,0.0,trajectory,2,False,0.7981351981351982,1.0,1.0,,,
acrobot,0.001,0.0,trajectory,3,False,1.0,1.0,0.48228438228438225,,,
acrobot,0.001,0.0,trajectory,4,False,1.0,1.0,1.0,,,
acrobot,0.001,0.0,trajectory,5,False,0.6414918414918415,1.0,0.3997668997668997,,,
acrobot,0.001,0.0,trajectory,6,False,1.0,1.0,1.0,,,
acrobot,0.001,0.0,trajectory,7,False,1.0,1.0,1.0,,,
acrobot,0.001,0.0,trajectory,8,False,1.0,0.47902097902097907,1.0,,,
acrobot,0.001,0.0,trajectory,9,False,1.0,1.0,1.0,,,
acrobot,0.001,0.0,trajectory,10,False,1.0,1.0,0.5314685314685315,,,
acrobot,0.001,0.0,trajectory,11,False,0.7146853146853147,1.0,0.30069930069930073,,,
acrobot,0.001,0.0,trajectory,12,False,0.6874125874125874,1.0,1.0,,,
acrobot,0.001,0.0,trajectory,13,False,1.0,0.7403263403263403,1.0,,,
acrobot,0.001,0.0,trajectory,14,False,0.8391608391608392,0.2815850815850816,1.0,,,
acrobot,0.001,0.0,trajectory,15,False,1.0,1.0,1.0,,,
acrobot,0.001,0.0,trajectory,16,False,1.0,0.4825174825174825,0.9405594405594405,,,
acrobot,0.001,0.0,trajectory,17,False,1.0,0.16083916083916083,0.1337995337995338,,,
acrobot,0.001,0.0,trajectory,18,False,1.0,1.0,0.5776223776223777,,,
acrobot,0.001,0.0,trajectory,19,False,1.0,1.0,1.0,,,
acrobot,0.001,0.0,trajectory,20,False,1.0,1.0,1.0,,,
acrobot,0.001,0.0,trajectory,21,False,1.0,1.0,0.827972027972028,,,
acrobot,0.001,0.0,trajectory,22,False,1.0,0.6435897435897435,1.0,,,
acrobot,0.001,0.0,trajectory,23,False,1.0,0.137995337995338,1.0,,,
acrobot,0.001,0.0,trajectory,24,False,0.6902097902097902,0.2545454545454546,1.0,,,
acrobot,0.001,0.0,trajectory,25,False,0.6167832167832168,0.05268065268065268,1.0,,,
acrobot,0.001,0.0,trajectory,26,False,0.7030303030303031,0.3706293706293706,1.0,,,
acrobot,0.001,0.0,trajectory,27,False,0.0337995337995338,1.0,1.0,,,
acrobot,0.001,0.0,trajectory,28,False,1.0,1.0,1.0,,,
acrobot,0.001,0.0,trajectory,29,False,0.551981351981352,1.0,0.7566433566433566,,,
acrobot,0.001,0.0,trajectory,30,False,0.075990675990676,1.0,0.6391608391608392,,,
acrobot,0.001,0.0,trajectory,31,False,0.22820512820512817,1.0,0.348018648018648,,,
acrobot,0.001,0.0,trajectory,32,False,0.6703962703962705,1.0,1.0,,,
acrobot,0.001,0.0,trajectory,33,False,0.3344988344988345,0.2351981351981352,1.0,,,
acrobot,0.001,0.0,trajectory,34,False,1.0,1.0,1.0,,,
acrobot,0.001,0.0,trajectory,35,False,1.0,0.14125874125874124,0.26993006993006996,,,
acrobot,0.001,0.0,trajectory,36,False,1.0,1.0,1.0,,,
acrobot,0.001,0.0,trajectory,37,False,1.0,1.0,1.0,,,
acrobot,0.001,0.0,trajectory,38,False,0.11142191142191141,0.049184149184149185,1.0,,,
acrobot,0.001,0.0,trajectory,39,False,1.0,0.08484848484848485,1.0,,,
acrobot,0.001,0.0,trajectory,40,False,0.0773892773892774,1.0,0.09440559440559441,,,
acrobot,0.001,0.0,trajectory,41,False,1.0,0.8797202797202798,1.0,,,
acrobot,0.001,0.0,trajectory,42,False,0.6885780885780886,1.0,0.25710955710955713,,,
acrobot,0.001,0.0,trajectory,43,False,1.0,1.0,1.0,,,
acrobot,0.001,0.0,trajectory,44,False,1.0,0.011188811188811189,1.0,,,
acrobot,0.001,0.0,trajectory,45,False,1.0,0.5850815850815851,0.6121212121212122,,,
acrobot,0.001,0.0,trajectory,46,False,1.0,1.0,1.0,,,
acrobot,0.001,0.0,trajectory,47,False,1.0,0.8675990675990676,0.3678321678321679,,,
acrobot,0.001,0.0,trajectory,48,False,0.030303030303030304,1.0,0.8041958041958043,,,
acrobot,0.001,0.0,trajectory,49,False,1.0,0.2902097902097902,1.0,,,
acrobot,0.001,0.0,trajectory,50,False,1.0,1.0,1.0,,,
acrobot,0.001,0.0,trajectory,51,False,0.06363636363636364,0.6902097902097902,0.9349650349650349,,,
acrobot,0.001,0.0,trajectory,52,False,1.0,1.0,0.14918414918414918,,,
acrobot,0.001,0.0,trajectory,53,False,0.837062937062937,1.0,0.3839160839160839,,,
acrobot,0.001,0.0,trajectory,54,False,1.0,1.0,1.0,,,
acrobot,0.001,0.0,trajectory,55,False,1.0,1.0,1.0,,,
acrobot,0.001,0.0,trajectory,56,False,0.4603729603729604,1.0,1.0,,,
acrobot,0.001,0.0,trajectory,57,False,1.0,1.0,0.42750582750582755,,,
acrobot,0.001,0.0,trajectory,58,False,1.0,1.0,0.9755244755244754,,,
acrobot,0.001,0.0,trajectory,59,False,0.25361305361305364,1.0,0.2233100233100233,,,
acrobot,0.001,0.0,trajectory,60,False,1.0,1.0,1.0,,,
acrobot,0.001,0.0,trajectory,61,False,1.0,0.15034965034965037,1.0,,,
acrobot,0.001,0.0,trajectory,62,False,0.2400932400932401,1.0,1.0,,,
acrobot,0.001,0.0,trajectory,63,False,1.0,1.0,1.0,,,
acrobot,0.001,0.0,trajectory,64,False,1.0,1.0,1.0,,,
acrobot,0.001,0.0,trajectory,65,False,0.27296037296037295,1.0,0.03193473193473193,,,
acrobot,0.001,0.0,trajectory,66,False,1.0,0.07692307692307693,0.24592074592074592,,,
acrobot,0.001,0.0,trajectory,67,False,0.3067599067599068,1.0,1.0,,,
acrobot,0.001,0.0,trajectory,68,False,1.0,1.0,0.6160839160839161,,,
acrobot,0.001,0.0,trajectory,69,False,1.0,1.0,1.0,,,
acrobot,0.001,0.0,trajectory,70,False,1.0,1.0,1.0,,,
acrobot,0.001,0.0,trajectory,71,False,1.0,1.0,0.1717948717948718,,,
acrobot,0.001,0.0,trajectory,72,False,1.0,1.0,1.0,,,
acrobot,0.001,0.0,trajectory,73,False,1.0,0.38648018648018645,1.0,,,
acrobot,0.001,0.0,trajectory,74,False,1.0,0.1864801864801865,0.32634032634032634,,,
acrobot,0.001,0.0,trajectory,75,False,1.0,1.0,1.0,,,
acrobot,0.001,0.0,trajectory,76,False,0.35128205128205126,1.0,1.0,,,
acrobot,0.001,0.0,trajectory,77,False,0.3188811188811189,0.3027972027972028,0.7696969696969697,,,
acrobot,0.001,0.0,trajectory,78,False,1.0,1.0,0.9592074592074591,,,
acrobot,0.001,0.0,trajectory,79,False,1.0,1.0,1.0,,,
acrobot,0.001,0.0,trajectory,80,False,0.42191142191142195,0.09044289044289044,1.0,,,
acrobot,0.001,0.0,trajectory,81,False,1.0,1.0,1.0,,,
acrobot,0.001,0.0,trajectory,82,False,1.0,0.67995337995338,1.0,,,
acrobot,0.001,0.0,trajectory,83,False,1.0,0.31724941724941724,0.5018648018648019,,,
acrobot,0.001,0.0,trajectory,84,False,1.0,1.0,1.0,,,
acrobot,0.001,0.0,trajectory,85,False,0.33519813519813524,1.0,0.7305361305361305,,,
acrobot,0.001,0.0,trajectory,86,False,1.0,1.0,1.0,,,
acrobot,0.001,0.0,trajectory,87,False,1.0,0.8708624708624708,1.0,,,
acrobot,0.001,0.0,trajectory,88,False,1.0,1.0,0.5351981351981352,,,
acrobot,0.001,0.0,trajectory,89,False,1.0,1.0,1.0,,,
acrobot,0.001,0.0,trajectory,90,False,1.0,1.0,0.46829836829836835,,,
acrobot,0.001,0.0,trajectory,91,False,1.0,0.5508158508158508,0.500932400932401,,,
acrobot,0.001,0.0,trajectory,92,False,1.0,1.0,1.0,,,
acrobot,0.001,0.0,trajectory,93,False,1.0,0.5710955710955711,1.0,,,
acrobot,0.001,0.0,trajectory,94,False,1.0,0.9638694638694639,1.0,,,
acrobot,0.001,0.0,trajectory,95,False,1.0,1.0,1.0,,,
acrobot,0.001,0.0,trajectory,96,False,1.0,1.0,0.8981351981351982,,,
acrobot,0.001,0.0,trajectory,97,False,1.0,1.0,1.0,,,
acrobot,0.001,0.0,trajectory,98,False,1.0,1.0,1.0,,,
acrobot,0.001,0.0,trajectory,99,False,0.5405594405594405,0.23916083916083913,1.0,,,
acrobot,0.001,0.0,trajectory,100,False,1.0,1.0,1.0,,,
acrobot,0.001,0.0,trajectory,101,False,1.0,1.0,0.44568764568764563,,,
acrobot,0.001,0.0,trajectory,102,False,1.0,1.0,1.0,,,
acrobot,0.001,0.0,trajectory,103,False,1.0,0.6808857808857809,1.0,,,
acrobot,0.001,0.0,trajectory,104,False,0.9132867132867133,1.0,0.37086247086247087,,,
acrobot,0.001,0.0,trajectory,105,False,1.0,1.0,1.0,,,
acrobot,0.001,0.0,trajectory,106,False,1.0,0.534965034965035,0.8766899766899767,,,
acrobot,0.001,0.0,trajectory,107,False,1.0,0.6801864801864801,1.0,,,
acrobot,0.001,0.0,trajectory,108,False,1.0,1.0,0.48624708624708624,,,
acrobot,0.001,0.0,trajectory,109,False,1.0,1.0,1.0,,,
acrobot,0.001,0.0,trajectory,110,False,1.0,1.0,0.3888111888111888,,,
acrobot,0.001,0.0,trajectory,111,False,1.0,1.0,1.0,,,
acrobot,0.001,0.0,trajectory,112,False,1.0,1.0,1.0,,,
acrobot,0.001,0.0,trajectory,113,False,1.0,0.7463869463869464,0.05897435897435897,,,
acrobot,0.001,0.0,trajectory,114,False,0.8533799533799533,1.0,0.9205128205128206,,,
acrobot,0.001,0.0,trajectory,115,False,1.0,1.0,1.0,,,
acrobot,0.001,0.0,trajectory,116,False,0.4841491841491842,1.0,1.0,,,
acrobot,0.001,0.0,trajectory,117,True,1.0,0.004195804195804196,0.059673659673659674,,,
acrobot,0.001,0.0,trajectory,118,False,0.7270396270396271,1.0,1.0,,,
acrobot,0.001,0.0,trajectory,119,False,1.0,0.49347319347319346,1.0,,,
acrobot,0.001,0.0,trajectory,120,False,1.0,0.6412587412587413,1.0,,,
acrobot,0.001,0.0,trajectory,121,False,0.2561771561771562,1.0,1.0,,,
acrobot,0.001,0.0,trajectory,122,False,0.14871794871794872,1.0,1.0,,,
acrobot,0.001,0.0,trajectory,123,False,0.23986013986013985,1.0,1.0,,,
acrobot,0.001,0.0,trajectory,124,False,1.0,1.0,1.0,,,
acrobot,0.001,0.0,trajectory,125,False,0.1393939393939394,1.0,0.8862470862470861,,,
acrobot,0.001,0.0,trajectory,126,False,1.0,1.0,1.0,,,
acrobot,0.001,0.0,trajectory,127,False,0.5291375291375291,1.0,1.0,,,
acrobot,0.001,0.0,trajectory,128,False,0.9594405594405594,1.0,1.0,,,
acrobot,0.001,0.0,trajectory,129,False,1.0,1.0,1.0,,,
acrobot,0.001,0.0,trajectory,130,False,1.0,1.0,1.0,,,
acrobot,0.001,0.0,trajectory,131,False,1.0,0.8876456876456877,1.0,,,
acrobot,0.001,0.0,trajectory,132,False,1.0,0.9184149184149184,0.21072261072261073,,,
acrobot,0.001,0.0,trajectory,133,False,1.0,0.2244755244755245,1.0,,,
acrobot,0.001,0.0,trajectory,134,False,1.0,0.47319347319347316,0.042191142191142186,,,
acrobot,0.001,0.0,trajectory,135,False,0.2596736596736597,1.0,0.4641025641025641,,,
acrobot,0.001,0.0,trajectory,136,False,1.0,0.11188811188811189,0.4025641025641026,,,
acrobot,0.001,0.0,trajectory,137,False,1.0,1.0,1.0,,,
acrobot,0.001,0.0,trajectory,138,False,1.0,1.0,0.9489510489510489,,,
acrobot,0.001,0.0,trajectory,139,False,1.0,0.5545454545454546,1.0,,,
acrobot,0.001,0.0,trajectory,140,False,1.0,0.3088578088578089,0.3298368298368298,,,
acrobot,0.001,0.0,trajectory,141,False,1.0,1.0,1.0,,,
acrobot,0.001,0.0,trajectory,142,False,1.0,0.013752913752913754,1.0,,,
acrobot,0.001,0.0,trajectory,143,False,0.8589743589743589,1.0,1.0,,,
acrobot,0.001,0.0,trajectory,144,False,1.0,0.5559440559440559,1.0,,,
acrobot,0.001,0.0,trajectory,145,False,0.22400932400932402,0.562004662004662,1.0,,,
acrobot,0.001,0.0,trajectory,146,False,0.1020979020979021,0.6412587412587413,0.6025641025641026,,,
acrobot,0.001,0.0,trajectory,147,False,1.0,1.0,1.0,,,
acrobot,0.001,0.0,trajectory,148,False,1.0,1.0,1.0,,,
acrobot,0.001,0.0,trajectory,149,False,1.0,1.0,1.0,,,
acrobot,0.001,0.0,trajectory,150,False,1.0,1.0,1.0,,,
acrobot,0.001,0.0,trajectory,151,False,1.0,1.0,1.0,,,
acrobot,0.001,0.0,trajectory,152,False,0.2596736596736597,0.9426573426573426,1.0,,,
acrobot,0.001,0.0,trajectory,153,False,1.0,1.0,0.041724941724941726,,,
acrobot,0.001,0.0,trajectory,154,False,0.5794871794871795,1.0,1.0,,,
acrobot,0.001,0.0,trajectory,155,False,1.0,1.0,0.19184149184149185,,,
acrobot,0.001,0.0,trajectory,156,False,0.4153846153846154,1.0,1.0,,,
acrobot,0.001,0.0,trajectory,157,False,1.0,0.5114219114219114,1.0,,,
acrobot,0.001,0.0,trajectory,158,False,1.0,0.7041958041958042,1.0,,,
acrobot,0.001,0.0,trajectory,159,False,0.5643356643356643,1.0,1.0,,,
acrobot,0.001,0.0,trajectory,160,False,1.0,0.3881118881118881,0.015151515151515152,,,
acrobot,0.001,0.0,trajectory,161,False,1.0,0.7018648018648018,1.0,,,
acrobot,0.001,0.0,trajectory,162,False,1.0,1.0,1.0,,,
acrobot,0.001,0.0,trajectory,163,False,1.0,1.0,1.0,,,
acrobot,0.001,0.0,trajectory,164,False,1.0,1.0,1.0,,,
acrobot,0.001,0.0,trajectory,165,False,0.07319347319347319,0.41655011655011653,1.0,,,
acrobot,0.001,0.0,trajectory,166,False,1.0,1.0,0.5629370629370629,,,
acrobot,0.001,0.0,trajectory,167,False,1.0,0.8827505827505828,1.0,,,
acrobot,0.001,0.0,trajectory,168,False,0.6016317016317017,1.0,1.0,,,
acrobot,0.001,0.0,trajectory,169,False,1.0,1.0,0.4594405594405594,,,
acrobot,0.001,0.0,trajectory,170,False,1.0,1.0,1.0,,,
acrobot,0.001,0.0,trajectory,171,False,1.0,1.0,0.07902097902097902,,,
acrobot,0.001,0.0,trajectory,172,False,0.8361305361305362,1.0,0.5228438228438228,,,
acrobot,0.001,0.0,trajectory,173,False,0.32494172494172496,1.0,0.015617715617715619,,,
acrobot,0.001,0.0,trajectory,174,False,0.38648018648018645,1.0,1.0,,,
acrobot,0.001,0.0,trajectory,175,False,0.886013986013986,1.0,0.334032634032634,,,
acrobot,0.001,0.0,trajectory,176,False,0.1254079254079254,0.2543123543123543,1.0,,,
acrobot,0.001,0.0,trajectory,177,True,0.009557109557109558,1.0,1.0,,,
acrobot,0.001,0.0,trajectory,178,False,1.0,0.32587412587412584,1.0,,,
acrobot,0.001,0.0,trajectory,179,False,0.5151515151515151,0.41235431235431236,0.12517482517482517,,,
acrobot,0.001,0.0,trajectory,180,False,0.18554778554778556,1.0,0.38484848484848483,,,
acrobot,0.001,0.0,trajectory,181,False,1.0,1.0,0.23426573426573427,,,
acrobot,0.001,0.0,trajectory,182,False,1.0,0.22913752913752913,1.0,,,
acrobot,0.001,0.0,trajectory,183,False,0.7617715617715617,1.0,1.0,,,
acrobot,0.001,0.0,trajectory,184,False,0.3442890442890443,1.0,0.8710955710955711,,,
acrobot,0.001,0.0,trajectory,185,False,1.0,0.25314685314685315,0.5195804195804196,,,
acrobot,0.001,0.0,trajectory,186,False,0.5678321678321678,1.0,1.0,,,
acrobot,0.001,0.0,trajectory,187,False,1.0,0.2811188811188811,1.0,,,
acrobot,0.001,0.0,trajectory,188,False,1.0,1.0,1.0,,,
acrobot,0.001,0.0,trajectory,189,False,0.6841491841491842,0.7037296037296037,0.9627039627039626,,,
acrobot,0.001,0.0,trajectory,190,False,0.6226107226107226,1.0,0.5531468531468531,,,
acrobot,0.001,0.0,trajectory,191,False,1.0,1.0,0.07855477855477856,,,
acrobot,0.001,0.0,trajectory,192,False,1.0,1.0,1.0,,,
acrobot,0.001,0.0,trajectory,193,False,0.5748251748251748,1.0,0.5855477855477855,,,
acrobot,0.001,0.0,trajectory,194,False,1.0,0.672960372960373,0.5062937062937063,,,
acrobot,0.001,0.0,trajectory,195,False,1.0,1.0,0.12843822843822844,,,
acrobot,0.001,0.0,trajectory,196,False,0.2794871794871795,1.0,0.05058275058275059,,,
acrobot,0.001,0.0,trajectory,197,False,1.0,0.2778554778554778,1.0,,,
acrobot,0.001,0.0,trajectory,198,False,0.15431235431235432,0.696969696969697,1.0,,,
acrobot,0.001,0.0,trajectory,199,False,1.0,1.0,1.0,,,
acrobot,0.001,0.0,trajectory,200,False,1.0,1.0,0.9258741258741259,,,
acrobot,0.001,0.0,trajectory,201,False,1.0,1.0,0.5417249417249418,,,
acrobot,0.001,0.0,trajectory,202,False,1.0,1.0,0.14708624708624707,,,
acrobot,0.001,0.0,trajectory,203,False,0.728904428904429,0.20442890442890443,1.0,,,
acrobot,0.001,0.0,trajectory,204,False,0.8501165501165502,0.8032634032634033,0.2967365967365967,,,
acrobot,0.001,0.0,trajectory,205,False,0.34941724941724944,1.0,1.0,,,
acrobot,0.001,0.0,trajectory,206,False,1.0,1.0,1.0,,,
acrobot,0.001,0.0,trajectory,207,False,1.0,0.8862470862470861,1.0,,,
acrobot,0.001,0.0,trajectory,208,False,0.5333333333333333,1.0,1.0,,,
acrobot,0.001,0.0,trajectory,209,False,1.0,1.0,1.0,,,
acrobot,0.001,0.0,trajectory,210,False,1.0,0.31421911421911425,0.2871794871794872,,,
acrobot,0.001,0.0,trajectory,211,False,0.15011655011655012,0.9058275058275058,0.3174825174825175,,,
acrobot,0.001,0.0,trajectory,212,False,1.0,0.6202797202797203,1.0,,,
acrobot,0.001,0.0,trajectory,213,False,1.0,1.0,0.7377622377622377,,,
acrobot,0.001,0.0,trajectory,214,False,1.0,1.0,1.0,,,
acrobot,0.001,0.0,trajectory,215,True,0.004195804195804196,1.0,1.0,,,
acrobot,0.001,0.0,trajectory,216,False,1.0,0.6564102564102564,1.0,,,
acrobot,0.001,0.0,trajectory,217,False,1.0,1.0,0.4191142191142191,,,
acrobot,0.001,0.0,trajectory,218,False,0.8939393939393938,0.6324009324009324,1.0,,,
acrobot,0.001,0.0,trajectory,219,False,0.7724941724941725,1.0,0.4305361305361306,,,
acrobot,0.001,0.0,trajectory,220,False,1.0,0.40396270396270395,0.031235431235431238,,,
acrobot,0.001,0.0,trajectory,221,False,0.7547785547785548,1.0,1.0,,,
acrobot,0.001,0.0,trajectory,222,False,1.0,1.0,1.0,,,
acrobot,0.001,0.0,trajectory,223,True,0.006060606060606061,1.0,1.0,,,
acrobot,0.001,0.0,trajectory,224,False,1.0,0.8599067599067599,1.0,,,
acrobot,0.001,0.0,trajectory,225,False,1.0,0.6377622377622378,1.0,,,
acrobot,0.001,0.0,trajectory,226,False,0.8734265734265734,1.0,0.7202797202797203,,,
acrobot,0.001,0.0,trajectory,227,False,1.0,1.0,0.5300699300699301,,,
acrobot,0.001,0.0,trajectory,228,False,1.0,0.11608391608391609,1.0,,,
acrobot,0.001,0.0,trajectory,229,False,0.2617715617715618,1.0,1.0,,,
acrobot,0.001,0.0,trajectory,230,False,0.3645687645687645,1.0,1.0,,,
acrobot,0.001,0.0,trajectory,231,False,1.0,1.0,0.15151515151515152,,,
acrobot,0.001,0.0,trajectory,232,False,1.0,0.7701631701631702,1.0,,,
acrobot,0.001,0.0,trajectory,233,False,0.8254079254079254,1.0,0.8505827505827506,,,
acrobot,0.001,0.0,trajectory,234,False,1.0,0.04755244755244756,1.0,,,
acrobot,0.001,0.0,trajectory,235,False,1.0,1.0,1.0,,,
acrobot,0.001,0.0,trajectory,236,False,1.0,1.0,1.0,,,
acrobot,0.001,0.0,trajectory,237,False,0.36806526806526807,1.0,0.11235431235431237,,,
acrobot,0.001,0.0,trajectory,238,False,1.0,1.0,1.0,,,
acrobot,0.001,0.0,trajectory,239,False,1.0,1.0,1.0,,,
acrobot,0.001,0.0,trajectory,240,False,1.0,0.15571095571095572,0.06783216783216783,,,
acrobot,0.001,0.0,trajectory,241,False,0.5452214452214452,1.0,1.0,,,
acrobot,0.001,0.0,trajectory,242,False,1.0,1.0,0.29743589743589743,,,
acrobot,0.001,0.0,trajectory,243,False,0.13006993006993006,1.0,0.9333333333333333,,,
acrobot,0.001,0.0,trajectory,244,False,0.31585081585081587,0.651048951048951,1.0,,,
acrobot,0.001,0.0,trajectory,245,True,0.0030303030303030303,0.7132867132867133,0.23263403263403265,,,
acrobot,0.001,0.0,trajectory,246,False,0.3801864801864802,1.0,1.0,,,
acrobot,0.001,0.0,trajectory,247,False,1.0,1.0,1.0,,,
acrobot,0.001,0.0,trajectory,248,False,1.0,1.0,1.0,,,
acrobot,0.001,0.0,trajectory,249,False,0.2801864801864802,1.0,1.0,,,
acrobot,0.001,0.0,trajectory,250,False,1.0,1.0,1.0,,,
acrobot,0.001,0.0,trajectory,251,False,1.0,1.0,1.0,,,
acrobot,0.001,0.0,trajectory,252,False,1.0,0.24498834498834499,1.0,,,
acrobot,0.001,0.0,trajectory,253,False,1.0,1.0,0.03193473193473193,,,
acrobot,0.001,0.0,trajectory,254,False,1.0,0.2682983682983683,1.0,,,
acrobot,0.001,0.0,trajectory,255,False,0.696969696969697,1.0,1.0,,,
acrobot,0.001,0.0,trajectory,256,False,0.6522144522144522,0.19347319347319347,0.28857808857808853,,,
acrobot,0.001,0.0,trajectory,257,False,1.0,0.29393939393939394,1.0,,,
acrobot,0.001,0.0,trajectory,258,False,1.0,0.3944055944055944,1.0,,,
acrobot,0.001,0.0,trajectory,259,False,1.0,0.16060606060606059,1.0,,,
acrobot,0.001,0.0,trajectory,260,False,0.27995337995337993,1.0,1.0,,,
acrobot,0.001,0.0,trajectory,261,False,1.0,0.4897435897435898,1.0,,,
acrobot,0.001,0.0,trajectory,262,False,1.0,0.020279720279720283,1.0,,,
acrobot,0.001,0.0,trajectory,263,False,1.0,0.5321678321678323,1.0,,,
acrobot,0.001,0.0,trajectory,264,False,1.0,1.0,0.5510489510489511,,,
acrobot,0.001,0.0,trajectory,265,False,1.0,0.14102564102564102,1.0,,,
acrobot,0.001,0.0,trajectory,266,False,0.7867132867132867,0.4874125874125874,1.0,,,
acrobot,0.001,0.0,trajectory,267,False,1.0,1.0,0.7023310023310023,,,
acrobot,0.001,0.0,trajectory,268,False,0.26223776223776224,0.23543123543123545,0.6965034965034964,,,
acrobot,0.001,0.0,trajectory,269,False,1.0,1.0,1.0,,,
acrobot,0.001,0.0,trajectory,270,False,1.0,1.0,1.0,,,
acrobot,0.001,0.0,trajectory,271,False,1.0,1.0,1.0,,,
acrobot,0.001,0.0,trajectory,272,False,0.15104895104895105,0.2477855477855478,1.0,,,
acrobot,0.001,0.0,trajectory,273,False,0.4881118881118881,1.0,1.0,,,
acrobot,0.001,0.0,trajectory,274,False,1.0,1.0,1.0,,,
acrobot,0.001,0.0,trajectory,275,False,0.6298368298368299,1.0,1.0,,,
acrobot,0.001,0.0,trajectory,276,False,0.765034965034965,0.98997668997669,0.7918414918414918,,,
acrobot,0.001,0.0,trajectory,277,False,0.15757575757575756,0.14778554778554778,0.5272727272727272,,,
acrobot,0.001,0.0,trajectory,278,False,0.14312354312354314,0.5018648018648019,0.09557109557109557,,,
acrobot,0.001,0.0,trajectory,279,False,0.7296037296037297,1.0,1.0,,,
acrobot,0.001,0.0,trajectory,280,False,0.637995337995338,0.015384615384615385,0.3181818181818182,,,
acrobot,0.001,0.0,trajectory,281,False,1.0,0.4093240093240093,1.0,,,
acrobot,0.001,0.0,trajectory,282,False,1.0,0.5186480186480187,1.0,,,
acrobot,0.001,0.0,trajectory,283,False,1.0,1.0,1.0,,,
acrobot,0.001,0.0,trajectory,284,False,1.0,1.0,1.0,,,
acrobot,0.001,0.0,trajectory,285,False,0.7156177156177156,1.0,0.5995337995337995,,,
acrobot,0.001,0.0,trajectory,286,False,0.4496503496503496,1.0,1.0,,,
acrobot,0.001,0.0,trajectory,287,False,1.0,1.0,1.0,,,
acrobot,0.001,0.0,trajectory,288,False,0.4951048951048951,0.11631701631701633,1.0,,,
acrobot,0.001,0.0,trajectory,289,False,0.1358974358974359,0.023310023310023312,1.0,,,
acrobot,0.001,0.0,trajectory,290,False,1.0,1.0,1.0,,,
acrobot,0.001,0.0,trajectory,291,False,0.5806526806526806,1.0,0.7766899766899767,,,
acrobot,0.001,0.0,trajectory,292,False,1.0,1.0,1.0,,,
acrobot,0.001,0.0,trajectory,293,False,0.7981351981351982,0.1564102564102564,1.0,,,
acrobot,0.001,0.0,trajectory,294,False,0.41585081585081585,1.0,1.0,,,
acrobot,0.001,0.0,trajectory,295,False,1.0,0.5895104895104895,1.0,,,
acrobot,0.001,0.0,trajectory,296,False,0.20326340326340325,1.0,1.0,,,
acrobot,0.001,0.0,trajectory,297,False,0.8116550116550116,1.0,1.0,,,
acrobot,0.001,0.0,trajectory,298,False,1.0,1.0,1.0,,,
acrobot,0.001,0.0,trajectory,299,False,1.0,1.0,1.0,,,
acrobot,0.001,0.0,trajectory,300,False,1.0,0.5142191142191143,1.0,,,
acrobot,0.001,0.0,trajectory,301,False,1.0,1.0,0.13986013986013987,,,
acrobot,0.001,0.0,trajectory,302,False,1.0,1.0,1.0,,,
acrobot,0.001,0.0,trajectory,303,False,0.7818181818181819,1.0,0.7937062937062936,,,
acrobot,0.001,0.0,trajectory,304,False,1.0,1.0,1.0,,,
acrobot,0.001,0.0,trajectory,305,True,0.006060606060606061,0.44405594405594406,1.0,,,
acrobot,0.001,0.0,trajectory,306,False,1.0,1.0,0.6062937062937063,,,
acrobot,0.001,0.0,trajectory,307,False,0.8554778554778555,1.0,1.0,,,
acrobot,0.001,0.0,trajectory,308,False,1.0,0.17622377622377622,0.7946386946386946,,,
acrobot,0.001,0.0,trajectory,309,False,1.0,1.0,0.9627039627039626,,,
acrobot,0.001,0.0,trajectory,310,False,1.0,1.0,1.0,,,
acrobot,0.001,0.0,trajectory,311,False,1.0,0.9363636363636364,1.0,,,
acrobot,0.001,0.0,trajectory,312,False,1.0,0.5804195804195804,1.0,,,
acrobot,0.001,0.0,trajectory,313,False,1.0,0.4585081585081585,0.372027972027972,,,
acrobot,0.001,0.0,trajectory,314,False,1.0,1.0,0.1219114219114219,,,
acrobot,0.001,0.0,trajectory,315,False,0.38601398601398595,0.14055944055944056,0.024009324009324012,,,
acrobot,0.001,0.0,trajectory,316,False,0.9144522144522145,1.0,1.0,,,
acrobot,0.001,0.0,trajectory,317,False,1.0,1.0,0.7095571095571096,,,
acrobot,0.001,0.0,trajectory,318,False,0.08694638694638694,1.0,1.0,,,
acrobot,0.001,0.0,trajectory,319,False,1.0,1.0,1.0,,,
acrobot,0.001,0.0,trajectory,320,False,0.15547785547785548,0.2857808857808858,1.0,,,
acrobot,0.001,0.0,trajectory,321,False,0.6205128205128205,1.0,1.0,,,
acrobot,0.001,0.0,trajectory,322,False,0.25268065268065265,0.6303030303030303,0.43636363636363634,,,
acrobot,0.001,0.0,trajectory,323,False,0.7396270396270397,1.0,1.0,,,
acrobot,0.001,0.0,trajectory,324,False,1.0,1.0,0.15034965034965037,,,
acrobot,0.001,0.0,trajectory,325,False,1.0,1.0,1.0,,,
acrobot,0.001,0.0,trajectory,326,False,0.18811188811188811,1.0,1.0,,,
acrobot,0.001,0.0,trajectory,327,False,1.0,0.6988344988344989,1.0,,,
acrobot,0.001,0.0,trajectory,328,False,1.0,0.5738927738927739,1.0,,,
acrobot,0.001,0.0,trajectory,329,False,0.03962703962703963,0.1613053613053613,1.0,,,
acrobot,0.001,0.0,trajectory,330,False,1.0,0.9829836829836831,1.0,,,
acrobot,0.001,0.0,trajectory,331,False,1.0,0.9533799533799534,0.09766899766899767,,,
acrobot,0.001,0.0,trajectory,332,False,1.0,0.04242424242424243,1.0,,,
acrobot,0.001,0.0,trajectory,333,False,0.5347319347319348,1.0,1.0,,,
acrobot,0.001,0.0,trajectory,334,False,1.0,1.0,0.9666666666666668,,,
acrobot,0.001,0.0,trajectory,335,False,1.0,1.0,1.0,,,
acrobot,0.001,0.0,trajectory,336,False,1.0,1.0,1.0,,,
acrobot,0.001,0.0,trajectory,337,False,0.5277389277389277,1.0,0.40396270396270395,,,
acrobot,0.001,0.0,trajectory,338,True,0.005827505827505828,1.0,1.0,,,
acrobot,0.001,0.0,trajectory,339,False,1.0,1.0,1.0,,,
acrobot,0.001,0.0,trajectory,340,False,0.5608391608391607,1.0,0.34545454545454546,,,
acrobot,0.001,0.0,trajectory,341,False,1.0,1.0,1.0,,,
acrobot,0.001,0.0,trajectory,342,False,1.0,0.12634032634032633,1.0,,,
acrobot,0.001,0.0,trajectory,343,False,1.0,1.0,1.0,,,
acrobot,0.001,0.0,trajectory,344,False,0.8932400932400932,1.0,1.0,,,
acrobot,0.001,0.0,trajectory,345,False,1.0,0.23566433566433564,1.0,,,
acrobot,0.001,0.0,trajectory,346,False,0.10652680652680653,1.0,0.45081585081585085,,,
acrobot,0.001,0.0,trajectory,347,False,1.0,1.0,1.0,,,
acrobot,0.001,0.0,trajectory,348,False,0.6023310023310023,0.6848484848484848,0.6417249417249418,,,
acrobot,0.001,0.0,trajectory,349,False,1.0,1.0,1.0,,,
acrobot,0.001,0.0,trajectory,350,False,1.0,1.0,1.0,,,
acrobot,0.001,0.0,trajectory,351,False,1.0,1.0,1.0,,,
acrobot,0.001,0.0,trajectory,352,False,0.48601398601398604,1.0,1.0,,,
acrobot,0.001,0.0,trajectory,353,False,1.0,1.0,0.11724941724941725,,,
acrobot,0.001,0.0,trajectory,354,False,0.25361305361305364,1.0,1.0,,,
acrobot,0.001,0.0,trajectory,355,False,0.6424242424242423,0.21025641025641026,1.0,,,
acrobot,0.001,0.0,trajectory,356,False,1.0,1.0,0.786946386946387,,,
acrobot,0.001,0.0,trajectory,357,False,1.0,1.0,0.10862470862470863,,,
acrobot,0.001,0.0,trajectory,358,False,1.0,1.0,0.7694638694638694,,,
acrobot,0.001,0.0,trajectory,359,False,1.0,0.34498834498834496,1.0,,,
acrobot,0.001,0.0,trajectory,360,False,1.0,1.0,1.0,,,
acrobot,0.001,0.0,trajectory,361,False,1.0,1.0,1.0,,,
acrobot,0.001,0.0,trajectory,362,False,1.0,0.9062937062937063,0.31445221445221444,,,
acrobot,0.001,0.0,trajectory,363,False,1.0,0.9466200466200466,1.0,,,
acrobot,0.001,0.0,trajectory,364,False,1.0,1.0,1.0,,,
acrobot,0.001,0.0,trajectory,365,False,1.0,0.7508158508158508,1.0,,,
acrobot,0.001,0.0,trajectory,366,False,0.20303030303030306,1.0,0.014918414918414918,,,
acrobot,0.001,0.0,trajectory,367,False,1.0,1.0,1.0,,,
acrobot,0.001,0.0,trajectory,368,False,1.0,0.031235431235431238,1.0,,,
acrobot,0.001,0.0,trajectory,369,False,0.651981351981352,1.0,0.20442890442890443,,,
acrobot,0.001,0.0,trajectory,370,False,1.0,1.0,1.0,,,
acrobot,0.001,0.0,trajectory,371,False,1.0,0.9188811188811188,1.0,,,
acrobot,0.001,0.0,trajectory,372,False,0.33636363636363636,1.0,1.0,,,
acrobot,0.001,0.0,trajectory,373,False,1.0,0.3389277389277389,1.0,,,
acrobot,0.001,0.0,trajectory,374,False,1.0,1.0,1.0,,,
acrobot,0.001,0.0,trajectory,375,False,1.0,1.0,0.6407925407925408,,,
acrobot,0.001,0.0,trajectory,376,False,1.0,0.9629370629370629,1.0,,,
acrobot,0.001,0.0,trajectory,377,False,1.0,1.0,1.0,,,
acrobot,0.001,0.0,trajectory,378,False,0.13123543123543124,1.0,1.0,,,
acrobot,0.001,0.0,trajectory,379,False,1.0,1.0,1.0,,,
acrobot,0.001,0.0,trajectory,380,False,1.0,1.0,1.0,,,
acrobot,0.001,0.0,trajectory,381,False,0.7484848484848485,1.0,1.0,,,
acrobot,0.001,0.0,trajectory,382,False,0.4282051282051282,1.0,0.23356643356643358,,,
acrobot,0.001,0.0,trajectory,383,False,1.0,1.0,1.0,,,
acrobot,0.001,0.0,trajectory,384,False,1.0,1.0,1.0,,,
acrobot,0.001,0.0,trajectory,385,False,1.0,1.0,1.0,,,
acrobot,0.001,0.0,trajectory,386,False,1.0,0.4046620046620047,1.0,,,
acrobot,0.001,0.0,trajectory,387,False,0.5104895104895105,1.0,1.0,,,
acrobot,0.001,0.0,trajectory,388,False,1.0,0.12913752913752913,1.0,,,
acrobot,0.001,0.0,trajectory,389,False,0.7032634032634032,1.0,1.0,,,
acrobot,0.001,0.0,trajectory,390,False,1.0,0.882051282051282,1.0,,,
acrobot,0.001,0.0,trajectory,391,False,0.29044289044289046,1.0,0.15104895104895105,,,
acrobot,0.001,0.0,trajectory,392,False,1.0,0.2517482517482518,1.0,,,
acrobot,0.001,0.0,trajectory,393,False,1.0,0.3627039627039627,1.0,,,
acrobot,0.001,0.0,trajectory,394,False,0.5764568764568765,1.0,0.568997668997669,,,
acrobot,0.001,0.0,trajectory,395,False,1.0,1.0,1.0,,,
acrobot,0.001,0.0,trajectory,396,False,1.0,1.0,1.0,,,
acrobot,0.001,0.0,trajectory,397,False,0.2058275058275058,0.8918414918414919,1.0,,,
acrobot,0.001,0.0,trajectory,398,False,0.4811188811188811,1.0,1.0,,,
acrobot,0.001,0.0,trajectory,399,False,1.0,0.8417249417249417,1.0,,,
acrobot,0.001,0.0,trajectory,400,False,1.0,1.0,1.0,,,
acrobot,0.001,0.0,trajectory,401,False,0.3487179487179487,1.0,1.0,,,
acrobot,0.001,0.0,trajectory,402,False,0.6055944055944056,0.7701631701631702,0.7529137529137528,,,
acrobot,0.001,0.0,trajectory,403,False,0.9177156177156178,1.0,0.6533799533799534,,,
acrobot,0.001,0.0,trajectory,404,False,1.0,0.617016317016317,1.0,,,
acrobot,0.001,0.0,trajectory,405,False,1.0,1.0,1.0,,,
acrobot,0.001,0.0,trajectory,406,False,1.0,0.5624708624708624,0.14032634032634034,,,
acrobot,0.001,0.0,trajectory,407,False,1.0,1.0,1.0,,,
acrobot,0.001,0.0,trajectory,408,False,0.6494172494172494,1.0,0.055477855477855484,,,
acrobot,0.001,0.0,trajectory,409,False,0.496037296037296,0.4857808857808858,1.0,,,
acrobot,0.001,0.0,trajectory,410,False,1.0,1.0,1.0,,,
acrobot,0.001,0.0,trajectory,411,False,1.0,0.05990675990675991,0.9412587412587412,,,
acrobot,0.001,0.0,trajectory,412,False,1.0,1.0,1.0,,,
acrobot,0.001,0.0,trajectory,413,False,1.0,1.0,0.04638694638694639,,,
acrobot,0.001,0.0,trajectory,414,False,0.27062937062937065,1.0,0.7543123543123543,,,
acrobot,0.001,0.0,trajectory,415,False,1.0,1.0,1.0,,,
acrobot,0.001,0.0,trajectory,416,False,1.0,1.0,1.0,,,
acrobot,0.001,0.0,trajectory,417,False,1.0,1.0,0.5419580419580419,,,
acrobot,0.001,0.0,trajectory,418,False,1.0,1.0,1.0,,,
acrobot,0.001,0.0,trajectory,419,False,0.21538461538461537,1.0,1.0,,,
acrobot,0.001,0.0,trajectory,420,False,1.0,1.0,1.0,,,
acrobot,0.001,0.0,trajectory,421,False,1.0,0.5333333333333333,1.0,,,
acrobot,0.001,0.0,trajectory,422,False,1.0,1.0,1.0,,,
acrobot,0.001,0.0,trajectory,423,False,0.2128205128205128,1.0,0.4233100233100233,,,
acrobot,0.001,0.0,trajectory,424,False,0.94009324009324,0.955944055944056,0.5561771561771562,,,
acrobot,0.001,0.0,trajectory,425,False,1.0,0.38275058275058277,1.0,,,
acrobot,0.001,0.0,trajectory,426,False,0.8046620046620045,0.8072261072261071,1.0,,,
acrobot,0.001,0.0,trajectory,427,False,1.0,1.0,0.8801864801864803,,,
acrobot,0.001,0.0,trajectory,428,False,0.6480186480186481,1.0,0.1034965034965035,,,
acrobot,0.001,0.0,trajectory,429,False,1.0,1.0,0.5421911421911422,,,
acrobot,0.001,0.0,trajectory,430,False,0.9561771561771562,0.9797202797202798,1.0,,,
acrobot,0.001,0.0,trajectory,431,False,1.0,1.0,1.0,,,
acrobot,0.001,0.0,trajectory,432,False,1.0,0.5468531468531469,1.0,,,
acrobot,0.001,0.0,trajectory,433,False,1.0,1.0,0.47482517482517483,,,
acrobot,0.001,0.0,trajectory,434,False,0.7965034965034965,1.0,0.16666666666666666,,,
acrobot,0.001,0.0,trajectory,435,False,1.0,0.5414918414918415,1.0,,,
acrobot,0.001,0.0,trajectory,436,False,0.10303030303030303,0.18951048951048954,0.6146853146853147,,,
acrobot,0.001,0.0,trajectory,437,False,1.0,1.0,1.0,,,
acrobot,0.001,0.0,trajectory,438,False,1.0,1.0,0.20233100233100235,,,
acrobot,0.001,0.0,trajectory,439,False,1.0,0.7247086247086247,1.0,,,
acrobot,0.001,0.0,trajectory,440,False,1.0,1.0,1.0,,,
acrobot,0.001,0.0,trajectory,441,False,1.0,0.2953379953379953,0.5923076923076923,,,
acrobot,0.001,0.0,trajectory,442,False,1.0,0.42004662004662,1.0,,,
acrobot,0.001,0.0,trajectory,443,False,1.0,0.7979020979020979,0.30582750582750584,,,
acrobot,0.001,0.0,trajectory,444,False,1.0,1.0,1.0,,,
acrobot,0.001,0.0,trajectory,445,False,1.0,1.0,1.0,,,
acrobot,0.001,0.0,trajectory,446,False,1.0,1.0,1.0,,,
acrobot,0.001,0.0,trajectory,447,False,0.36876456876456876,0.6867132867132868,1.0,,,
acrobot,0.001,0.0,trajectory,448,False,0.18321678321678322,1.0,1.0,,,
acrobot,0.001,0.0,trajectory,449,False,1.0,1.0,1.0,,,
acrobot,0.001,0.0,trajectory,450,False,1.0,1.0,1.0,,,
acrobot,0.001,0.0,trajectory,451,False,0.4757575757575757,1.0,1.0,,,
acrobot,0.001,0.0,trajectory,452,False,1.0,1.0,1.0,,,
acrobot,0.001,0.0,trajectory,453,False,0.02703962703962704,1.0,0.8648018648018647,,,
acrobot,0.001,0.0,trajectory,454,False,0.17016317016317017,1.0,0.38601398601398595,,,
acrobot,0.001,0.0,trajectory,455,False,1.0,1.0,1.0,,,
acrobot,0.001,0.0,trajectory,456,False,0.6974358974358974,0.5529137529137529,1.0,,,
acrobot,0.001,0.0,trajectory,457,False,1.0,1.0,1.0,,,
acrobot,0.001,0.0,trajectory,458,False,0.2097902097902098,1.0,1.0,,,
acrobot,0.001,0.0,trajectory,459,False,1.0,1.0,1.0,,,
acrobot,0.001,0.0,trajectory,460,False,1.0,0.6172494172494173,1.0,,,
acrobot,0.001,0.0,trajectory,461,False,0.47156177156177154,1.0,0.7815850815850816,,,
acrobot,0.001,0.0,trajectory,462,False,1.0,0.5426573426573427,1.0,,,
acrobot,0.001,0.0,trajectory,463,False,1.0,1.0,1.0,,,
acrobot,0.001,0.0,trajectory,464,False,1.0,0.4461538461538461,1.0,,,
acrobot,0.001,0.0,trajectory,465,False,1.0,1.0,0.761072261072261,,,
acrobot,0.001,0.0,trajectory,466,False,1.0,1.0,1.0,,,
acrobot,0.001,0.0,trajectory,467,False,1.0,1.0,0.365034965034965,,,
acrobot,0.001,0.0,trajectory,468,False,1.0,1.0,1.0,,,
acrobot,0.001,0.0,trajectory,469,False,1.0,1.0,1.0,,,
acrobot,0.001,0.0,trajectory,470,False,1.0,0.06223776223776224,1.0,,,
acrobot,0.001,0.0,trajectory,471,False,1.0,1.0,1.0,,,
acrobot,0.001,0.0,trajectory,472,False,1.0,1.0,1.0,,,
acrobot,0.001,0.0,trajectory,473,False,1.0,0.776923076923077,0.1421911421911422,,,
acrobot,0.001,0.0,trajectory,474,False,1.0,0.17202797202797204,1.0,,,
acrobot,0.001,0.0,trajectory,475,False,1.0,1.0,0.7177156177156178,,,
acrobot,0.001,0.0,trajectory,476,False,0.575990675990676,1.0,1.0,,,
acrobot,0.001,0.0,trajectory,477,False,1.0,1.0,0.2317016317016317,,,
acrobot,0.001,0.0,trajectory,478,False,1.0,1.0,1.0,,,
acrobot,0.001,0.0,trajectory,479,False,0.6328671328671328,1.0,0.34941724941724944,,,
acrobot,0.001,0.0,trajectory,480,False,1.0,0.7948717948717949,0.365034965034965,,,
acrobot,0.001,0.0,trajectory,481,False,1.0,0.6307692307692307,0.6582750582750583,,,
acrobot,0.001,0.0,trajectory,482,False,0.28088578088578087,1.0,0.3072261072261072,,,
acrobot,0.001,0.0,trajectory,483,False,1.0,0.9032634032634033,1.0,,,
acrobot,0.001,0.0,trajectory,484,False,1.0,1.0,1.0,,,
acrobot,0.001,0.0,trajectory,485,False,1.0,0.8102564102564103,1.0,,,
acrobot,0.001,0.0,trajectory,486,False,1.0,1.0,0.9312354312354313,,,
acrobot,0.001,0.0,trajectory,487,False,0.5335664335664336,1.0,0.27342657342657345,,,
acrobot,0.001,0.0,trajectory,488,False,1.0,1.0,1.0,,,
acrobot,0.001,0.0,trajectory,489,False,1.0,1.0,0.1421911421911422,,,
acrobot,0.001,0.0,trajectory,490,False,1.0,1.0,0.9254079254079255,,,
acrobot,0.001,0.0,trajectory,491,False,1.0,1.0,1.0,,,
acrobot,0.001,0.0,trajectory,492,False,1.0,0.6682983682983683,0.5051282051282051,,,
acrobot,0.001,0.0,trajectory,493,False,0.7517482517482518,0.6755244755244756,1.0,,,
acrobot,0.001,0.0,trajectory,494,False,0.7582750582750581,0.9104895104895104,0.14988344988344987,,,
acrobot,0.001,0.0,trajectory,495,False,1.0,1.0,1.0,,,
acrobot,0.001,0.0,trajectory,496,False,1.0,0.20466200466200465,1.0,,,
acrobot,0.001,0.0,trajectory,497,False,1.0,1.0,1.0,,,
acrobot,0.001,0.0,trajectory,498,False,1.0,1.0,1.0,,,
acrobot,0.001,0.0,trajectory,499,False,0.24219114219114218,1.0,0.5874125874125874,,,
reacher,0.0,1e-08,block,0,False,1.0,1.0,,1.0,1.0,1.0
reacher,0.0,1e-08,block,1,False,1.0,1.0,,1.0,1.0,1.0
reacher,0.0,1e-08,block,2,False,1.0,1.0,,1.0,1.0,1.0
reacher,0.0,1e-08,block,3,False,1.0,1.0,,1.0,1.0,1.0
reacher,0.0,1e-08,block,4,False,1.0,1.0,,1.0,1.0,1.0
reacher,0.0,1e-08,block,5,False,1.0,1.0,,1.0,1.0,1.0
reacher,0.0,1e-08,block,6,False,1.0,1.0,,1.0,1.0,1.0
reacher,0.0,1e-08,block,7,False,1.0,1.0,,1.0,1.0,1.0
reacher,0.0,1e-08,block,8,False,1.0,1.0,,1.0,1.0,1.0
reacher,0.0,1e-08,block,9,False,1.0,1.0,,1.0,1.0,1.0
reacher,0.0,1e-08,block,10,False,1.0,1.0,,1.0,1.0,1.0
reacher,0.0,1e-08,block,11,False,1.0,1.0,,1.0,1.0,1.0
reacher,0.0,1e-08,block,12,False,1.0,1.0,,1.0,1.0,1.0
reacher,0.0,1e-08,block,13,False,1.0,1.0,,1.0,1.0,1.0
reacher,0.0,1e-08,block,14,False,1.0,1.0,,1.0,1.0,1.0
reacher,0.0,1e-08,block,15,False,1.0,1.0,,1.0,1.0,1.0
reacher,0.0,1e-08,block,16,False,1.0,1.0,,1.0,1.0,1.0
reacher,0.0,1e-08,block,17,False,1.0,1.0,,1.0,1.0,1.0
reacher,0.0,1e-08,block,18,False,1.0,1.0,,1.0,1.0,1.0
reacher,0.0,1e-08,block,19,False,1.0,1.0,,1.0,1.0,1.0
reacher,0.0,1e-08,block,20,False,1.0,1.0,,1.0,1.0,1.0
reacher,0.0,1e-08,block,21,False,1.0,1.0,,1.0,1.0,1.0
reacher,0.0,1e-08,block,22,False,1.0,1.0,,1.0,1.0,1.0
reacher,0.0,1e-08,block,23,False,1.0,1.0,,1.0,1.0,1.0
reacher,0.0,1e-08,block,24,False,1.0,1.0,,1.0,1.0,1.0
reacher,0.0,1e-08,block,25,False,1.0,1.0,,1.0,1.0,1.0
reacher,0.0,1e-08,block,26,False,1.0,1.0,,1.0,1.0,1.0
reacher,0.0,1e-08,block,27,False,1.0,1.0,,1.0,1.0,1.0
reacher,0.0,1e-08,block,28,False,1.0,1.0,,1.0,1.0,1.0
reacher,0.0,1e-08,block,29,False,1.0,1.0,,1.0,1.0,1.0
reacher,0.0,1e-08,block,30,False,1.0,1.0,,1.0,1.0,1.0
reacher,0.0,1e-08,block,31,False,1.0,1.0,,1.0,1.0,1.0
reacher,0.0,1e-08,block,32,False,1.0,1.0,,1.0,1.0,1.0
reacher,0.0,1e-08,block,33,False,1.0,1.0,,1.0,1.0,1.0
reacher,0.0,1e-08,block,34,False,1.0,1.0,,1.0,1.0,1.0
reacher,0.0,1e-08,block,35,False,1.0,1.0,,1.0,1.0,1.0
reacher,0.0,1e-08,block,36,False,1.0,1.0,,1.0,1.0,1.0
reacher,0.0,1e-08,block,37,False,1.0,1.0,,1.0,1.0,1.0
reacher,0.0,1e-08,block,38,False,1.0,1.0,,1.0,1.0,1.0
reacher,0.0,1e-08,block,39,False,1.0,1.0,,1.0,1.0,1.0
reacher,0.0,1e-08,block,40,False,1.0,1.0,,1.0,1.0,1.0
reacher,0.0,1e-08,block,41,False,1.0,1.0,,1.0,1.0,1.0
reacher,0.0,1e-08,block,42,False,1.0,1.0,,1.0,1.0,1.0
reacher,0.0,1e-08,block,43,False,1.0,1.0,,1.0,1.0,1.0
reacher,0.0,1e-08,block,44,False,1.0,1.0,,1.0,1.0,1.0
reacher,0.0,1e-08,block,45,False,1.0,1.0,,1.0,1.0,1.0
reacher,0.0,1e-08,block,46,False,1.0,1.0,,1.0,1.0,1.0
reacher,0.0,1e-08,block,47,False,1.0,1.0,,1.0,1.0,1.0
reacher,0.0,1e-08,block,48,False,1.0,1.0,,1.0,1.0,1.0
reacher,0.0,1e-08,block,49,False,1.0,1.0,,1.0,1.0,1.0
reacher,0.0,1e-08,block,50,False,1.0,1.0,,1.0,1.0,1.0
reacher,0.0,1e-08,block,51,False,1.0,1.0,,1.0,1.0,1.0
reacher,0.0,1e-08,block,52,False,1.0,1.0,,1.0,1.0,1.0
reacher,0.0,1e-08,block,53,False,1.0,1.0,,1.0,1.0,1.0
reacher,0.0,1e-08,block,54,False,1.0,1.0,,1.0,1.0,1.0
reacher,0.0,1e-08,block,55,False,1.0,1.0,,1.0,1.0,1.0
reacher,0.0,1e-08,block,56,False,1.0,1.0,,1.0,1.0,1.0
reacher,0.0,1e-08,block,57,False,1.0,1.0,,1.0,1.0,1.0
reacher,0.0,1e-08,block,58,False,1.0,1.0,,1.0,1.0,1.0
reacher,0.0,1e-08,block,59,False,1.0,1.0,,1.0,1.0,1.0
reacher,0.0,1e-08,block,60,False,1.0,1.0,,1.0,1.0,1.0
reacher,0.0,1e-08,block,61,False,1.0,1.0,,1.0,1.0,1.0
reacher,0.0,1e-08,block,62,False,1.0,1.0,,1.0,1.0,1.0
reacher,0.0,1e-08,block,63,False,1.0,1.0,,1.0,1.0,1.0
reacher,0.0,1e-08,block,64,False,1.0,1.0,,1.0,1.0,1.0
reacher,0.0,1e-08,block,65,False,1.0,1.0,,1.0,1.0,1.0
reacher,0.0,1e-08,block,66,False,1.0,1.0,,1.0,1.0,1.0
reacher,0.0,1e-08,block,67,False,1.0,1.0,,1.0,1.0,1.0
reacher,0.0,1e-08,block,68,False,1.0,1.0,,1.0,1.0,1.0
reacher,0.0,1e-08,block,69,False,1.0,1.0,,1.0,1.0,1.0
reacher,0.0,1e-08,block,70,False,1.0,1.0,,1.0,1.0,1.0
reacher,0.0,1e-08,block,71,False,1.0,1.0,,1.0,1.0,1.0
reacher,0.0,1e-08,block,72,False,1.0,1.0,,1.0,1.0,1.0
reacher,0.0,1e-08,block,73,False,1.0,1.0,,1.0,1.0,1.0
reacher,0.0,1e-08,block,74,False,1.0,1.0,,1.0,1.0,1.0
reacher,0.0,1e-08,block,75,False,1.0,1.0,,1.0,1.0,1.0
reacher,0.0,1e-08,block,76,False,1.0,1.0,,1.0,1.0,1.0
reacher,0.0,1e-08,block,77,False,1.0,1.0,,1.0,1.0,1.0
reacher,0.0,1e-08,block,78,False,1.0,1.0,,1.0,1.0,1.0
reacher,0.0,1e-08,block,79,False,1.0,1.0,,1.0,1.0,1.0
reacher,0.0,1e-08,block,80,False,1.0,1.0,,1.0,1.0,1.0
reacher,0.0,1e-08,block,81,False,1.0,1.0,,1.0,1.0,1.0
reacher,0.0,1e-08,block,82,False,1.0,1.0,,1.0,1.0,1.0
reacher,0.0,1e-08,block,83,False,1.0,1.0,,1.0,1.0,1.0
reacher,0.0,1e-08,block,84,False,1.0,1.0,,1.0,1.0,1.0
reacher,0.0,1e-08,block,85,False,1.0,1.0,,1.0,1.0,1.0
reacher,0.0,1e-08,block,86,False,1.0,1.0,,1.0,1.0,1.0
reacher,0.0,1e-08,block,87,False,1.0,1.0,,1.0,1.0,1.0
reacher,0.0,1e-08,block,88,False,1.0,1.0,,1.0,1.0,1.0
reacher,0.0,1e-08,block,89,False,1.0,1.0,,1.0,1.0,1.0
reacher,0.0,1e-08,block,90,False,1.0,1.0,,1.0,1.0,1.0
reacher,0.0,1e-08,block,91,False,1.0,1.0,,1.0,1.0,1.0
reacher,0.0,1e-08,block,92,False,1.0,1.0,,1.0,1.0,1.0
reacher,0.0,1e-08,block,93,False,1.0,1.0,,1.0,1.0,1.0
reacher,0.0,1e-08,block,94,False,1.0,1.0,,1.0,1.0,1.0
reacher,0.0,1e-08,block,95,False,1.0,1.0,,1.0,1.0,1.0
reacher,0.0,1e-08,block,96,False,1.0,1.0,,1.0,1.0,1.0
reacher,0.0,1e-08,block,97,False,1.0,1.0,,1.0,1.0,1.0
reacher,0.0,1e-08,block,98,False,1.0,1.0,,1.0,1.0,1.0
reacher,0.0,1e-08,block,99,False,1.0,1.0,,1.0,1.0,1.0
reacher,0.0,1e-08,block,100,False,1.0,1.0,,1.0,1.0,1.0
reacher,0.0,1e-08,block,101,False,1.0,1.0,,1.0,1.0,1.0
reacher,0.0,1e-08,block,102,False,1.0,1.0,,1.0,1.0,1.0
reacher,0.0,1e-08,block,103,False,1.0,1.0,,1.0,1.0,1.0
reacher,0.0,1e-08,block,104,False,1.0,1.0,,1.0,1.0,1.0
reacher,0.0,1e-08,block,105,False,1.0,1.0,,1.0,1.0,1.0
reacher,0.0,1e-08,block,106,False,1.0,1.0,,1.0,1.0,1.0
reacher,0.0,1e-08,block,107,False,1.0,1.0,,1.0,1.0,1.0
reacher,0.0,1e-08,block,108,False,1.0,1.0,,1.0,1.0,1.0
reacher,0.0,1e-08,block,109,False,1.0,1.0,,1.0,1.0,1.0
reacher,0.0,1e-08,block,110,False,1.0,1.0,,1.0,1.0,1.0
reacher,0.0,1e-08,block,111,False,1.0,1.0,,1.0,1.0,1.0
reacher,0.0,1e-08,block,112,False,1.0,1.0,,1.0,1.0,1.0
reacher,0.0,1e-08,block,113,False,1.0,1.0,,1.0,1.0,1.0
reacher,0.0,1e-08,block,114,False,1.0,1.0,,1.0,1.0,1.0
reacher,0.0,1e-08,block,115,False,1.0,1.0,,1.0,1.0,1.0
reacher,0.0,1e-08,block,116,False,1.0,1.0,,1.0,1.0,1.0
reacher,0.0,1e-08,block,117,False,1.0,1.0,,1.0,1.0,1.0
reacher,0.0,1e-08,block,118,False,1.0,1.0,,1.0,1.0,1.0
reacher,0.0,1e-08,block,119,False,1.0,1.0,,1.0,1.0,1.0
reacher,0.0,1e-08,block,120,False,1.0,1.0,,1.0,1.0,1.0
reacher,0.0,1e-08,block,121,False,1.0,1.0,,1.0,1.0,1.0
reacher,0.0,1e-08,block,122,False,1.0,1.0,,1.0,1.0,1.0
reacher,0.0,1e-08,block,123,False,1.0,1.0,,1.0,1.0,1.0
reacher,0.0,1e-08,block,124,False,1.0,1.0,,1.0,1.0,1.0
reacher,0.0,1e-08,block,125,False,1.0,1.0,,1.0,1.0,1.0
reacher,0.0,1e-08,block,126,False,1.0,1.0,,1.0,1.0,1.0
reacher,0.0,1e-08,block,127,False,1.0,1.0,,1.0,1.0,1.0
reacher,0.0,1e-08,block,128,False,1.0,1.0,,1.0,1.0,1.0
reacher,0.0,1e-08,block,129,False,1.0,1.0,,1.0,1.0,1.0
reacher,0.0,1e-08,block,130,False,1.0,1.0,,1.0,1.0,1.0
reacher,0.0,1e-08,block,131,False,1.0,1.0,,1.0,1.0,1.0
reacher,0.0,1e-08,block,132,False,1.0,1.0,,1.0,1.0,1.0
reacher,0.0,1e-08,block,133,False,1.0,1.0,,1.0,1.0,1.0
reacher,0.0,1e-08,block,134,False,1.0,1.0,,1.0,1.0,1.0
reacher,0.0,1e-08,block,135,False,1.0,1.0,,1.0,1.0,1.0
reacher,0.0,1e-08,block,136,False,1.0,1.0,,1.0,1.0,1.0
reacher,0.0,1e-08,block,137,False,1.0,1.0,,1.0,1.0,1.0
reacher,0.0,1e-08,block,138,False,1.0,1.0,,1.0,1.0,1.0
reacher,0.0,1e-08,block,139,False,1.0,1.0,,1.0,1.0,1.0
reacher,0.0,1e-08,block,140,False,1.0,1.0,,1.0,1.0,1.0
reacher,0.0,1e-08,block,141,False,1.0,1.0,,1.0,1.0,1.0
reacher,0.0,1e-08,block,142,False,1.0,1.0,,1.0,1.0,1.0
reacher,0.0,1e-08,block,143,False,1.0,1.0,,1.0,1.0,1.0
reacher,0.0,1e-08,block,144,False,1.0,1.0,,1.0,1.0,1.0
reacher,0.0,1e-08,block,145,False,1.0,1.0,,1.0,1.0,1.0
reacher,0.0,1e-08,block,146,False,1.0,1.0,,1.0,1.0,1.0
reacher,0.0,1e-08,block,147,False,1.0,1.0,,1.0,1.0,1.0
reacher,0.0,1e-08,block,148,False,1.0,1.0,,1.0,1.0,1.0
reacher,0.0,1e-08,block,149,False,1.0,1.0,,1.0,1.0,1.0
reacher,0.0,1e-08,block,150,False,1.0,1.0,,1.0,1.0,1.0
reacher,0.0,1e-08,block,151,False,1.0,1.0,,1.0,1.0,1.0
reacher,0.0,1e-08,block,152,False,1.0,1.0,,1.0,1.0,1.0
reacher,0.0,1e-08,block,153,False,1.0,1.0,,1.0,1.0,1.0
reacher,0.0,1e-08,block,154,False,1.0,1.0,,1.0,1.0,1.0
reacher,0.0,1e-08,block,155,False,1.0,1.0,,1.0,1.0,1.0
reacher,0.0,1e-08,block,156,False,1.0,1.0,,1.0,1.0,1.0
reacher,0.0,1e-08,block,157,False,1.0,1.0,,1.0,1.0,1.0
reacher,0.0,1e-08,block,158,False,1.0,1.0,,1.0,1.0,1.0
reacher,0.0,1e-08,block,159,False,1.0,1.0,,1.0,1.0,1.0
reacher,0.0,1e-08,block,160,False,1.0,1.0,,1.0,1.0,1.0
reacher,0.0,1e-08,block,161,False,1.0,1.0,,1.0,1.0,1.0
reacher,0.0,1e-08,block,162,False,1.0,1.0,,1.0,1.0,1.0
reacher,0.0,1e-08,block,163,False,1.0,1.0,,1.0,1.0,1.0
reacher,0.0,1e-08,block,164,False,1.0,1.0,,1.0,1.0,1.0
reacher,0.0,1e-08,block,165,False,1.0,1.0,,1.0,1.0,1.0
reacher,0.0,1e-08,block,166,False,1.0,1.0,,1.0,1.0,1.0
reacher,0.0,1e-08,block,167,False,1.0,1.0,,1.0,1.0,1.0
reacher,0.0,1e-08,block,168,False,1.0,1.0,,1.0,1.0,1.0
reacher,0.0,1e-08,block,169,False,1.0,1.0,,1.0,1.0,1.0
reacher,0.0,1e-08,block,170,False,1.0,1.0,,1.0,1.0,1.0
reacher,0.0,1e-08,block,171,False,1.0,1.0,,1.0,1.0,1.0
reacher,0.0,1e-08,block,172,False,1.0,1.0,,1.0,1.0,1.0
reacher,0.0,1e-08,block,173,False,1.0,1.0,,1.0,1.0,1.0
reacher,0.0,1e-08,block,174,False,1.0,1.0,,1.0,1.0,1.0
reacher,0.0,1e-08,block,175,False,1.0,1.0,,1.0,1.0,1.0
reacher,0.0,1e-08,block,176,False,1.0,1.0,,1.0,1.0,1.0
reacher,0.0,1e-08,block,177,False,1.0,1.0,,1.0,1.0,1.0
reacher,0.0,1e-08,block,178,False,1.0,1.0,,1.0,1.0,1.0
reacher,0.0,1e-08,block,179,False,1.0,1.0,,1.0,1.0,1.0
reacher,0.0,1e-08,block,180,False,1.0,1.0,,1.0,1.0,1.0
reacher,0.0,1e-08,block,181,False,1.0,1.0,,1.0,1.0,1.0
reacher,0.0,1e-08,block,182,False,1.0,1.0,,1.0,1.0,1.0
reacher,0.0,1e-08,block,183,False,1.0,1.0,,1.0,1.0,1.0
reacher,0.0,1e-08,block,184,False,1.0,1.0,,1.0,1.0,1.0
reacher,0.0,1e-08,block,185,False,1.0,1.0,,1.0,1.0,1.0
reacher,0.0,1e-08,block,186,False,1.0,1.0,,1.0,1.0,1.0
reacher,0.0,1e-08,block,187,False,1.0,1.0,,1.0,1.0,1.0
reacher,0.0,1e-08,block,188,False,1.0,1.0,,1.0,1.0,1.0
reacher,0.0,1e-08,block,189,False,1.0,1.0,,1.0,1.0,1.0
reacher,0.0,1e-08,block,190,False,1.0,1.0,,1.0,1.0,1.0
reacher,0.0,1e-08,block,191,False,1.0,1.0,,1.0,1.0,1.0
reacher,0.0,1e-08,block,192,False,1.0,1.0,,1.0,1.0,1.0
reacher,0.0,1e-08,block,193,False,1.0,1.0,,1.0,1.0,1.0
reacher,0.0,1e-08,block,194,False,1.0,1.0,,1.0,1.0,1.0
reacher,0.0,1e-08,block,195,False,1.0,1.0,,1.0,1.0,1.0
reacher,0.0,1e-08,block,196,False,1.0,1.0,,1.0,1.0,1.0
reacher,0.0,1e-08,block,197,False,1.0,1.0,,1.0,1.0,1.0
reacher,0.0,1e-08,block,198,False,1.0,1.0,,1.0,1.0,1.0
reacher,0.0,1e-08,block,199,False,1.0,1.0,,1.0,1.0,1.0
reacher,0.0,1e-08,block,200,False,1.0,1.0,,1.0,1.0,1.0
reacher,0.0,1e-08,block,201,False,1.0,1.0,,1.0,1.0,1.0
reacher,0.0,1e-08,block,202,False,1.0,1.0,,1.0,1.0,1.0
reacher,0.0,1e-08,block,203,False,1.0,1.0,,1.0,1.0,1.0
reacher,0.0,1e-08,block,204,False,1.0,1.0,,1.0,1.0,1.0
reacher,0.0,1e-08,block,205,False,1.0,1.0,,1.0,1.0,1.0
reacher,0.0,1e-08,block,206,False,1.0,1.0,,1.0,1.0,1.0
reacher,0.0,1e-08,block,207,False,1.0,1.0,,1.0,1.0,1.0
reacher,0.0,1e-08,block,208,False,1.0,1.0,,1.0,1.0,1.0
reacher,0.0,1e-08,block,209,False,1.0,1.0,,1.0,1.0,1.0
reacher,0.0,1e-08,block,210,False,1.0,1.0,,1.0,1.0,1.0
reacher,0.0,1e-08,block,211,False,1.0,1.0,,1.0,1.0,1.0
reacher,0.0,1e-08,block,212,False,1.0,1.0,,1.0,1.0,1.0
reacher,0.0,1e-08,block,213,False,1.0,1.0,,1.0,1.0,1.0
reacher,0.0,1e-08,block,214,False,1.0,1.0,,1.0,1.0,1.0
reacher,0.0,1e-08,block,215,False,1.0,1.0,,1.0,1.0,1.0
reacher,0.0,1e-08,block,216,False,1.0,1.0,,1.0,1.0,1.0
reacher,0.0,1e-08,block,217,False,1.0,1.0,,1.0,1.0,1.0
reacher,0.0,1e-08,block,218,False,1.0,1.0,,1.0,1.0,1.0
reacher,0.0,1e-08,block,219,False,1.0,1.0,,1.0,1.0,1.0
reacher,0.0,1e-08,block,220,False,1.0,1.0,,1.0,1.0,1.0
reacher,0.0,1e-08,block,221,False,1.0,1.0,,1.0,1.0,1.0
reacher,0.0,1e-08,block,222,False,1.0,1.0,,1.0,1.0,1.0
reacher,0.0,1e-08,block,223,False,1.0,1.0,,1.0,1.0,1.0
reacher,0.0,1e-08,block,224,False,1.0,1.0,,1.0,1.0,1.0
reacher,0.0,1e-08,block,225,False,1.0,1.0,,1.0,1.0,1.0
reacher,0.0,1e-08,block,226,False,1.0,1.0,,1.0,1.0,1.0
reacher,0.0,1e-08,block,227,False,1.0,1.0,,1.0,1.0,1.0
reacher,0.0,1e-08,block,228,False,1.0,1.0,,1.0,1.0,1.0
reacher,0.0,1e-08,block,229,False,1.0,1.0,,1.0,1.0,1.0
reacher,0.0,1e-08,block,230,False,1.0,1.0,,1.0,1.0,1.0
reacher,0.0,1e-08,block,231,False,1.0,1.0,,1.0,1.0,1.0
reacher,0.0,1e-08,block,232,False,1.0,1.0,,1.0,1.0,1.0
reacher,0.0,1e-08,block,233,False,1.0,1.0,,1.0,1.0,1.0
reacher,0.0,1e-08,block,234,False,1.0,1.0,,1.0,1.0,1.0
reacher,0.0,1e-08,block,235,False,1.0,1.0,,1.0,1.0,1.0
reacher,0.0,1e-08,block,236,False,1.0,1.0,,1.0,1.0,1.0
reacher,0.0,1e-08,block,237,False,1.0,1.0,,1.0,1.0,1.0
reacher,0.0,1e-08,block,238,False,1.0,1.0,,1.0,1.0,1.0
reacher,0.0,1e-08,block,239,False,1.0,1.0,,1.0,1.0,1.0
reacher,0.0,1e-08,block,240,False,1.0,1.0,,1.0,1.0,1.0
reacher,0.0,1e-08,block,241,False,1.0,1.0,,1.0,1.0,1.0
reacher,0.0,1e-08,block,242,False,1.0,1.0,,1.0,1.0,1.0
reacher,0.0,1e-08,block,243,False,1.0,1.0,,1.0,1.0,1.0
reacher,0.0,1e-08,block,244,False,1.0,1.0,,1.0,1.0,1.0
reacher,0.0,1e-08,block,245,False,1.0,1.0,,1.0,1.0,1.0
reacher,0.0,1e-08,block,246,False,1.0,1.0,,1.0,1.0,1.0
reacher,0.0,1e-08,block,247,False,1.0,1.0,,1.0,1.0,1.0
reacher,0.0,1e-08,block,248,False,1.0,1.0,,1.0,1.0,1.0
reacher,0.0,1e-08,block,249,False,1.0,1.0,,1.0,1.0,1.0
reacher,0.0,1e-08,block,250,False,1.0,1.0,,1.0,1.0,1.0
reacher,0.0,1e-08,block,251,False,1.0,1.0,,1.0,1.0,1.0
reacher,0.0,1e-08,block,252,False,1.0,1.0,,1.0,1.0,1.0
reacher,0.0,1e-08,block,253,False,1.0,1.0,,1.0,1.0,1.0
reacher,0.0,1e-08,block,254,False,1.0,1.0,,1.0,1.0,1.0
reacher,0.0,1e-08,block,255,False,1.0,1.0,,1.0,1.0,1.0
reacher,0.0,1e-08,block,256,False,1.0,1.0,,1.0,1.0,1.0
reacher,0.0,1e-08,block,257,False,1.0,1.0,,1.0,1.0,1.0
reacher,0.0,1e-08,block,258,False,1.0,1.0,,1.0,1.0,1.0
reacher,0.0,1e-08,block,259,False,1.0,1.0,,1.0,1.0,1.0
reacher,0.0,1e-08,block,260,False,1.0,1.0,,1.0,1.0,1.0
reacher,0.0,1e-08,block,261,False,1.0,1.0,,1.0,1.0,1.0
reacher,0.0,1e-08,block,262,False,1.0,1.0,,1.0,1.0,1.0
reacher,0.0,1e-08,block,263,False,1.0,1.0,,1.0,1.0,1.0
reacher,0.0,1e-08,block,264,False,1.0,1.0,,1.0,1.0,1.0
reacher,0.0,1e-08,block,265,False,1.0,1.0,,1.0,1.0,1.0
reacher,0.0,1e-08,block,266,False,1.0,1.0,,1.0,1.0,1.0
reacher,0.0,1e-08,block,267,False,1.0,1.0,,1.0,1.0,1.0
reacher,0.0,1e-08,block,268,False,1.0,1.0,,1.0,1.0,1.0
reacher,0.0,1e-08,block,269,False,1.0,1.0,,1.0,1.0,1.0
reacher,0.0,1e-08,block,270,False,1.0,1.0,,1.0,1.0,1.0
reacher,0.0,1e-08,block,271,False,1.0,1.0,,1.0,1.0,1.0
reacher,0.0,1e-08,block,272,False,1.0,1.0,,1.0,1.0,1.0
reacher,0.0,1e-08,block,273,False,1.0,1.0,,1.0,1.0,1.0
reacher,0.0,1e-08,block,274,False,1.0,1.0,,1.0,1.0,1.0
reacher,0.0,1e-08,block,275,False,1.0,1.0,,1.0,1.0,1.0
reacher,0.0,1e-08,block,276,False,1.0,1.0,,1.0,1.0,1.0
reacher,0.0,1e-08,block,277,False,1.0,1.0,,1.0,1.0,1.0
reacher,0.0,1e-08,block,278,False,1.0,1.0,,1.0,1.0,1.0
reacher,0.0,1e-08,block,279,False,1.0,1.0,,1.0,1.0,1.0
reacher,0.0,1e-08,block,280,False,1.0,1.0,,1.0,1.0,1.0
reacher,0.0,1e-08,block,281,False,1.0,1.0,,1.0,1.0,1.0
reacher,0.0,1e-08,block,282,False,1.0,1.0,,1.0,1.0,1.0
reacher,0.0,1e-08,block,283,False,1.0,1.0,,1.0,1.0,1.0
reacher,0.0,1e-08,block,284,False,1.0,1.0,,1.0,1.0,1.0
reacher,0.0,1e-08,block,285,False,1.0,1.0,,1.0,1.0,1.0
reacher,0.0,1e-08,block,286,False,1.0,1.0,,1.0,1.0,1.0
reacher,0.0,1e-08,block,287,False,1.0,1.0,,1.0,1.0,1.0
reacher,0.0,1e-08,block,288,False,1.0,1.0,,1.0,1.0,1.0
reacher,0.0,1e-08,block,289,False,1.0,1.0,,1.0,1.0,1.0
reacher,0.0,1e-08,block,290,False,1.0,1.0,,1.0,1.0,1.0
reacher,0.0,1e-08,block,291,False,1.0,1.0,,1.0,1.0,1.0
reacher,0.0,1e-08,block,292,False,1.0,1.0,,1.0,1.0,1.0
reacher,0.0,1e-08,block,293,False,1.0,1.0,,1.0,1.0,1.0
reacher,0.0,1e-08,block,294,False,1.0,1.0,,1.0,1.0,1.0
reacher,0.0,1e-08,block,295,False,1.0,1.0,,1.0,1.0,1.0
reacher,0.0,1e-08,block,296,False,1.0,1.0,,1.0,1.0,1.0
reacher,0.0,1e-08,block,297,False,1.0,1.0,,1.0,1.0,1.0
reacher,0.0,1e-08,block,298,False,1.0,1.0,,1.0,1.0,1.0
reacher,0.0,1e-08,block,299,False,1.0,1.0,,1.0,1.0,1.0
reacher,0.0,1e-08,block,300,False,1.0,1.0,,1.0,1.0,1.0
reacher,0.0,1e-08,block,301,False,1.0,1.0,,1.0,1.0,1.0
reacher,0.0,1e-08,block,302,False,1.0,1.0,,1.0,1.0,1.0
reacher,0.0,1e-08,block,303,False,1.0,1.0,,1.0,1.0,1.0
reacher,0.0,1e-08,block,304,False,1.0,1.0,,1.0,1.0,1.0
reacher,0.0,1e-08,block,305,False,1.0,1.0,,1.0,1.0,1.0
reacher,0.0,1e-08,block,306,False,1.0,1.0,,1.0,1.0,1.0
reacher,0.0,1e-08,block,307,False,1.0,1.0,,1.0,1.0,1.0
reacher,0.0,1e-08,block,308,False,1.0,1.0,,1.0,1.0,1.0
reacher,0.0,1e-08,block,309,False,1.0,1.0,,1.0,1.0,1.0
reacher,0.0,1e-08,block,310,False,1.0,1.0,,1.0,1.0,1.0
reacher,0.0,1e-08,block,311,False,1.0,1.0,,1.0,1.0,1.0
reacher,0.0,1e-08,block,312,False,1.0,1.0,,1.0,1.0,1.0
reacher,0.0,1e-08,block,313,False,1.0,1.0,,1.0,1.0,1.0
reacher,0.0,1e-08,block,314,False,1.0,1.0,,1.0,1.0,1.0
reacher,0.0,1e-08,block,315,False,1.0,1.0,,1.0,1.0,1.0
reacher,0.0,1e-08,block,316,False,1.0,1.0,,1.0,1.0,1.0
reacher,0.0,1e-08,block,317,False,1.0,1.0,,1.0,1.0,1.0
reacher,0.0,1e-08,block,318,False,1.0,1.0,,1.0,1.0,1.0
reacher,0.0,1e-08,block,319,False,1.0,1.0,,1.0,1.0,1.0
reacher,0.0,1e-08,block,320,False,1.0,1.0,,1.0,1.0,1.0
reacher,0.0,1e-08,block,321,False,1.0,1.0,,1.0,1.0,1.0
reacher,0.0,1e-08,block,322,False,1.0,1.0,,1.0,1.0,1.0
reacher,0.0,1e-08,block,323,False,1.0,1.0,,1.0,1.0,1.0
reacher,0.0,1e-08,block,324,False,1.0,1.0,,1.0,1.0,1.0
reacher,0.0,1e-08,block,325,False,1.0,1.0,,1.0,1.0,1.0
reacher,0.0,1e-08,block,326,False,1.0,1.0,,1.0,1.0,1.0
reacher,0.0,1e-08,block,327,False,1.0,1.0,,1.0,1.0,1.0
reacher,0.0,1e-08,block,328,False,1.0,1.0,,1.0,1.0,1.0
reacher,0.0,1e-08,block,329,False,1.0,1.0,,1.0,1.0,1.0
reacher,0.0,1e-08,block,330,False,1.0,1.0,,1.0,1.0,1.0
reacher,0.0,1e-08,block,331,False,1.0,1.0,,1.0,1.0,1.0
reacher,0.0,1e-08,block,332,False,1.0,1.0,,1.0,1.0,1.0
reacher,0.0,1e-08,block,333,False,1.0,1.0,,1.0,1.0,1.0
reacher,0.0,1e-08,block,334,False,1.0,1.0,,1.0,1.0,1.0
reacher,0.0,1e-08,block,335,False,1.0,1.0,,1.0,1.0,1.0
reacher,0.0,1e-08,block,336,False,1.0,1.0,,1.0,1.0,1.0
reacher,0.0,1e-08,block,337,False,1.0,1.0,,1.0,1.0,1.0
reacher,0.0,1e-08,block,338,False,1.0,1.0,,1.0,1.0,1.0
reacher,0.0,1e-08,block,339,False,1.0,1.0,,1.0,1.0,1.0
reacher,0.0,1e-08,block,340,False,1.0,1.0,,1.0,1.0,1.0
reacher,0.0,1e-08,block,341,False,1.0,1.0,,1.0,1.0,1.0
reacher,0.0,1e-08,block,342,False,1.0,1.0,,1.0,1.0,1.0
reacher,0.0,1e-08,block,343,False,1.0,1.0,,1.0,1.0,1.0
reacher,0.0,1e-08,block,344,False,1.0,1.0,,1.0,1.0,1.0
reacher,0.0,1e-08,block,345,False,1.0,1.0,,1.0,1.0,1.0
reacher,0.0,1e-08,block,346,False,1.0,1.0,,1.0,1.0,1.0
reacher,0.0,1e-08,block,347,False,1.0,1.0,,1.0,1.0,1.0
reacher,0.0,1e-08,block,348,False,1.0,1.0,,1.0,1.0,1.0
reacher,0.0,1e-08,block,349,False,1.0,1.0,,1.0,1.0,1.0
reacher,0.0,1e-08,block,350,False,1.0,1.0,,1.0,1.0,1.0
reacher,0.0,1e-08,block,351,False,1.0,1.0,,1.0,1.0,1.0
reacher,0.0,1e-08,block,352,False,1.0,1.0,,1.0,1.0,1.0
reacher,0.0,1e-08,block,353,False,1.0,1.0,,1.0,1.0,1.0
reacher,0.0,1e-08,block,354,False,1.0,1.0,,1.0,1.0,1.0
reacher,0.0,1e-08,block,355,False,1.0,1.0,,1.0,1.0,1.0
reacher,0.0,1e-08,block,356,False,1.0,1.0,,1.0,1.0,1.0
reacher,0.0,1e-08,block,357,False,1.0,1.0,,1.0,1.0,1.0
reacher,0.0,1e-08,block,358,False,1.0,1.0,,1.0,1.0,1.0
reacher,0.0,1e-08,block,359,False,1.0,1.0,,1.0,1.0,1.0
reacher,0.0,1e-08,block,360,False,1.0,1.0,,1.0,1.0,1.0
reacher,0.0,1e-08,block,361,False,1.0,1.0,,1.0,1.0,1.0
reacher,0.0,1e-08,block,362,False,1.0,1.0,,1.0,1.0,1.0
reacher,0.0,1e-08,block,363,False,1.0,1.0,,1.0,1.0,1.0
reacher,0.0,1e-08,block,364,False,1.0,1.0,,1.0,1.0,1.0
reacher,0.0,1e-08,block,365,False,1.0,1.0,,1.0,1.0,1.0
reacher,0.0,1e-08,block,366,False,1.0,1.0,,1.0,1.0,1.0
reacher,0.0,1e-08,block,367,False,1.0,1.0,,1.0,1.0,1.0
reacher,0.0,1e-08,block,368,False,1.0,1.0,,1.0,1.0,1.0
reacher,0.0,1e-08,block,369,False,1.0,1.0,,1.0,1.0,1.0
reacher,0.0,1e-08,block,370,False,1.0,1.0,,1.0,1.0,1.0
reacher,0.0,1e-08,block,371,False,1.0,1.0,,1.0,1.0,1.0
reacher,0.0,1e-08,block,372,False,1.0,1.0,,1.0,1.0,1.0
reacher,0.0,1e-08,block,373,False,1.0,1.0,,1.0,1.0,1.0
reacher,0.0,1e-08,block,374,False,1.0,1.0,,1.0,1.0,1.0
reacher,0.0,1e-08,block,375,False,1.0,1.0,,1.0,1.0,1.0
reacher,0.0,1e-08,block,376,False,1.0,1.0,,1.0,1.0,1.0
reacher,0.0,1e-08,block,377,False,1.0,1.0,,1.0,1.0,1.0
reacher,0.0,1e-08,block,378,False,1.0,1.0,,1.0,1.0,1.0
reacher,0.0,1e-08,block,379,False,1.0,1.0,,1.0,1.0,1.0
reacher,0.0,1e-08,block,380,False,1.0,1.0,,1.0,1.0,1.0
reacher,0.0,1e-08,block,381,False,1.0,1.0,,1.0,1.0,1.0
reacher,0.0,1e-08,block,382,False,1.0,1.0,,1.0,1.0,1.0
reacher,0.0,1e-08,block,383,False,1.0,1.0,,1.0,1.0,1.0
reacher,0.0,1e-08,block,384,False,1.0,1.0,,1.0,1.0,1.0
reacher,0.0,1e-08,block,385,False,1.0,1.0,,1.0,1.0,1.0
reacher,0.0,1e-08,block,386,False,1.0,1.0,,1.0,1.0,1.0
reacher,0.0,1e-08,block,387,False,1.0,1.0,,1.0,1.0,1.0
reacher,0.0,1e-08,block,388,False,1.0,1.0,,1.0,1.0,1.0
reacher,0.0,1e-08,block,389,False,1.0,1.0,,1.0,1.0,1.0
reacher,0.0,1e-08,block,390,False,1.0,1.0,,1.0,1.0,1.0
reacher,0.0,1e-08,block,391,False,1.0,1.0,,1.0,1.0,1.0
reacher,0.0,1e-08,block,392,False,1.0,1.0,,1.0,1.0,1.0
reacher,0.0,1e-08,block,393,False,1.0,1.0,,1.0,1.0,1.0
reacher,0.0,1e-08,block,394,False,1.0,1.0,,1.0,1.0,1.0
reacher,0.0,1e-08,block,395,False,1.0,1.0,,1.0,1.0,1.0
reacher,0.0,1e-08,block,396,False,1.0,1.0,,1.0,1.0,1.0
reacher,0.0,1e-08,block,397,False,1.0,1.0,,1.0,1.0,1.0
reacher,0.0,1e-08,block,398,False,1.0,1.0,,1.0,1.0,1.0
reacher,0.0,1e-08,block,399,False,1.0,1.0,,1.0,1.0,1.0
reacher,0.0,1e-08,block,400,False,1.0,1.0,,1.0,1.0,1.0
reacher,0.0,1e-08,block,401,False,1.0,1.0,,1.0,1.0,1.0
reacher,0.0,1e-08,block,402,False,1.0,1.0,,1.0,1.0,1.0
reacher,0.0,1e-08,block,403,False,1.0,1.0,,1.0,1.0,1.0
reacher,0.0,1e-08,block,404,False,1.0,1.0,,1.0,1.0,1.0
reacher,0.0,1e-08,block,405,False,1.0,1.0,,1.0,1.0,1.0
reacher,0.0,1e-08,block,406,False,1.0,1.0,,1.0,1.0,1.0
reacher,0.0,1e-08,block,407,False,1.0,1.0,,1.0,1.0,1.0
reacher,0.0,1e-08,block,408,False,1.0,1.0,,1.0,1.0,1.0
reacher,0.0,1e-08,block,409,False,1.0,1.0,,1.0,1.0,1.0
reacher,0.0,1e-08,block,410,False,1.0,1.0,,1.0,1.0,1.0
reacher,0.0,1e-08,block,411,False,1.0,1.0,,1.0,1.0,1.0
reacher,0.0,1e-08,block,412,False,1.0,1.0,,1.0,1.0,1.0
reacher,0.0,1e-08,block,413,False,1.0,1.0,,1.0,1.0,1.0
reacher,0.0,1e-08,block,414,False,1.0,1.0,,1.0,1.0,1.0
reacher,0.0,1e-08,block,415,False,1.0,1.0,,1.0,1.0,1.0
reacher,0.0,1e-08,block,416,False,1.0,1.0,,1.0,1.0,1.0
reacher,0.0,1e-08,block,417,False,1.0,1.0,,1.0,1.0,1.0
reacher,0.0,1e-08,block,418,False,1.0,1.0,,1.0,1.0,1.0
reacher,0.0,1e-08,block,419,False,1.0,1.0,,1.0,1.0,1.0
reacher,0.0,1e-08,block,420,False,1.0,1.0,,1.0,1.0,1.0
reacher,0.0,1e-08,block,421,False,1.0,1.0,,1.0,1.0,1.0
reacher,0.0,1e-08,block,422,False,1.0,1.0,,1.0,1.0,1.0
reacher,0.0,1e-08,block,423,False,1.0,1.0,,1.0,1.0,1.0
reacher,0.0,1e-08,block,424,False,1.0,1.0,,1.0,1.0,1.0
reacher,0.0,1e-08,block,425,False,1.0,1.0,,1.0,1.0,1.0
reacher,0.0,1e-08,block,426,False,1.0,1.0,,1.0,1.0,1.0
reacher,0.0,1e-08,block,427,False,1.0,1.0,,1.0,1.0,1.0
reacher,0.0,1e-08,block,428,False,1.0,1.0,,1.0,1.0,1.0
reacher,0.0,1e-08,block,429,False,1.0,1.0,,1.0,1.0,1.0
reacher,0.0,1e-08,block,430,False,1.0,1.0,,1.0,1.0,1.0
reacher,0.0,1e-08,block,431,False,1.0,1.0,,1.0,1.0,1.0
reacher,0.0,1e-08,block,432,False,1.0,1.0,,1.0,1.0,1.0
reacher,0.0,1e-08,block,433,False,1.0,1.0,,1.0,1.0,1.0
reacher,0.0,1e-08,block,434,False,1.0,1.0,,1.0,1.0,1.0
reacher,0.0,1e-08,block,435,False,1.0,1.0,,1.0,1.0,1.0
reacher,0.0,1e-08,block,436,False,1.0,1.0,,1.0,1.0,1.0
reacher,0.0,1e-08,block,437,False,1.0,1.0,,1.0,1.0,1.0
reacher,0.0,1e-08,block,438,False,1.0,1.0,,1.0,1.0,1.0
reacher,0.0,1e-08,block,439,False,1.0,1.0,,1.0,1.0,1.0
reacher,0.0,1e-08,block,440,False,1.0,1.0,,1.0,1.0,1.0
reacher,0.0,1e-08,block,441,False,1.0,1.0,,1.0,1.0,1.0
reacher,0.0,1e-08,block,442,False,1.0,1.0,,1.0,1.0,1.0
reacher,0.0,1e-08,block,443,False,1.0,1.0,,1.0,1.0,1.0
reacher,0.0,1e-08,block,444,False,1.0,1.0,,1.0,1.0,1.0
reacher,0.0,1e-08,block,445,False,1.0,1.0,,1.0,1.0,1.0
reacher,0.0,1e-08,block,446,False,1.0,1.0,,1.0,1.0,1.0
reacher,0.0,1e-08,block,447,False,1.0,1.0,,1.0,1.0,1.0
reacher,0.0,1e-08,block,448,False,1.0,1.0,,1.0,1.0,1.0
reacher,0.0,1e-08,block,449,False,1.0,1.0,,1.0,1.0,1.0
reacher,0.0,1e-08,block,450,False,1.0,1.0,,1.0,1.0,1.0
reacher,0.0,1e-08,block,451,False,1.0,1.0,,1.0,1.0,1.0
reacher,0.0,1e-08,block,452,False,1.0,1.0,,1.0,1.0,1.0
reacher,0.0,1e-08,block,453,False,1.0,1.0,,1.0,1.0,1.0
reacher,0.0,1e-08,block,454,False,1.0,1.0,,1.0,1.0,1.0
reacher,0.0,1e-08,block,455,False,1.0,1.0,,1.0,1.0,1.0
reacher,0.0,1e-08,block,456,False,1.0,1.0,,1.0,1.0,1.0
reacher,0.0,1e-08,block,457,False,1.0,1.0,,1.0,1.0,1.0
reacher,0.0,1e-08,block,458,False,1.0,1.0,,1.0,1.0,1.0
reacher,0.0,1e-08,block,459,False,1.0,1.0,,1.0,1.0,1.0
reacher,0.0,1e-08,block,460,False,1.0,1.0,,1.0,1.0,1.0
reacher,0.0,1e-08,block,461,False,1.0,1.0,,1.0,1.0,1.0
reacher,0.0,1e-08,block,462,False,1.0,1.0,,1.0,1.0,1.0
reacher,0.0,1e-08,block,463,False,1.0,1.0,,1.0,1.0,1.0
reacher,0.0,1e-08,block,464,False,1.0,1.0,,1.0,1.0,1.0
reacher,0.0,1e-08,block,465,False,1.0,1.0,,1.0,1.0,1.0
reacher,0.0,1e-08,block,466,False,1.0,1.0,,1.0,1.0,1.0
reacher,0.0,1e-08,block,467,False,1.0,1.0,,1.0,1.0,1.0
reacher,0.0,1e-08,block,468,False,1.0,1.0,,1.0,1.0,1.0
reacher,0.0,1e-08,block,469,False,1.0,1.0,,1.0,1.0,1.0
reacher,0.0,1e-08,block,470,False,1.0,1.0,,1.0,1.0,1.0
reacher,0.0,1e-08,block,471,False,1.0,1.0,,1.0,1.0,1.0
reacher,0.0,1e-08,block,472,False,1.0,1.0,,1.0,1.0,1.0
reacher,0.0,1e-08,block,473,False,1.0,1.0,,1.0,1.0,1.0
reacher,0.0,1e-08,block,474,False,1.0,1.0,,1.0,1.0,1.0
reacher,0.0,1e-08,block,475,False,1.0,1.0,,1.0,1.0,1.0
reacher,0.0,1e-08,block,476,False,1.0,1.0,,1.0,1.0,1.0
reacher,0.0,1e-08,block,477,False,1.0,1.0,,1.0,1.0,1.0
reacher,0.0,1e-08,block,478,False,1.0,1.0,,1.0,1.0,1.0
reacher,0.0,1e-08,block,479,False,1.0,1.0,,1.0,1.0,1.0
reacher,0.0,1e-08,block,480,False,1.0,1.0,,1.0,1.0,1.0
reacher,0.0,1e-08,block,481,False,1.0,1.0,,1.0,1.0,1.0
reacher,0.0,1e-08,block,482,False,1.0,1.0,,1.0,1.0,1.0
reacher,0.0,1e-08,block,483,False,1.0,1.0,,1.0,1.0,1.0
reacher,0.0,1e-08,block,484,False,1.0,1.0,,1.0,1.0,1.0
reacher,0.0,1e-08,block,485,False,1.0,1.0,,1.0,1.0,1.0
reacher,0.0,1e-08,block,486,False,1.0,1.0,,1.0,1.0,1.0
reacher,0.0,1e-08,block,487,False,1.0,1.0,,1.0,1.0,1.0
reacher,0.0,1e-08,block,488,False,1.0,1.0,,1.0,1.0,1.0
reacher,0.0,1e-08,block,489,False,1.0,1.0,,1.0,1.0,1.0
reacher,0.0,1e-08,block,490,False,1.0,1.0,,1.0,1.0,1.0
reacher,0.0,1e-08,block,491,False,1.0,1.0,,1.0,1.0,1.0
reacher,0.0,1e-08,block,492,False,1.0,1.0,,1.0,1.0,1.0
reacher,0.0,1e-08,block,493,False,1.0,1.0,,1.0,1.0,1.0
reacher,0.0,1e-08,block,494,False,1.0,1.0,,1.0,1.0,1.0
reacher,0.0,1e-08,block,495,False,1.0,1.0,,1.0,1.0,1.0
reacher,0.0,1e-08,block,496,False,1.0,1.0,,1.0,1.0,1.0
reacher,0.0,1e-08,block,497,False,1.0,1.0,,1.0,1.0,1.0
reacher,0.0,1e-08,block,498,False,1.0,1.0,,1.0,1.0,1.0
reacher,0.0,1e-08,block,499,False,1.0,1.0,,1.0,1.0,1.0
reacher,0.0,1e-08,trajectory,0,False,1.0,1.0,,1.0,1.0,1.0
reacher,0.0,1e-08,trajectory,1,False,1.0,1.0,,1.0,1.0,1.0
reacher,0.0,1e-08,trajectory,2,False,1.0,1.0,,1.0,1.0,1.0
reacher,0.0,1e-08,trajectory,3,False,1.0,1.0,,1.0,1.0,1.0
reacher,0.0,1e-08,trajectory,4,False,1.0,1.0,,1.0,1.0,1.0
reacher,0.0,1e-08,trajectory,5,False,1.0,1.0,,1.0,1.0,1.0
reacher,0.0,1e-08,trajectory,6,False,1.0,1.0,,1.0,1.0,1.0
reacher,0.0,1e-08,trajectory,7,False,1.0,1.0,,1.0,1.0,1.0
reacher,0.0,1e-08,trajectory,8,False,1.0,1.0,,1.0,1.0,1.0
reacher,0.0,1e-08,trajectory,9,False,1.0,1.0,,1.0,1.0,1.0
reacher,0.0,1e-08,trajectory,10,False,1.0,1.0,,1.0,1.0,1.0
reacher,0.0,1e-08,trajectory,11,False,1.0,1.0,,1.0,1.0,1.0
reacher,0.0,1e-08,trajectory,12,False,1.0,1.0,,1.0,1.0,1.0
reacher,0.0,1e-08,trajectory,13,False,1.0,1.0,,1.0,1.0,1.0
reacher,0.0,1e-08,trajectory,14,False,1.0,1.0,,1.0,1.0,1.0
reacher,0.0,1e-08,trajectory,15,False,1.0,1.0,,1.0,1.0,1.0
reacher,0.0,1e-08,trajectory,16,False,1.0,1.0,,1.0,1.0,1.0
reacher,0.0,1e-08,trajectory,17,False,1.0,1.0,,1.0,1.0,1.0
reacher,0.0,1e-08,trajectory,18,False,1.0,1.0,,1.0,1.0,1.0
reacher,0.0,1e-08,trajectory,19,False,1.0,1.0,,1.0,1.0,1.0
reacher,0.0,1e-08,trajectory,20,False,1.0,1.0,,1.0,1.0,1.0
reacher,0.0,1e-08,trajectory,21,False,1.0,1.0,,1.0,1.0,1.0
reacher,0.0,1e-08,trajectory,22,False,1.0,1.0,,1.0,1.0,1.0
reacher,0.0,1e-08,trajectory,23,False,1.0,1.0,,1.0,1.0,1.0
reacher,0.0,1e-08,trajectory,24,False,1.0,1.0,,1.0,1.0,1.0
reacher,0.0,1e-08,trajectory,25,False,1.0,1.0,,1.0,1.0,1.0
reacher,0.0,1e-08,trajectory,26,False,1.0,1.0,,1.0,1.0,1.0
reacher,0.0,1e-08,trajectory,27,False,1.0,1.0,,1.0,1.0,1.0
reacher,0.0,1e-08,trajectory,28,False,1.0,1.0,,1.0,1.0,1.0
reacher,0.0,1e-08,trajectory,29,False,1.0,1.0,,1.0,1.0,1.0
reacher,0.0,1e-08,trajectory,30,False,1.0,1.0,,1.0,1.0,1.0
reacher,0.0,1e-08,trajectory,31,False,1.0,1.0,,1.0,1.0,1.0
reacher,0.0,1e-08,trajectory,32,False,1.0,1.0,,1.0,1.0,1.0
reacher,0.0,1e-08,trajectory,33,False,1.0,1.0,,1.0,1.0,1.0
reacher,0.0,1e-08,trajectory,34,False,1.0,1.0,,1.0,1.0,1.0
reacher,0.0,1e-08,trajectory,35,False,1.0,1.0,,1.0,1.0,1.0
reacher,0.0,1e-08,trajectory,36,False,1.0,1.0,,1.0,1.0,1.0
reacher,0.0,1e-08,trajectory,37,False,1.0,1.0,,1.0,1.0,1.0
reacher,0.0,1e-08,trajectory,38,False,1.0,1.0,,1.0,1.0,1.0
reacher,0.0,1e-08,trajectory,39,False,1.0,1.0,,1.0,1.0,1.0
reacher,0.0,1e-08,trajectory,40,False,1.0,1.0,,1.0,1.0,1.0
reacher,0.0,1e-08,trajectory,41,False,1.0,1.0,,1.0,1.0,1.0
reacher,0.0,1e-08,trajectory,42,False,1.0,1.0,,1.0,1.0,1.0
reacher,0.0,1e-08,trajectory,43,False,1.0,1.0,,1.0,1.0,1.0
reacher,0.0,1e-08,trajectory,44,False,1.0,1.0,,1.0,1.0,1.0
reacher,0.0,1e-08,trajectory,45,False,1.0,1.0,,1.0,1.0,1.0
reacher,0.0,1e-08,trajectory,46,False,1.0,1.0,,1.0,1.0,1.0
reacher,0.0,1e-08,trajectory,47,False,1.0,1.0,,1.0,1.0,1.0
reacher,0.0,1e-08,trajectory,48,False,1.0,1.0,,1.0,1.0,1.0
reacher,0.0,1e-08,trajectory,49,False,1.0,1.0,,1.0,1.0,1.0
reacher,0.0,1e-08,trajectory,50,False,1.0,1.0,,1.0,1.0,1.0
reacher,0.0,1e-08,trajectory,51,False,1.0,1.0,,1.0,1.0,1.0
reacher,0.0,1e-08,trajectory,52,False,1.0,1.0,,1.0,1.0,1.0
reacher,0.0,1e-08,trajectory,53,False,1.0,1.0,,1.0,1.0,1.0
reacher,0.0,1e-08,trajectory,54,False,1.0,1.0,,1.0,1.0,1.0
reacher,0.0,1e-08,trajectory,55,False,1.0,1.0,,1.0,1.0,1.0
reacher,0.0,1e-08,trajectory,56,False,1.0,1.0,,1.0,1.0,1.0
reacher,0.0,1e-08,trajectory,57,False,1.0,1.0,,1.0,1.0,1.0
reacher,0.0,1e-08,trajectory,58,False,1.0,1.0,,1.0,1.0,1.0
reacher,0.0,1e-08,trajectory,59,False,1.0,1.0,,1.0,1.0,1.0
reacher,0.0,1e-08,trajectory,60,False,1.0,1.0,,1.0,1.0,1.0
reacher,0.0,1e-08,trajectory,61,False,1.0,1.0,,1.0,1.0,1.0
reacher,0.0,1e-08,trajectory,62,False,1.0,1.0,,1.0,1.0,1.0
reacher,0.0,1e-08,trajectory,63,False,1.0,1.0,,1.0,1.0,1.0
reacher,0.0,1e-08,trajectory,64,False,1.0,1.0,,1.0,1.0,1.0
reacher,0.0,1e-08,trajectory,65,False,1.0,1.0,,1.0,1.0,1.0
reacher,0.0,1e-08,trajectory,66,False,1.0,1.0,,1.0,1.0,1.0
reacher,0.0,1e-08,trajectory,67,False,1.0,1.0,,1.0,1.0,1.0
reacher,0.0,1e-08,trajectory,68,False,1.0,1.0,,1.0,1.0,1.0
reacher,0.0,1e-08,trajectory,69,False,1.0,1.0,,1.0,1.0,1.0
reacher,0.0,1e-08,trajectory,70,False,1.0,1.0,,1.0,1.0,1.0
reacher,0.0,1e-08,trajectory,71,False,1.0,1.0,,1.0,1.0,1.0
reacher,0.0,1e-08,trajectory,72,False,1.0,1.0,,1.0,1.0,1.0
reacher,0.0,1e-08,trajectory,73,False,1.0,1.0,,1.0,1.0,1.0
reacher,0.0,1e-08,trajectory,74,False,1.0,1.0,,1.0,1.0,1.0
reacher,0.0,1e-08,trajectory,75,False,1.0,1.0,,1.0,1.0,1.0
reacher,0.0,1e-08,trajectory,76,False,1.0,1.0,,1.0,1.0,1.0
reacher,0.0,1e-08,trajectory,77,False,1.0,1.0,,1.0,1.0,1.0
reacher,0.0,1e-08,trajectory,78,False,1.0,1.0,,1.0,1.0,1.0
reacher,0.0,1e-08,trajectory,79,False,1.0,1.0,,1.0,1.0,1.0
reacher,0.0,1e-08,trajectory,80,False,1.0,1.0,,1.0,1.0,1.0
reacher,0.0,1e-08,trajectory,81,False,1.0,1.0,,1.0,1.0,1.0
reacher,0.0,1e-08,trajectory,82,False,1.0,1.0,,1.0,1.0,1.0
reacher,0.0,1e-08,trajectory,83,False,1.0,1.0,,1.0,1.0,1.0
reacher,0.0,1e-08,trajectory,84,False,1.0,1.0,,1.0,1.0,1.0
reacher,0.0,1e-08,trajectory,85,False,1.0,1.0,,1.0,1.0,1.0
reacher,0.0,1e-08,trajectory,86,False,1.0,1.0,,1.0,1.0,1.0
reacher,0.0,1e-08,trajectory,87,False,1.0,1.0,,1.0,1.0,1.0
reacher,0.0,1e-08,trajectory,88,False,1.0,1.0,,1.0,1.0,1.0
reacher,0.0,1e-08,trajectory,89,False,1.0,1.0,,1.0,1.0,1.0
reacher,0.0,1e-08,trajectory,90,False,1.0,1.0,,1.0,1.0,1.0
reacher,0.0,1e-08,trajectory,91,False,1.0,1.0,,1.0,1.0,1.0
reacher,0.0,1e-08,trajectory,92,False,1.0,1.0,,1.0,1.0,1.0
reacher,0.0,1e-08,trajectory,93,False,1.0,1.0,,1.0,1.0,1.0
reacher,0.0,1e-08,trajectory,94,False,1.0,1.0,,1.0,1.0,1.0
reacher,0.0,1e-08,trajectory,95,False,1.0,1.0,,1.0,1.0,1.0
reacher,0.0,1e-08,trajectory,96,False,1.0,1.0,,1.0,1.0,1.0
reacher,0.0,1e-08,trajectory,97,False,1.0,1.0,,1.0,1.0,1.0
reacher,0.0,1e-08,trajectory,98,False,1.0,1.0,,1.0,1.0,1.0
reacher,0.0,1e-08,trajectory,99,False,1.0,1.0,,1.0,1.0,1.0
reacher,0.0,1e-08,trajectory,100,False,1.0,1.0,,1.0,1.0,1.0
reacher,0.0,1e-08,trajectory,101,False,1.0,1.0,,1.0,1.0,1.0
reacher,0.0,1e-08,trajectory,102,False,1.0,1.0,,1.0,1.0,1.0
reacher,0.0,1e-08,trajectory,103,False,1.0,1.0,,1.0,1.0,1.0
reacher,0.0,1e-08,trajectory,104,False,1.0,1.0,,1.0,1.0,1.0
reacher,0.0,1e-08,trajectory,105,False,1.0,1.0,,1.0,1.0,1.0
reacher,0.0,1e-08,trajectory,106,False,1.0,1.0,,1.0,1.0,1.0
reacher,0.0,1e-08,trajectory,107,False,1.0,1.0,,1.0,1.0,1.0
reacher,0.0,1e-08,trajectory,108,False,1.0,1.0,,1.0,1.0,1.0
reacher,0.0,1e-08,trajectory,109,False,1.0,1.0,,1.0,1.0,1.0
reacher,0.0,1e-08,trajectory,110,False,1.0,1.0,,1.0,1.0,1.0
reacher,0.0,1e-08,trajectory,111,False,1.0,1.0,,1.0,1.0,1.0
reacher,0.0,1e-08,trajectory,112,False,1.0,1.0,,1.0,1.0,1.0
reacher,0.0,1e-08,trajectory,113,False,1.0,1.0,,1.0,1.0,1.0
reacher,0.0,1e-08,trajectory,114,False,1.0,1.0,,1.0,1.0,1.0
reacher,0.0,1e-08,trajectory,115,False,1.0,1.0,,1.0,1.0,1.0
reacher,0.0,1e-08,trajectory,116,False,1.0,1.0,,1.0,1.0,1.0
reacher,0.0,1e-08,trajectory,117,False,1.0,1.0,,1.0,1.0,1.0
reacher,0.0,1e-08,trajectory,118,False,1.0,1.0,,1.0,1.0,1.0
reacher,0.0,1e-08,trajectory,119,False,1.0,1.0,,1.0,1.0,1.0
reacher,0.0,1e-08,trajectory,120,False,1.0,1.0,,1.0,1.0,1.0
reacher,0.0,1e-08,trajectory,121,False,1.0,1.0,,1.0,1.0,1.0
reacher,0.0,1e-08,trajectory,122,False,1.0,1.0,,1.0,1.0,1.0
reacher,0.0,1e-08,trajectory,123,False,1.0,1.0,,1.0,1.0,1.0
reacher,0.0,1e-08,trajectory,124,False,1.0,1.0,,1.0,1.0,1.0
reacher,0.0,1e-08,trajectory,125,False,1.0,1.0,,1.0,1.0,1.0
reacher,0.0,1e-08,trajectory,126,False,1.0,1.0,,1.0,1.0,1.0
reacher,0.0,1e-08,trajectory,127,False,1.0,1.0,,1.0,1.0,1.0
reacher,0.0,1e-08,trajectory,128,False,1.0,1.0,,1.0,1.0,1.0
reacher,0.0,1e-08,trajectory,129,False,1.0,1.0,,1.0,1.0,1.0
reacher,0.0,1e-08,trajectory,130,False,1.0,1.0,,1.0,1.0,1.0
reacher,0.0,1e-08,trajectory,131,False,1.0,1.0,,1.0,1.0,1.0
reacher,0.0,1e-08,trajectory,132,False,1.0,1.0,,1.0,1.0,1.0
reacher,0.0,1e-08,trajectory,133,False,1.0,1.0,,1.0,1.0,1.0
reacher,0.0,1e-08,trajectory,134,False,1.0,1.0,,1.0,1.0,1.0
reacher,0.0,1e-08,trajectory,135,False,1.0,1.0,,1.0,1.0,1.0
reacher,0.0,1e-08,trajectory,136,False,1.0,1.0,,1.0,1.0,1.0
reacher,0.0,1e-08,trajectory,137,False,1.0,1.0,,1.0,1.0,1.0
reacher,0.0,1e-08,trajectory,138,False,1.0,1.0,,1.0,1.0,1.0
reacher,0.0,1e-08,trajectory,139,False,1.0,1.0,,1.0,1.0,1.0
reacher,0.0,1e-08,trajectory,140,False,1.0,1.0,,1.0,1.0,1.0
reacher,0.0,1e-08,trajectory,141,False,1.0,1.0,,1.0,1.0,1.0
reacher,0.0,1e-08,trajectory,142,False,1.0,1.0,,1.0,1.0,1.0
reacher,0.0,1e-08,trajectory,143,False,1.0,1.0,,1.0,1.0,1.0
reacher,0.0,1e-08,trajectory,144,False,1.0,1.0,,1.0,1.0,1.0
reacher,0.0,1e-08,trajectory,145,False,1.0,1.0,,1.0,1.0,1.0
reacher,0.0,1e-08,trajectory,146,False,1.0,1.0,,1.0,1.0,1.0
reacher,0.0,1e-08,trajectory,147,False,1.0,1.0,,1.0,1.0,1.0
reacher,0.0,1e-08,trajectory,148,False,1.0,1.0,,1.0,1.0,1.0
reacher,0.0,1e-08,trajectory,149,False,1.0,1.0,,1.0,1.0,1.0
reacher,0.0,1e-08,trajectory,150,False,1.0,1.0,,1.0,1.0,1.0
reacher,0.0,1e-08,trajectory,151,False,1.0,1.0,,1.0,1.0,1.0
reacher,0.0,1e-08,trajectory,152,False,1.0,1.0,,1.0,1.0,1.0
reacher,0.0,1e-08,trajectory,153,False,1.0,1.0,,1.0,1.0,1.0
reacher,0.0,1e-08,trajectory,154,False,1.0,1.0,,1.0,1.0,1.0
reacher,0.0,1e-08,trajectory,155,False,1.0,1.0,,1.0,1.0,1.0
reacher,0.0,1e-08,trajectory,156,False,1.0,1.0,,1.0,1.0,1.0
reacher,0.0,1e-08,trajectory,157,False,1.0,1.0,,1.0,1.0,1.0
reacher,0.0,1e-08,trajectory,158,False,1.0,1.0,,1.0,1.0,1.0
reacher,0.0,1e-08,trajectory,159,False,1.0,1.0,,1.0,1.0,1.0
reacher,0.0,1e-08,trajectory,160,False,1.0,1.0,,1.0,1.0,1.0
reacher,0.0,1e-08,trajectory,161,False,1.0,1.0,,1.0,1.0,1.0
reacher,0.0,1e-08,trajectory,162,False,1.0,1.0,,1.0,1.0,1.0
reacher,0.0,1e-08,trajectory,163,False,1.0,1.0,,1.0,1.0,1.0
reacher,0.0,1e-08,trajectory,164,False,1.0,1.0,,1.0,1.0,1.0
reacher,0.0,1e-08,trajectory,165,False,1.0,1.0,,1.0,1.0,1.0
reacher,0.0,1e-08,trajectory,166,False,1.0,1.0,,1.0,1.0,1.0
reacher,0.0,1e-08,trajectory,167,False,1.0,1.0,,1.0,1.0,1.0
reacher,0.0,1e-08,trajectory,168,False,1.0,1.0,,1.0,1.0,1.0
reacher,0.0,1e-08,trajectory,169,False,1.0,1.0,,1.0,1.0,1.0
reacher,0.0,1e-08,trajectory,170,False,1.0,1.0,,1.0,1.0,1.0
reacher,0.0,1e-08,trajectory,171,False,1.0,1.0,,1.0,1.0,1.0
reacher,0.0,1e-08,trajectory,172,False,1.0,1.0,,1.0,1.0,1.0
reacher,0.0,1e-08,trajectory,173,False,1.0,1.0,,1.0,1.0,1.0
reacher,0.0,1e-08,trajectory,174,False,1.0,1.0,,1.0,1.0,1.0
reacher,0.0,1e-08,trajectory,175,False,1.0,1.0,,1.0,1.0,1.0
reacher,0.0,1e-08,trajectory,176,False,1.0,1.0,,1.0,1.0,1.0
reacher,0.0,1e-08,trajectory,177,False,1.0,1.0,,1.0,1.0,1.0
reacher,0.0,1e-08,trajectory,178,False,1.0,1.0,,1.0,1.0,1.0
reacher,0.0,1e-08,trajectory,179,False,1.0,1.0,,1.0,1.0,1.0
reacher,0.0,1e-08,trajectory,180,False,1.0,1.0,,1.0,1.0,1.0
reacher,0.0,1e-08,trajectory,181,False,1.0,1.0,,1.0,1.0,1.0
reacher,0.0,1e-08,trajectory,182,False,1.0,1.0,,1.0,1.0,1.0
reacher,0.0,1e-08,trajectory,183,False,1.0,1.0,,1.0,1.0,1.0
reacher,0.0,1e-08,trajectory,184,False,1.0,1.0,,1.0,1.0,1.0
reacher,0.0,1e-08,trajectory,185,False,1.0,1.0,,1.0,1.0,1.0
reacher,0.0,1e-08,trajectory,186,False,1.0,1.0,,1.0,1.0,1.0
reacher,0.0,1e-08,trajectory,187,False,1.0,1.0,,1.0,1.0,1.0
reacher,0.0,1e-08,trajectory,188,False,1.0,1.0,,1.0,1.0,1.0
reacher,0.0,1e-08,trajectory,189,False,1.0,1.0,,1.0,1.0,1.0
reacher,0.0,1e-08,trajectory,190,False,1.0,1.0,,1.0,1.0,1.0
reacher,0.0,1e-08,trajectory,191,False,1.0,1.0,,1.0,1.0,1.0
reacher,0.0,1e-08,trajectory,192,False,1.0,1.0,,1.0,1.0,1.0
reacher,0.0,1e-08,trajectory,193,False,1.0,1.0,,1.0,1.0,1.0
reacher,0.0,1e-08,trajectory,194,False,1.0,1.0,,1.0,1.0,1.0
reacher,0.0,1e-08,trajectory,195,False,1.0,1.0,,1.0,1.0,1.0
reacher,0.0,1e-08,trajectory,196,False,1.0,1.0,,1.0,1.0,1.0
reacher,0.0,1e-08,trajectory,197,False,1.0,1.0,,1.0,1.0,1.0
reacher,0.0,1e-08,trajectory,198,False,1.0,1.0,,1.0,1.0,1.0
reacher,0.0,1e-08,trajectory,199,False,1.0,1.0,,1.0,1.0,1.0
reacher,0.0,1e-08,trajectory,200,False,1.0,1.0,,1.0,1.0,1.0
reacher,0.0,1e-08,trajectory,201,False,1.0,1.0,,1.0,1.0,1.0
reacher,0.0,1e-08,trajectory,202,False,1.0,1.0,,1.0,1.0,1.0
reacher,0.0,1e-08,trajectory,203,False,1.0,1.0,,1.0,1.0,1.0
reacher,0.0,1e-08,trajectory,204,False,1.0,1.0,,1.0,1.0,1.0
reacher,0.0,1e-08,trajectory,205,False,1.0,1.0,,1.0,1.0,1.0
reacher,0.0,1e-08,trajectory,206,False,1.0,1.0,,1.0,1.0,1.0
reacher,0.0,1e-08,trajectory,207,False,1.0,1.0,,1.0,1.0,1.0
reacher,0.0,1e-08,trajectory,208,False,1.0,1.0,,1.0,1.0,1.0
reacher,0.0,1e-08,trajectory,209,False,1.0,1.0,,1.0,1.0,1.0
reacher,0.0,1e-08,trajectory,210,False,1.0,1.0,,1.0,1.0,1.0
reacher,0.0,1e-08,trajectory,211,False,1.0,1.0,,1.0,1.0,1.0
reacher,0.0,1e-08,trajectory,212,False,1.0,1.0,,1.0,1.0,1.0
reacher,0.0,1e-08,trajectory,213,False,1.0,1.0,,1.0,1.0,1.0
reacher,0.0,1e-08,trajectory,214,False,1.0,1.0,,1.0,1.0,1.0
reacher,0.0,1e-08,trajectory,215,False,1.0,1.0,,1.0,1.0,1.0
reacher,0.0,1e-08,trajectory,216,False,1.0,1.0,,1.0,1.0,1.0
reacher,0.0,1e-08,trajectory,217,False,1.0,1.0,,1.0,1.0,1.0
reacher,0.0,1e-08,trajectory,218,False,1.0,1.0,,1.0,1.0,1.0
reacher,0.0,1e-08,trajectory,219,False,1.0,1.0,,1.0,1.0,1.0
reacher,0.0,1e-08,trajectory,220,False,1.0,1.0,,1.0,1.0,1.0
reacher,0.0,1e-08,trajectory,221,False,1.0,1.0,,1.0,1.0,1.0
reacher,0.0,1e-08,trajectory,222,False,1.0,1.0,,1.0,1.0,1.0
reacher,0.0,1e-08,trajectory,223,False,1.0,1.0,,1.0,1.0,1.0
reacher,0.0,1e-08,trajectory,224,False,1.0,1.0,,1.0,1.0,1.0
reacher,0.0,1e-08,trajectory,225,False,1.0,1.0,,1.0,1.0,1.0
reacher,0.0,1e-08,trajectory,226,False,1.0,1.0,,1.0,1.0,1.0
reacher,0.0,1e-08,trajectory,227,False,1.0,1.0,,1.0,1.0,1.0
reacher,0.0,1e-08,trajectory,228,False,1.0,1.0,,1.0,1.0,1.0
reacher,0.0,1e-08,trajectory,229,False,1.0,1.0,,1.0,1.0,1.0
reacher,0.0,1e-08,trajectory,230,False,1.0,1.0,,1.0,1.0,1.0
reacher,0.0,1e-08,trajectory,231,False,1.0,1.0,,1.0,1.0,1.0
reacher,0.0,1e-08,trajectory,232,False,1.0,1.0,,1.0,1.0,1.0
reacher,0.0,1e-08,trajectory,233,False,1.0,1.0,,1.0,1.0,1.0
reacher,0.0,1e-08,trajectory,234,False,1.0,1.0,,1.0,1.0,1.0
reacher,0.0,1e-08,trajectory,235,False,1.0,1.0,,1.0,1.0,1.0
reacher,0.0,1e-08,trajectory,236,False,1.0,1.0,,1.0,1.0,1.0
reacher,0.0,1e-08,trajectory,237,False,1.0,1.0,,1.0,1.0,1.0
reacher,0.0,1e-08,trajectory,238,False,1.0,1.0,,1.0,1.0,1.0
reacher,0.0,1e-08,trajectory,239,False,1.0,1.0,,1.0,1.0,1.0
reacher,0.0,1e-08,trajectory,240,False,1.0,1.0,,1.0,1.0,1.0
reacher,0.0,1e-08,trajectory,241,False,1.0,1.0,,1.0,1.0,1.0
reacher,0.0,1e-08,trajectory,242,False,1.0,1.0,,1.0,1.0,1.0
reacher,0.0,1e-08,trajectory,243,False,1.0,1.0,,1.0,1.0,1.0
reacher,0.0,1e-08,trajectory,244,False,1.0,1.0,,1.0,1.0,1.0
reacher,0.0,1e-08,trajectory,245,False,1.0,1.0,,1.0,1.0,1.0
reacher,0.0,1e-08,trajectory,246,False,1.0,1.0,,1.0,1.0,1.0
reacher,0.0,1e-08,trajectory,247,False,1.0,1.0,,1.0,1.0,1.0
reacher,0.0,1e-08,trajectory,248,False,1.0,1.0,,1.0,1.0,1.0
reacher,0.0,1e-08,trajectory,249,False,1.0,1.0,,1.0,1.0,1.0
reacher,0.0,1e-08,trajectory,250,False,1.0,1.0,,1.0,1.0,1.0
reacher,0.0,1e-08,trajectory,251,False,1.0,1.0,,1.0,1.0,1.0
reacher,0.0,1e-08,trajectory,252,False,1.0,1.0,,1.0,1.0,1.0
reacher,0.0,1e-08,trajectory,253,False,1.0,1.0,,1.0,1.0,1.0
reacher,0.0,1e-08,trajectory,254,False,1.0,1.0,,1.0,1.0,1.0
reacher,0.0,1e-08,trajectory,255,False,1.0,1.0,,1.0,1.0,1.0
reacher,0.0,1e-08,trajectory,256,False,1.0,1.0,,1.0,1.0,1.0
reacher,0.0,1e-08,trajectory,257,False,1.0,1.0,,1.0,1.0,1.0
reacher,0.0,1e-08,trajectory,258,False,1.0,1.0,,1.0,1.0,1.0
reacher,0.0,1e-08,trajectory,259,False,1.0,1.0,,1.0,1.0,1.0
reacher,0.0,1e-08,trajectory,260,False,1.0,1.0,,1.0,1.0,1.0
reacher,0.0,1e-08,trajectory,261,False,1.0,1.0,,1.0,1.0,1.0
reacher,0.0,1e-08,trajectory,262,False,1.0,1.0,,1.0,1.0,1.0
reacher,0.0,1e-08,trajectory,263,False,1.0,1.0,,1.0,1.0,1.0
reacher,0.0,1e-08,trajectory,264,False,1.0,1.0,,1.0,1.0,1.0
reacher,0.0,1e-08,trajectory,265,False,1.0,1.0,,1.0,1.0,1.0
reacher,0.0,1e-08,trajectory,266,False,1.0,1.0,,1.0,1.0,1.0
reacher,0.0,1e-08,trajectory,267,False,1.0,1.0,,1.0,1.0,1.0
reacher,0.0,1e-08,trajectory,268,False,1.0,1.0,,1.0,1.0,1.0
reacher,0.0,1e-08,trajectory,269,False,1.0,1.0,,1.0,1.0,1.0
reacher,0.0,1e-08,trajectory,270,False,1.0,1.0,,1.0,1.0,1.0
reacher,0.0,1e-08,trajectory,271,False,1.0,1.0,,1.0,1.0,1.0
reacher,0.0,1e-08,trajectory,272,False,1.0,1.0,,1.0,1.0,1.0
reacher,0.0,1e-08,trajectory,273,False,1.0,1.0,,1.0,1.0,1.0
reacher,0.0,1e-08,trajectory,274,False,1.0,1.0,,1.0,1.0,1.0
reacher,0.0,1e-08,trajectory,275,False,1.0,1.0,,1.0,1.0,1.0
reacher,0.0,1e-08,trajectory,276,False,1.0,1.0,,1.0,1.0,1.0
reacher,0.0,1e-08,trajectory,277,False,1.0,1.0,,1.0,1.0,1.0
reacher,0.0,1e-08,trajectory,278,False,1.0,1.0,,1.0,1.0,1.0
reacher,0.0,1e-08,trajectory,279,False,1.0,1.0,,1.0,1.0,1.0
reacher,0.0,1e-08,trajectory,280,False,1.0,1.0,,1.0,1.0,1.0
reacher,0.0,1e-08,trajectory,281,False,1.0,1.0,,1.0,1.0,1.0
reacher,0.0,1e-08,trajectory,282,False,1.0,1.0,,1.0,1.0,1.0
reacher,0.0,1e-08,trajectory,283,False,1.0,1.0,,1.0,1.0,1.0
reacher,0.0,1e-08,trajectory,284,False,1.0,1.0,,1.0,1.0,1.0
reacher,0.0,1e-08,trajectory,285,False,1.0,1.0,,1.0,1.0,1.0
reacher,0.0,1e-08,trajectory,286,False,1.0,1.0,,1.0,1.0,1.0
reacher,0.0,1e-08,trajectory,287,False,1.0,1.0,,1.0,1.0,1.0
reacher,0.0,1e-08,trajectory,288,False,1.0,1.0,,1.0,1.0,1.0
reacher,0.0,1e-08,trajectory,289,False,1.0,1.0,,1.0,1.0,1.0
reacher,0.0,1e-08,trajectory,290,False,1.0,1.0,,1.0,1.0,1.0
reacher,0.0,1e-08,trajectory,291,False,1.0,1.0,,1.0,1.0,1.0
reacher,0.0,1e-08,trajectory,292,False,1.0,1.0,,1.0,1.0,1.0
reacher,0.0,1e-08,trajectory,293,False,1.0,1.0,,1.0,1.0,1.0
reacher,0.0,1e-08,trajectory,294,False,1.0,1.0,,1.0,1.0,1.0
reacher,0.0,1e-08,trajectory,295,False,1.0,1.0,,1.0,1.0,1.0
reacher,0.0,1e-08,trajectory,296,False,1.0,1.0,,1.0,1.0,1.0
reacher,0.0,1e-08,trajectory,297,False,1.0,1.0,,1.0,1.0,1.0
reacher,0.0,1e-08,trajectory,298,False,1.0,1.0,,1.0,1.0,1.0
reacher,0.0,1e-08,trajectory,299,False,1.0,1.0,,1.0,1.0,1.0
reacher,0.0,1e-08,trajectory,300,False,1.0,1.0,,1.0,1.0,1.0
reacher,0.0,1e-08,trajectory,301,False,1.0,1.0,,1.0,1.0,1.0
reacher,0.0,1e-08,trajectory,302,False,1.0,1.0,,1.0,1.0,1.0
reacher,0.0,1e-08,trajectory,303,False,1.0,1.0,,1.0,1.0,1.0
reacher,0.0,1e-08,trajectory,304,False,1.0,1.0,,1.0,1.0,1.0
reacher,0.0,1e-08,trajectory,305,False,1.0,1.0,,1.0,1.0,1.0
reacher,0.0,1e-08,trajectory,306,False,1.0,1.0,,1.0,1.0,1.0
reacher,0.0,1e-08,trajectory,307,False,1.0,1.0,,1.0,1.0,1.0
reacher,0.0,1e-08,trajectory,308,False,1.0,1.0,,1.0,1.0,1.0
reacher,0.0,1e-08,trajectory,309,False,1.0,1.0,,1.0,1.0,1.0
reacher,0.0,1e-08,trajectory,310,False,1.0,1.0,,1.0,1.0,1.0
reacher,0.0,1e-08,trajectory,311,False,1.0,1.0,,1.0,1.0,1.0
reacher,0.0,1e-08,trajectory,312,False,1.0,1.0,,1.0,1.0,1.0
reacher,0.0,1e-08,trajectory,313,False,1.0,1.0,,1.0,1.0,1.0
reacher,0.0,1e-08,trajectory,314,False,1.0,1.0,,1.0,1.0,1.0
reacher,0.0,1e-08,trajectory,315,False,1.0,1.0,,1.0,1.0,1.0
reacher,0.0,1e-08,trajectory,316,False,1.0,1.0,,1.0,1.0,1.0
reacher,0.0,1e-08,trajectory,317,False,1.0,1.0,,1.0,1.0,1.0
reacher,0.0,1e-08,trajectory,318,False,1.0,1.0,,1.0,1.0,1.0
reacher,0.0,1e-08,trajectory,319,False,1.0,1.0,,1.0,1.0,1.0
reacher,0.0,1e-08,trajectory,320,False,1.0,1.0,,1.0,1.0,1.0
reacher,0.0,1e-08,trajectory,321,False,1.0,1.0,,1.0,1.0,1.0
reacher,0.0,1e-08,trajectory,322,False,1.0,1.0,,1.0,1.0,1.0
reacher,0.0,1e-08,trajectory,323,False,1.0,1.0,,1.0,1.0,1.0
reacher,0.0,1e-08,trajectory,324,False,1.0,1.0,,1.0,1.0,1.0
reacher,0.0,1e-08,trajectory,325,False,1.0,1.0,,1.0,1.0,1.0
reacher,0.0,1e-08,trajectory,326,False,1.0,1.0,,1.0,1.0,1.0
reacher,0.0,1e-08,trajectory,327,False,1.0,1.0,,1.0,1.0,1.0
reacher,0.0,1e-08,trajectory,328,False,1.0,1.0,,1.0,1.0,1.0
reacher,0.0,1e-08,trajectory,329,False,1.0,1.0,,1.0,1.0,1.0
reacher,0.0,1e-08,trajectory,330,False,1.0,1.0,,1.0,1.0,1.0
reacher,0.0,1e-08,trajectory,331,False,1.0,1.0,,1.0,1.0,1.0
reacher,0.0,1e-08,trajectory,332,False,1.0,1.0,,1.0,1.0,1.0
reacher,0.0,1e-08,trajectory,333,False,1.0,1.0,,1.0,1.0,1.0
reacher,0.0,1e-08,trajectory,334,False,1.0,1.0,,1.0,1.0,1.0
reacher,0.0,1e-08,trajectory,335,False,1.0,1.0,,1.0,1.0,1.0
reacher,0.0,1e-08,trajectory,336,False,1.0,1.0,,1.0,1.0,1.0
reacher,0.0,1e-08,trajectory,337,False,1.0,1.0,,1.0,1.0,1.0
reacher,0.0,1e-08,trajectory,338,False,1.0,1.0,,1.0,1.0,1.0
reacher,0.0,1e-08,trajectory,339,False,1.0,1.0,,1.0,1.0,1.0
reacher,0.0,1e-08,trajectory,340,False,1.0,1.0,,1.0,1.0,1.0
reacher,0.0,1e-08,trajectory,341,False,1.0,1.0,,1.0,1.0,1.0
reacher,0.0,1e-08,trajectory,342,False,1.0,1.0,,1.0,1.0,1.0
reacher,0.0,1e-08,trajectory,343,False,1.0,1.0,,1.0,1.0,1.0
reacher,0.0,1e-08,trajectory,344,False,1.0,1.0,,1.0,1.0,1.0
reacher,0.0,1e-08,trajectory,345,False,1.0,1.0,,1.0,1.0,1.0
reacher,0.0,1e-08,trajectory,346,False,1.0,1.0,,1.0,1.0,1.0
reacher,0.0,1e-08,trajectory,347,False,1.0,1.0,,1.0,1.0,1.0
reacher,0.0,1e-08,trajectory,348,False,1.0,1.0,,1.0,1.0,1.0
reacher,0.0,1e-08,trajectory,349,False,1.0,1.0,,1.0,1.0,1.0
reacher,0.0,1e-08,trajectory,350,False,1.0,1.0,,1.0,1.0,1.0
reacher,0.0,1e-08,trajectory,351,False,1.0,1.0,,1.0,1.0,1.0
reacher,0.0,1e-08,trajectory,352,False,1.0,1.0,,1.0,1.0,1.0
reacher,0.0,1e-08,trajectory,353,False,1.0,1.0,,1.0,1.0,1.0
reacher,0.0,1e-08,trajectory,354,False,1.0,1.0,,1.0,1.0,1.0
reacher,0.0,1e-08,trajectory,355,False,1.0,1.0,,1.0,1.0,1.0
reacher,0.0,1e-08,trajectory,356,False,1.0,1.0,,1.0,1.0,1.0
reacher,0.0,1e-08,trajectory,357,False,1.0,1.0,,1.0,1.0,1.0
reacher,0.0,1e-08,trajectory,358,False,1.0,1.0,,1.0,1.0,1.0
reacher,0.0,1e-08,trajectory,359,False,1.0,1.0,,1.0,1.0,1.0
reacher,0.0,1e-08,trajectory,360,False,1.0,1.0,,1.0,1.0,1.0
reacher,0.0,1e-08,trajectory,361,False,1.0,1.0,,1.0,1.0,1.0
reacher,0.0,1e-08,trajectory,362,False,1.0,1.0,,1.0,1.0,1.0
reacher,0.0,1e-08,trajectory,363,False,1.0,1.0,,1.0,1.0,1.0
reacher,0.0,1e-08,trajectory,364,False,1.0,1.0,,1.0,1.0,1.0
reacher,0.0,1e-08,trajectory,365,False,1.0,1.0,,1.0,1.0,1.0
reacher,0.0,1e-08,trajectory,366,False,1.0,1.0,,1.0,1.0,1.0
reacher,0.0,1e-08,trajectory,367,False,1.0,1.0,,1.0,1.0,1.0
reacher,0.0,1e-08,trajectory,368,False,1.0,1.0,,1.0,1.0,1.0
reacher,0.0,1e-08,trajectory,369,False,1.0,1.0,,1.0,1.0,1.0
reacher,0.0,1e-08,trajectory,370,False,1.0,1.0,,1.0,1.0,1.0
reacher,0.0,1e-08,trajectory,371,False,1.0,1.0,,1.0,1.0,1.0
reacher,0.0,1e-08,trajectory,372,False,1.0,1.0,,1.0,1.0,1.0
reacher,0.0,1e-08,trajectory,373,False,1.0,1.0,,1.0,1.0,1.0
reacher,0.0,1e-08,trajectory,374,False,1.0,1.0,,1.0,1.0,1.0
reacher,0.0,1e-08,trajectory,375,False,1.0,1.0,,1.0,1.0,1.0
reacher,0.0,1e-08,trajectory,376,False,1.0,1.0,,1.0,1.0,1.0
reacher,0.0,1e-08,trajectory,377,False,1.0,1.0,,1.0,1.0,1.0
reacher,0.0,1e-08,trajectory,378,False,1.0,1.0,,1.0,1.0,1.0
reacher,0.0,1e-08,trajectory,379,False,1.0,1.0,,1.0,1.0,1.0
reacher,0.0,1e-08,trajectory,380,False,1.0,1.0,,1.0,1.0,1.0
reacher,0.0,1e-08,trajectory,381,False,1.0,1.0,,1.0,1.0,1.0
reacher,0.0,1e-08,trajectory,382,False,1.0,1.0,,1.0,1.0,1.0
reacher,0.0,1e-08,trajectory,383,False,1.0,1.0,,1.0,1.0,1.0
reacher,0.0,1e-08,trajectory,384,False,1.0,1.0,,1.0,1.0,1.0
reacher,0.0,1e-08,trajectory,385,False,1.0,1.0,,1.0,1.0,1.0
reacher,0.0,1e-08,trajectory,386,False,1.0,1.0,,1.0,1.0,1.0
reacher,0.0,1e-08,trajectory,387,False,1.0,1.0,,1.0,1.0,1.0
reacher,0.0,1e-08,trajectory,388,False,1.0,1.0,,1.0,1.0,1.0
reacher,0.0,1e-08,trajectory,389,False,1.0,1.0,,1.0,1.0,1.0
reacher,0.0,1e-08,trajectory,390,False,1.0,1.0,,1.0,1.0,1.0
reacher,0.0,1e-08,trajectory,391,False,1.0,1.0,,1.0,1.0,1.0
reacher,0.0,1e-08,trajectory,392,False,1.0,1.0,,1.0,1.0,1.0
reacher,0.0,1e-08,trajectory,393,False,1.0,1.0,,1.0,1.0,1.0
reacher,0.0,1e-08,trajectory,394,False,1.0,1.0,,1.0,1.0,1.0
reacher,0.0,1e-08,trajectory,395,False,1.0,1.0,,1.0,1.0,1.0
reacher,0.0,1e-08,trajectory,396,False,1.0,1.0,,1.0,1.0,1.0
reacher,0.0,1e-08,trajectory,397,False,1.0,1.0,,1.0,1.0,1.0
reacher,0.0,1e-08,trajectory,398,False,1.0,1.0,,1.0,1.0,1.0
reacher,0.0,1e-08,trajectory,399,False,1.0,1.0,,1.0,1.0,1.0
reacher,0.0,1e-08,trajectory,400,False,1.0,1.0,,1.0,1.0,1.0
reacher,0.0,1e-08,trajectory,401,False,1.0,1.0,,1.0,1.0,1.0
reacher,0.0,1e-08,trajectory,402,False,1.0,1.0,,1.0,1.0,1.0
reacher,0.0,1e-08,trajectory,403,False,1.0,1.0,,1.0,1.0,1.0
reacher,0.0,1e-08,trajectory,404,False,1.0,1.0,,1.0,1.0,1.0
reacher,0.0,1e-08,trajectory,405,False,1.0,1.0,,1.0,1.0,1.0
reacher,0.0,1e-08,trajectory,406,False,1.0,1.0,,1.0,1.0,1.0
reacher,0.0,1e-08,trajectory,407,False,1.0,1.0,,1.0,1.0,1.0
reacher,0.0,1e-08,trajectory,408,False,1.0,1.0,,1.0,1.0,1.0
reacher,0.0,1e-08,trajectory,409,False,1.0,1.0,,1.0,1.0,1.0
reacher,0.0,1e-08,trajectory,410,False,1.0,1.0,,1.0,1.0,1.0
reacher,0.0,1e-08,trajectory,411,False,1.0,1.0,,1.0,1.0,1.0
reacher,0.0,1e-08,trajectory,412,False,1.0,1.0,,1.0,1.0,1.0
reacher,0.0,1e-08,trajectory,413,False,1.0,1.0,,1.0,1.0,1.0
reacher,0.0,1e-08,trajectory,414,False,1.0,1.0,,1.0,1.0,1.0
reacher,0.0,1e-08,trajectory,415,False,1.0,1.0,,1.0,1.0,1.0
reacher,0.0,1e-08,trajectory,416,False,1.0,1.0,,1.0,1.0,1.0
reacher,0.0,1e-08,trajectory,417,False,1.0,1.0,,1.0,1.0,1.0
reacher,0.0,1e-08,trajectory,418,False,1.0,1.0,,1.0,1.0,1.0
reacher,0.0,1e-08,trajectory,419,False,1.0,1.0,,1.0,1.0,1.0
reacher,0.0,1e-08,trajectory,420,False,1.0,1.0,,1.0,1.0,1.0
reacher,0.0,1e-08,trajectory,421,False,1.0,1.0,,1.0,1.0,1.0
reacher,0.0,1e-08,trajectory,422,False,1.0,1.0,,1.0,1.0,1.0
reacher,0.0,1e-08,trajectory,423,False,1.0,1.0,,1.0,1.0,1.0
reacher,0.0,1e-08,trajectory,424,False,1.0,1.0,,1.0,1.0,1.0
reacher,0.0,1e-08,trajectory,425,False,1.0,1.0,,1.0,1.0,1.0
reacher,0.0,1e-08,trajectory,426,False,1.0,1.0,,1.0,1.0,1.0
reacher,0.0,1e-08,trajectory,427,False,1.0,1.0,,1.0,1.0,1.0
reacher,0.0,1e-08,trajectory,428,False,1.0,1.0,,1.0,1.0,1.0
reacher,0.0,1e-08,trajectory,429,False,1.0,1.0,,1.0,1.0,1.0
reacher,0.0,1e-08,trajectory,430,False,1.0,1.0,,1.0,1.0,1.0
reacher,0.0,1e-08,trajectory,431,False,1.0,1.0,,1.0,1.0,1.0
reacher,0.0,1e-08,trajectory,432,False,1.0,1.0,,1.0,1.0,1.0
reacher,0.0,1e-08,trajectory,433,False,1.0,1.0,,1.0,1.0,1.0
reacher,0.0,1e-08,trajectory,434,False,1.0,1.0,,1.0,1.0,1.0
reacher,0.0,1e-08,trajectory,435,False,1.0,1.0,,1.0,1.0,1.0
reacher,0.0,1e-08,trajectory,436,False,1.0,1.0,,1.0,1.0,1.0
reacher,0.0,1e-08,trajectory,437,False,1.0,1.0,,1.0,1.0,1.0
reacher,0.0,1e-08,trajectory,438,False,1.0,1.0,,1.0,1.0,1.0
reacher,0.0,1e-08,trajectory,439,False,1.0,1.0,,1.0,1.0,1.0
reacher,0.0,1e-08,trajectory,440,False,1.0,1.0,,1.0,1.0,1.0
reacher,0.0,1e-08,trajectory,441,False,1.0,1.0,,1.0,1.0,1.0
reacher,0.0,1e-08,trajectory,442,False,1.0,1.0,,1.0,1.0,1.0
reacher,0.0,1e-08,trajectory,443,False,1.0,1.0,,1.0,1.0,1.0
reacher,0.0,1e-08,trajectory,444,False,1.0,1.0,,1.0,1.0,1.0
reacher,0.0,1e-08,trajectory,445,False,1.0,1.0,,1.0,1.0,1.0
reacher,0.0,1e-08,trajectory,446,False,1.0,1.0,,1.0,1.0,1.0
reacher,0.0,1e-08,trajectory,447,False,1.0,1.0,,1.0,1.0,1.0
reacher,0.0,1e-08,trajectory,448,False,1.0,1.0,,1.0,1.0,1.0
reacher,0.0,1e-08,trajectory,449,False,1.0,1.0,,1.0,1.0,1.0
reacher,0.0,1e-08,trajectory,450,False,1.0,1.0,,1.0,1.0,1.0
reacher,0.0,1e-08,trajectory,451,False,1.0,1.0,,1.0,1.0,1.0
reacher,0.0,1e-08,trajectory,452,False,1.0,1.0,,1.0,1.0,1.0
reacher,0.0,1e-08,trajectory,453,False,1.0,1.0,,1.0,1.0,1.0
reacher,0.0,1e-08,trajectory,454,False,1.0,1.0,,1.0,1.0,1.0
reacher,0.0,1e-08,trajectory,455,False,1.0,1.0,,1.0,1.0,1.0
reacher,0.0,1e-08,trajectory,456,False,1.0,1.0,,1.0,1.0,1.0
reacher,0.0,1e-08,trajectory,457,False,1.0,1.0,,1.0,1.0,1.0
reacher,0.0,1e-08,trajectory,458,False,1.0,1.0,,1.0,1.0,1.0
reacher,0.0,1e-08,trajectory,459,False,1.0,1.0,,1.0,1.0,1.0
reacher,0.0,1e-08,trajectory,460,False,1.0,1.0,,1.0,1.0,1.0
reacher,0.0,1e-08,trajectory,461,False,1.0,1.0,,1.0,1.0,1.0
reacher,0.0,1e-08,trajectory,462,False,1.0,1.0,,1.0,1.0,1.0
reacher,0.0,1e-08,trajectory,463,False,1.0,1.0,,1.0,1.0,1.0
reacher,0.0,1e-08,trajectory,464,False,1.0,1.0,,1.0,1.0,1.0
reacher,0.0,1e-08,trajectory,465,False,1.0,1.0,,1.0,1.0,1.0
reacher,0.0,1e-08,trajectory,466,False,1.0,1.0,,1.0,1.0,1.0
reacher,0.0,1e-08,trajectory,467,False,1.0,1.0,,1.0,1.0,1.0
reacher,0.0,1e-08,trajectory,468,False,1.0,1.0,,1.0,1.0,1.0
reacher,0.0,1e-08,trajectory,469,False,1.0,1.0,,1.0,1.0,1.0
reacher,0.0,1e-08,trajectory,470,False,1.0,1.0,,1.0,1.0,1.0
reacher,0.0,1e-08,trajectory,471,False,1.0,1.0,,1.0,1.0,1.0
reacher,0.0,1e-08,trajectory,472,False,1.0,1.0,,1.0,1.0,1.0
reacher,0.0,1e-08,trajectory,473,False,1.0,1.0,,1.0,1.0,1.0
reacher,0.0,1e-08,trajectory,474,False,1.0,1.0,,1.0,1.0,1.0
reacher,0.0,1e-08,trajectory,475,False,1.0,1.0,,1.0,1.0,1.0
reacher,0.0,1e-08,trajectory,476,False,1.0,1.0,,1.0,1.0,1.0
reacher,0.0,1e-08,trajectory,477,False,1.0,1.0,,1.0,1.0,1.0
reacher,0.0,1e-08,trajectory,478,False,1.0,1.0,,1.0,1.0,1.0
reacher,0.0,1e-08,trajectory,479,False,1.0,1.0,,1.0,1.0,1.0
reacher,0.0,1e-08,trajectory,480,False,1.0,1.0,,1.0,1.0,1.0
reacher,0.0,1e-08,trajectory,481,False,1.0,1.0,,1.0,1.0,1.0
reacher,0.0,1e-08,trajectory,482,False,1.0,1.0,,1.0,1.0,1.0
reacher,0.0,1e-08,trajectory,483,False,1.0,1.0,,1.0,1.0,1.0
reacher,0.0,1e-08,trajectory,484,False,1.0,1.0,,1.0,1.0,1.0
reacher,0.0,1e-08,trajectory,485,False,1.0,1.0,,1.0,1.0,1.0
reacher,0.0,1e-08,trajectory,486,False,1.0,1.0,,1.0,1.0,1.0
reacher,0.0,1e-08,trajectory,487,False,1.0,1.0,,1.0,1.0,1.0
reacher,0.0,1e-08,trajectory,488,False,1.0,1.0,,1.0,1.0,1.0
reacher,0.0,1e-08,trajectory,489,False,1.0,1.0,,1.0,1.0,1.0
reacher,0.0,1e-08,trajectory,490,False,1.0,1.0,,1.0,1.0,1.0
reacher,0.0,1e-08,trajectory,491,False,1.0,1.0,,1.0,1.0,1.0
reacher,0.0,1e-08,trajectory,492,False,1.0,1.0,,1.0,1.0,1.0
reacher,0.0,1e-08,trajectory,493,False,1.0,1.0,,1.0,1.0,1.0
reacher,0.0,1e-08,trajectory,494,False,1.0,1.0,,1.0,1.0,1.0
reacher,0.0,1e-08,trajectory,495,False,1.0,1.0,,1.0,1.0,1.0
reacher,0.0,1e-08,trajectory,496,False,1.0,1.0,,1.0,1.0,1.0
reacher,0.0,1e-08,trajectory,497,False,1.0,1.0,,1.0,1.0,1.0
reacher,0.0,1e-08,trajectory,498,False,1.0,1.0,,1.0,1.0,1.0
reacher,0.0,1e-08,trajectory,499,False,1.0,1.0,,1.0,1.0,1.0
reacher,0.0,0.0,block,0,False,1.0,1.0,,1.0,1.0,1.0
reacher,0.0,0.0,block,1,False,1.0,1.0,,1.0,0.1880592863803951,1.0
reacher,0.0,0.0,block,2,False,1.0,1.0,,1.0,1.0,1.0
reacher,0.0,0.0,block,3,False,1.0,1.0,,1.0,1.0,1.0
reacher,0.0,0.0,block,4,False,0.058830808600435366,1.0,,1.0,1.0,0.6993696918975603
reacher,0.0,0.0,block,5,False,1.0,1.0,,1.0,0.9118992083644375,1.0
reacher,0.0,0.0,block,6,False,1.0,1.0,,1.0,0.21114335719518934,1.0
reacher,0.0,0.0,block,7,False,0.04494733092689013,0.14281708307233737,,1.0,1.0,1.0
reacher,0.0,0.0,block,8,False,0.7362758900709809,1.0,,1.0,0.4429980555633106,1.0
reacher,0.0,0.0,block,9,False,1.0,1.0,,1.0,1.0,1.0
reacher,0.0,0.0,block,10,False,1.0,0.824526490287266,,1.0,1.0,1.0
reacher,0.0,0.0,block,11,False,1.0,1.0,,1.0,1.0,1.0
reacher,0.0,0.0,block,12,False,1.0,1.0,,1.0,1.0,1.0
reacher,0.0,0.0,block,13,False,1.0,1.0,,1.0,0.5355805812164784,1.0
reacher,0.0,0.0,block,14,False,1.0,1.0,,1.0,1.0,0.825801076347237
reacher,0.0,0.0,block,15,False,1.0,0.48069687630692276,,1.0,1.0,1.0
reacher,0.0,0.0,block,16,False,1.0,1.0,,1.0,0.22351709723647442,0.6273990582878839
reacher,0.0,0.0,block,17,False,1.0,1.0,,1.0,1.0,1.0
reacher,0.0,0.0,block,18,False,1.0,1.0,,1.0,1.0,1.0
reacher,0.0,0.0,block,19,False,1.0,1.0,,1.0,1.0,1.0
reacher,0.0,0.0,block,20,False,1.0,1.0,,1.0,1.0,1.0
reacher,0.0,0.0,block,21,False,1.0,1.0,,1.0,1.0,1.0
reacher,0.0,0.0,block,22,False,0.4056128645719434,0.5989260132868199,,1.0,0.027362834899949805,1.0
reacher,0.0,0.0,block,23,False,1.0,1.0,,1.0,0.9478546057840134,1.0
reacher,0.0,0.0,block,24,False,0.15919282272614038,1.0,,1.0,0.19362776263740195,0.6699350862952114
reacher,0.0,0.0,block,25,False,1.0,1.0,,1.0,1.0,1.0
reacher,0.0,0.0,block,26,False,0.7433063225979908,1.0,,1.0,0.1153986194655702,1.0
reacher,0.0,0.0,block,27,False,1.0,1.0,,1.0,1.0,1.0
reacher,0.0,0.0,block,28,False,1.0,1.0,,1.0,1.0,1.0
reacher,0.0,0.0,block,29,False,1.0,1.0,,1.0,1.0,1.0
reacher,0.0,0.0,block,30,False,1.0,1.0,,1.0,1.0,1.0
reacher,0.0,0.0,block,31,False,1.0,0.4259139961597033,,1.0,0.17731451657929317,0.7144118458634691
reacher,0.0,0.0,block,32,False,1.0,0.28202218028172676,,1.0,0.10148798000214262,1.0
reacher,0.0,0.0,block,33,False,1.0,1.0,,1.0,0.42183487331696773,0.3722561572259152
reacher,0.0,0.0,block,34,False,1.0,1.0,,1.0,1.0,0.38179836747454005
reacher,0.0,0.0,block,35,False,1.0,1.0,,1.0,1.0,1.0
reacher,0.0,0.0,block,36,False,1.0,1.0,,1.0,1.0,0.9297691410270479
reacher,0.0,0.0,block,37,False,1.0,1.0,,1.0,1.0,1.0
reacher,0.0,0.0,block,38,False,1.0,1.0,,1.0,1.0,1.0
reacher,0.0,0.0,block,39,False,1.0,0.43660929758443656,,1.0,1.0,1.0
reacher,0.0,0.0,block,40,False,0.7210476713889058,1.0,,1.0,1.0,1.0
reacher,0.0,0.0,block,41,False,1.0,1.0,,1.0,1.0,1.0
reacher,0.0,0.0,block,42,False,0.11125310868985691,1.0,,1.0,1.0,1.0
reacher,0.0,0.0,block,43,False,0.6262181651125548,1.0,,1.0,1.0,1.0
reacher,0.0,0.0,block,44,False,1.0,1.0,,1.0,1.0,0.7928855927742826
reacher,0.0,0.0,block,45,False,1.0,1.0,,1.0,1.0,0.19362776263740195
reacher,0.0,0.0,block,46,False,1.0,1.0,,1.0,1.0,1.0
reacher,0.0,0.0,block,47,False,1.0,1.0,,1.0,1.0,1.0
reacher,0.0,0.0,block,48,False,0.19016231504624753,1.0,,1.0,0.1670783783316318,1.0
reacher,0.0,0.0,block,49,False,1.0,1.0,,1.0,1.0,0.2570152853541666
reacher,0.0,0.0,block,50,False,1.0,1.0,,1.0,1.0,1.0
reacher,0.0,0.0,block,51,False,1.0,1.0,,1.0,1.0,1.0
reacher,0.0,0.0,block,52,False,1.0,0.16895327331897272,,1.0,1.0,1.0
reacher,0.0,0.0,block,53,False,1.0,0.025658938856430225,,1.0,1.0,1.0
reacher,0.0,0.0,block,54,False,1.0,1.0,,1.0,1.0,1.0
reacher,0.0,0.0,block,55,False,1.0,1.0,,1.0,1.0,1.0
reacher,0.0,0.0,block,56,False,1.0,1.0,,1.0,0.17213393662655022,1.0
reacher,0.0,0.0,block,57,False,1.0,1.0,,1.0,1.0,0.41154206780600083
reacher,0.0,0.0,block,58,False,0.4410621555621372,1.0,,1.0,1.0,1.0
reacher,0.0,0.0,block,59,False,0.7362758900709809,1.0,,1.0,1.0,1.0
reacher,0.0,0.0,block,60,False,1.0,1.0,,1.0,1.0,1.0
reacher,0.0,0.0,block,61,False,1.0,1.0,,1.0,0.4993495343962692,1.0
reacher,0.0,0.0,block,62,False,1.0,0.9016969547833651,,1.0,1.0,1.0
reacher,0.0,0.0,block,63,False,1.0,1.0,,1.0,0.36289710130330133,1.0
reacher,0.0,0.0,block,64,False,1.0,1.0,,1.0,1.0,1.0
reacher,0.0,0.0,block,65,False,1.0,1.0,,1.0,1.0,1.0
reacher,0.0,0.0,block,66,False,1.0,1.0,,1.0,1.0,1.0
reacher,0.0,0.0,block,67,False,0.5222943729140748,0.13809687767484807,,1.0,0.6699350862952114,0.3722561572259152
reacher,0.0,0.0,block,68,False,1.0,1.0,,1.0,1.0,1.0
reacher,0.0,0.0,block,69,False,1.0,1.0,,1.0,1.0,1.0
reacher,0.0,0.0,block,70,False,1.0,1.0,,1.0,1.0,1.0
reacher,0.0,0.0,block,71,False,1.0,1.0,,1.0,1.0,1.0
reacher,0.0,0.0,block,72,False,1.0,1.0,,1.0,1.0,1.0
reacher,0.0,0.0,block,73,False,0.21659998207445674,1.0,,1.0,1.0,1.0
reacher,0.0,0.0,block,74,False,1.0,1.0,,1.0,1.0,1.0
reacher,0.0,0.0,block,75,False,1.0,1.0,,1.0,1.0,1.0
reacher,0.0,0.0,block,76,False,1.0,1.0,,1.0,1.0,1.0
reacher,0.0,0.0,block,77,True,1.0,1.0,,1.0,0.0013630704367664295,1.0
reacher,0.0,0.0,block,78,False,1.0,1.0,,1.0,1.0,1.0
reacher,0.0,0.0,block,79,False,1.0,1.0,,1.0,0.9118992083644375,0.6273990582878839
reacher,0.0,0.0,block,80,False,1.0,1.0,,1.0,1.0,0.08330045586462996
reacher,0.0,0.0,block,81,False,1.0,1.0,,1.0,1.0,1.0
reacher,0.0,0.0,block,82,False,1.0,1.0,,1.0,1.0,1.0
reacher,0.0,0.0,block,83,False,1.0,0.6265305476865002,,1.0,1.0,0.6993696918975603
reacher,0.0,0.0,block,84,False,1.0,0.20366174185506988,,1.0,1.0,1.0
reacher,0.0,0.0,block,85,False,1.0,1.0,,1.0,1.0,0.06797716095810785
reacher,0.0,0.0,block,86,False,1.0,1.0,,1.0,0.7767550062574893,1.0
reacher,0.0,0.0,block,87,False,1.0,1.0,,1.0,1.0,1.0
reacher,0.0,0.0,block,88,False,1.0,1.0,,1.0,1.0,1.0
reacher,0.0,0.0,block,89,False,1.0,0.937046912077327,,1.0,1.0,1.0
reacher,0.0,0.0,block,90,False,1.0,1.0,,1.0,1.0,1.0
reacher,0.0,0.0,block,91,False,1.0,1.0,,1.0,1.0,1.0
reacher,0.0,0.0,block,92,False,1.0,1.0,,1.0,1.0,1.0
reacher,0.0,0.0,block,93,False,1.0,1.0,,1.0,1.0,1.0
reacher,0.0,0.0,block,94,False,1.0,1.0,,1.0,1.0,0.21114335719518934
reacher,0.0,0.0,block,95,False,1.0,1.0,,1.0,0.54806899887057,1.0
reacher,0.0,0.0,block,96,False,0.09147343115213741,1.0,,1.0,1.0,1.0
reacher,0.0,0.0,block,97,False,1.0,1.0,,1.0,1.0,1.0
reacher,0.0,0.0,block,98,False,1.0,1.0,,1.0,1.0,1.0
reacher,0.0,0.0,block,99,False,1.0,1.0,,1.0,1.0,0.4323196508529323
reacher,0.0,0.0,block,100,False,1.0,1.0,,1.0,1.0,0.014482213781412633
reacher,0.0,0.0,block,101,False,1.0,0.9370743265696091,,1.0,1.0,1.0
reacher,0.0,0.0,block,102,False,1.0,1.0,,1.0,0.013335186360797474,0.3915255624996303
reacher,0.0,0.0,block,103,False,0.37557746308516876,1.0,,1.0,1.0,1.0
reacher,0.0,0.0,block,104,False,1.0,1.0,,1.0,1.0,1.0
reacher,0.0,0.0,block,105,False,1.0,1.0,,1.0,1.0,0.5867850232833438
reacher,0.0,0.0,block,106,False,0.4001817525909934,1.0,,1.0,0.38179836747454005,1.0
reacher,0.0,0.0,block,107,False,1.0,1.0,,1.0,1.0,1.0
reacher,0.0,0.0,block,108,False,0.4308924650633886,1.0,,1.0,0.5355805812164784,1.0
reacher,0.0,0.0,block,109,False,1.0,1.0,,1.0,1.0,1.0
reacher,0.0,0.0,block,110,True,1.0,0.008849622876405807,,1.0,1.0,1.0
reacher,0.0,0.0,block,111,False,1.0,0.5336899469863599,,1.0,0.8425858183875765,1.0
reacher,0.0,0.0,block,112,False,1.0,0.45205788351811105,,1.0,1.0,1.0
reacher,0.0,0.0,block,113,False,1.0,1.0,,1.0,1.0,0.7608424948783319
reacher,0.0,0.0,block,114,False,1.0,1.0,,1.0,1.0,1.0
reacher,0.0,0.0,block,115,False,1.0,1.0,,1.0,1.0,1.0
reacher,0.0,0.0,block,116,False,1.0,1.0,,1.0,1.0,1.0
reacher,0.0,0.0,block,117,False,1.0,0.807972917470593,,1.0,1.0,1.0
reacher,0.0,0.0,block,118,False,1.0,1.0,,1.0,0.27895770448930335,1.0
reacher,0.0,0.0,block,119,False,1.0,0.2324350864478961,,1.0,1.0,1.0
reacher,0.0,0.0,block,120,False,1.0,1.0,,1.0,1.0,1.0
reacher,0.0,0.0,block,121,False,1.0,1.0,,1.0,1.0,1.0
reacher,0.0,0.0,block,122,False,0.5726431247844915,1.0,,1.0,1.0,0.4323196508529323
reacher,0.0,0.0,block,123,False,1.0,1.0,,1.0,1.0,1.0
reacher,0.0,0.0,block,124,False,0.20143244378448522,1.0,,1.0,1.0,1.0
reacher,0.0,0.0,block,125,False,1.0,1.0,,1.0,0.4762109762235614,1.0
reacher,0.0,0.0,block,126,False,0.5786497651284422,1.0,,1.0,1.0,1.0
reacher,0.0,0.0,block,127,False,1.0,1.0,,1.0,1.0,1.0
reacher,0.0,0.0,block,128,False,1.0,1.0,,1.0,0.8425858183875765,1.0
reacher,0.0,0.0,block,129,False,1.0,1.0,,1.0,1.0,1.0
reacher,0.0,0.0,block,130,False,0.2890595949156258,1.0,,1.0,1.0,1.0
reacher,0.0,0.0,block,131,False,1.0,1.0,,1.0,1.0,1.0
reacher,0.0,0.0,block,132,False,1.0,1.0,,1.0,0.5112221136093356,1.0
reacher,0.0,0.0,block,133,False,1.0,1.0,,1.0,1.0,1.0
reacher,0.0,0.0,block,134,False,1.0,1.0,,1.0,1.0,1.0
reacher,0.0,0.0,block,135,False,1.0,1.0,,1.0,0.1153986194655702,0.19362776263740195
reacher,0.0,0.0,block,136,False,1.0,0.2633930693003317,,1.0,1.0,1.0
reacher,0.0,0.0,block,137,False,1.0,1.0,,1.0,1.0,1.0
reacher,0.0,0.0,block,138,False,0.7833094555580977,1.0,,1.0,1.0,1.0
reacher,0.0,0.0,block,139,False,1.0,1.0,,1.0,0.18262225292310297,1.0
reacher,0.0,0.0,block,140,False,1.0,1.0,,1.0,0.1880592863803951,1.0
reacher,0.0,0.0,block,141,False,0.1406849541038806,0.9191875815085093,,1.0,1.0,1.0
reacher,0.0,0.0,block,142,False,1.0,1.0,,1.0,0.22351709723647442,1.0
reacher,0.0,0.0,block,143,False,1.0,1.0,,1.0,0.5607651358643823,0.9478546057840134
reacher,0.0,0.0,block,144,False,1.0,0.4805948512785538,,1.0,1.0,1.0
reacher,0.0,0.0,block,145,False,0.09292176730730477,1.0,,1.0,0.01081795287852649,1.0
reacher,0.0,0.0,block,146,False,1.0,1.0,,1.0,1.0,1.0
reacher,0.0,0.0,block,147,False,1.0,0.35265951422919994,,1.0,0.8942454222225573,0.7608424948783319
reacher,0.0,0.0,block,148,False,1.0,1.0,,1.0,1.0,0.027362834899949805
reacher,0.0,0.0,block,149,False,1.0,1.0,,1.0,1.0,1.0
reacher,0.0,0.0,block,150,False,0.2935904645869144,1.0,,1.0,1.0,1.0
reacher,0.0,0.0,block,151,False,1.0,1.0,,1.0,0.26417155666885983,1.0
reacher,0.0,0.0,block,152,False,1.0,1.0,,1.0,1.0,1.0
reacher,0.0,0.0,block,153,False,1.0,1.0,,1.0,1.0,1.0
reacher,0.0,0.0,block,154,False,1.0,0.08855659761146611,,1.0,1.0,1.0
reacher,0.0,0.0,block,155,False,1.0,1.0,,1.0,0.08330045586462996,1.0
reacher,0.0,0.0,block,156,False,1.0,1.0,,1.0,1.0,0.8425858183875765
reacher,0.0,0.0,block,157,False,0.431544809761987,1.0,,1.0,1.0,1.0
reacher,0.0,0.0,block,158,False,1.0,1.0,,1.0,1.0,1.0
reacher,0.0,0.0,block,159,False,1.0,1.0,,1.0,1.0,1.0
reacher,0.0,0.0,block,160,False,1.0,1.0,,1.0,1.0,1.0
reacher,0.0,0.0,block,161,False,1.0,1.0,,1.0,1.0,1.0
reacher,0.0,0.0,block,162,False,0.4058295070280135,1.0,,1.0,1.0,0.6001108564960861
reacher,0.0,0.0,block,163,False,0.21633812145693376,1.0,,1.0,1.0,1.0
reacher,0.0,0.0,block,164,False,1.0,1.0,,1.0,1.0,0.7767550062574893
reacher,0.0,0.0,block,165,False,0.06314813120390511,1.0,,1.0,0.9118992083644375,1.0
reacher,0.0,0.0,block,166,False,1.0,0.34770133695819555,,1.0,1.0,1.0
reacher,0.0,0.0,block,167,False,1.0,1.0,,1.0,1.0,1.0
reacher,0.0,0.0,block,168,False,1.0,1.0,,1.0,1.0,1.0
reacher,0.0,0.0,block,169,False,1.0,0.33953733828358806,,1.0,1.0,1.0
reacher,0.0,0.0,block,170,False,0.5728299560353287,0.4923343719292439,,1.0,1.0,0.5232986988893051
reacher,0.0,0.0,block,171,False,1.0,1.0,,1.0,1.0,1.0
reacher,0.0,0.0,block,172,False,1.0,1.0,,1.0,1.0,0.3915255624996303
reacher,0.0,0.0,block,173,False,0.38587128203405796,1.0,,1.0,1.0,1.0
reacher,0.0,0.0,block,174,False,1.0,1.0,,1.0,0.4429980555633106,0.1880592863803951
reacher,0.0,0.0,block,175,False,1.0,1.0,,1.0,1.0,0.1268562944343818
reacher,0.0,0.0,block,176,False,1.0,1.0,,1.0,1.0,1.0
reacher,0.0,0.0,block,177,False,1.0,1.0,,1.0,0.04135335508690544,1.0
reacher,0.0,0.0,block,178,False,1.0,1.0,,1.0,0.2431657732396064,1.0
reacher,0.0,0.0,block,179,False,1.0,0.7994796453894953,,1.0,0.7767550062574893,1.0
reacher,0.0,0.0,block,180,False,1.0,1.0,,1.0,1.0,1.0
reacher,0.0,0.0,block,181,False,1.0,1.0,,1.0,1.0,1.0
reacher,0.0,0.0,block,182,False,1.0,0.6685367991401542,,1.0,0.8595883235072879,0.54806899887057
reacher,0.0,0.0,block,183,False,1.0,1.0,,1.0,1.0,1.0
reacher,0.0,0.0,block,184,False,1.0,1.0,,1.0,1.0,1.0
reacher,0.0,0.0,block,185,False,1.0,1.0,,1.0,1.0,1.0
reacher,0.0,0.0,block,186,False,1.0,1.0,,1.0,1.0,1.0
reacher,0.0,0.0,block,187,False,1.0,1.0,,1.0,0.41154206780600083,1.0
reacher,0.0,0.0,block,188,False,1.0,0.8578319053070127,,1.0,1.0,0.8425858183875765
reacher,0.0,0.0,block,189,False,1.0,1.0,,1.0,1.0,1.0
reacher,0.0,0.0,block,190,False,1.0,1.0,,1.0,0.5112221136093356,1.0
reacher,0.0,0.0,block,191,False,1.0,1.0,,1.0,1.0,1.0
reacher,0.0,0.0,block,192,False,1.0,1.0,,1.0,1.0,0.07278997654875281
reacher,0.0,0.0,block,193,False,1.0,1.0,,1.0,1.0,1.0
reacher,0.0,0.0,block,194,False,1.0,1.0,,1.0,0.4876796191470445,1.0
reacher,0.0,0.0,block,195,False,1.0,1.0,,1.0,0.4429980555633106,1.0
reacher,0.0,0.0,block,196,False,1.0,1.0,,1.0,1.0,1.0
reacher,0.0,0.0,block,197,False,1.0,1.0,,1.0,1.0,1.0
reacher,0.0,0.0,block,198,False,1.0,1.0,,1.0,1.0,1.0
reacher,0.0,0.0,block,199,False,1.0,1.0,,1.0,1.0,0.31878304034294147
reacher,0.0,0.0,block,200,False,1.0,1.0,,1.0,1.0,1.0
reacher,0.0,0.0,block,201,False,1.0,1.0,,1.0,1.0,1.0
reacher,0.0,0.0,block,202,False,1.0,1.0,,1.0,1.0,1.0
reacher,0.0,0.0,block,203,False,1.0,1.0,,1.0,0.54806899887057,1.0
reacher,0.0,0.0,block,204,False,1.0,0.014968733662826918,,1.0,0.3722561572259152,1.0
reacher,0.0,0.0,block,205,False,1.0,1.0,,1.0,1.0,1.0
reacher,0.0,0.0,block,206,False,1.0,1.0,,1.0,1.0,1.0
reacher,0.0,0.0,block,207,False,1.0,1.0,,1.0,1.0,1.0
reacher,0.0,0.0,block,208,False,0.7438330480616806,1.0,,1.0,1.0,1.0
reacher,0.0,0.0,block,209,False,0.8328505445586176,1.0,,1.0,0.35371933898958596,1.0
reacher,0.0,0.0,block,210,False,0.5158171862024907,1.0,,1.0,1.0,1.0
reacher,0.0,0.0,block,211,False,1.0,1.0,,1.0,1.0,1.0
reacher,0.0,0.0,block,212,False,1.0,0.7826844401842337,,1.0,1.0,1.0
reacher,0.0,0.0,block,213,False,1.0,1.0,,1.0,1.0,1.0
reacher,0.0,0.0,block,214,False,1.0,1.0,,1.0,1.0,1.0
reacher,0.0,0.0,block,215,False,1.0,0.43628790237240367,,1.0,1.0,1.0
reacher,0.0,0.0,block,216,False,1.0,0.5336636561896999,,1.0,1.0,1.0
reacher,0.0,0.0,block,217,False,0.15415881635255205,0.5527758701274182,,1.0,1.0,1.0
reacher,0.0,0.0,block,218,False,1.0,1.0,,1.0,0.825801076347237,1.0
reacher,0.0,0.0,block,219,False,1.0,1.0,,1.0,1.0,1.0
reacher,0.0,0.0,block,220,False,1.0,1.0,,1.0,0.15264059662275142,0.4762109762235614
reacher,0.0,0.0,block,221,False,1.0,1.0,,1.0,1.0,0.3104828859931134
reacher,0.0,0.0,block,222,False,1.0,1.0,,1.0,0.42183487331696773,1.0
reacher,0.0,0.0,block,223,False,1.0,1.0,,1.0,1.0,1.0
reacher,0.0,0.0,block,224,False,1.0,1.0,,1.0,1.0,0.22351709723647442
reacher,0.0,0.0,block,225,False,1.0,1.0,,1.0,1.0,1.0
reacher,0.0,0.0,block,226,False,1.0,1.0,,1.0,1.0,1.0
reacher,0.0,0.0,block,227,False,1.0,1.0,,1.0,1.0,1.0
reacher,0.0,0.0,block,228,False,1.0,0.5990742244460225,,1.0,1.0,1.0
reacher,0.0,0.0,block,229,False,0.4154988812582078,1.0,,1.0,1.0,1.0
reacher,0.0,0.0,block,230,False,1.0,1.0,,1.0,0.8942454222225573,1.0
reacher,0.0,0.0,block,231,False,1.0,1.0,,1.0,0.6699350862952114,1.0
reacher,0.0,0.0,block,232,False,1.0,1.0,,1.0,1.0,1.0
reacher,0.0,0.0,block,233,False,1.0,1.0,,1.0,1.0,1.0
reacher,0.0,0.0,block,234,False,0.8329475894835658,0.010710402417357715,,1.0,1.0,1.0
reacher,0.0,0.0,block,235,False,1.0,1.0,,1.0,0.4762109762235614,1.0
reacher,0.0,0.0,block,236,False,1.0,1.0,,1.0,1.0,1.0
reacher,0.0,0.0,block,237,False,1.0,0.24216032447721733,,1.0,1.0,1.0
reacher,0.0,0.0,block,238,False,1.0,0.8586070516890221,,1.0,1.0,1.0
reacher,0.0,0.0,block,239,False,1.0,0.6535314076193812,,1.0,1.0,1.0
reacher,0.0,0.0,block,240,False,1.0,1.0,,1.0,1.0,1.0
reacher,0.0,0.0,block,241,False,1.0,1.0,,1.0,0.6136485715976512,1.0
reacher,0.0,0.0,block,242,False,1.0,1.0,,1.0,1.0,1.0
reacher,0.0,0.0,block,243,False,1.0,1.0,,1.0,1.0,1.0
reacher,0.0,0.0,block,244,False,1.0,0.9926676419104152,,1.0,1.0,0.6136485715976512
reacher,0.0,0.0,block,245,False,1.0,1.0,,1.0,1.0,0.22991943133515585
reacher,0.0,0.0,block,246,False,1.0,0.4203710942735456,,1.0,1.0,1.0
reacher,0.0,0.0,block,247,False,1.0,1.0,,1.0,1.0,1.0
reacher,0.0,0.0,block,248,False,1.0,1.0,,1.0,0.6136485715976512,1.0
reacher,0.0,0.0,block,249,False,1.0,1.0,,1.0,1.0,1.0
reacher,0.0,0.0,block,250,False,1.0,1.0,,1.0,1.0,0.4323196508529323
reacher,0.0,0.0,block,251,False,1.0,1.0,,1.0,1.0,0.1880592863803951
reacher,0.0,0.0,block,252,False,1.0,1.0,,1.0,1.0,1.0
reacher,0.0,0.0,block,253,False,1.0,1.0,,1.0,1.0,0.6001108564960861
reacher,0.0,0.0,block,254,False,1.0,0.8165621855974281,,1.0,1.0,0.6993696918975603
reacher,0.0,0.0,block,255,False,1.0,1.0,,1.0,1.0,1.0
reacher,0.0,0.0,block,256,False,1.0,1.0,,1.0,1.0,0.3447209808811339
reacher,0.0,0.0,block,257,False,1.0,1.0,,1.0,1.0,1.0
reacher,0.0,0.0,block,258,False,1.0,1.0,,1.0,1.0,1.0
reacher,0.0,0.0,block,259,False,1.0,1.0,,1.0,0.5232986988893051,1.0
reacher,0.0,0.0,block,260,False,1.0,0.6400689422309846,,1.0,1.0,1.0
reacher,0.0,0.0,block,261,False,1.0,1.0,,1.0,0.4762109762235614,0.4649421660487127
reacher,0.0,0.0,block,262,False,0.735998976334413,1.0,,1.0,1.0,1.0
reacher,0.0,0.0,block,263,False,1.0,1.0,,1.0,1.0,1.0
reacher,0.0,0.0,block,264,True,1.0,1.0,,1.0,1.0,0.004292832823726922
reacher,0.0,0.0,block,265,False,0.15200429544373503,1.0,,1.0,0.18262225292310297,1.0
reacher,0.0,0.0,block,266,False,1.0,1.0,,1.0,0.7608424948783319,1.0
reacher,0.0,0.0,block,267,False,1.0,0.1078176414814811,,1.0,1.0,1.0
reacher,0.0,0.0,block,268,False,1.0,1.0,,1.0,1.0,1.0
reacher,0.0,0.0,block,269,False,1.0,0.37579979041735645,,1.0,1.0,1.0
reacher,0.0,0.0,block,270,False,1.0,1.0,,1.0,0.09201208133970196,1.0
reacher,0.0,0.0,block,271,False,1.0,1.0,,1.0,1.0,1.0
reacher,0.0,0.0,block,272,False,1.0,1.0,,1.0,1.0,1.0
reacher,0.0,0.0,block,273,False,0.9279185119499284,0.5922661868136667,,1.0,1.0,1.0
reacher,0.0,0.0,block,274,False,1.0,1.0,,1.0,1.0,1.0
reacher,0.0,0.0,block,275,False,1.0,1.0,,1.0,1.0,1.0
reacher,0.0,0.0,block,276,False,1.0,1.0,,1.0,1.0,0.7451479401611318
reacher,0.0,0.0,block,277,False,0.48054383419992935,0.5099646990967066,,1.0,1.0,1.0
reacher,0.0,0.0,block,278,False,1.0,0.3017883791622744,,1.0,1.0,0.4993495343962692
reacher,0.0,0.0,block,279,False,1.0,0.9838564963640589,,1.0,1.0,1.0
reacher,0.0,0.0,block,280,False,1.0,1.0,,1.0,1.0,1.0
reacher,0.0,0.0,block,281,False,1.0,1.0,,1.0,1.0,1.0
reacher,0.0,0.0,block,282,False,1.0,1.0,,1.0,1.0,1.0
reacher,0.0,0.0,block,283,False,1.0,1.0,,1.0,1.0,0.4649421660487127
reacher,0.0,0.0,block,284,False,1.0,0.5468810927859968,,1.0,0.42183487331696773,1.0
reacher,0.0,0.0,block,285,False,0.6058278187299332,0.031101224644047867,,1.0,1.0,1.0
reacher,0.0,0.0,block,286,False,1.0,1.0,,1.0,0.02632865050366863,0.825801076347237
reacher,0.0,0.0,block,287,False,0.5101592714808336,0.8845348529141064,,1.0,1.0,1.0
reacher,0.0,0.0,block,288,False,0.204475969251315,1.0,,1.0,0.4876796191470445,1.0
reacher,0.0,0.0,block,289,False,1.0,0.39052889406184815,,1.0,1.0,1.0
reacher,0.0,0.0,block,290,False,0.8582057672800356,1.0,,1.0,0.8425858183875765,0.6413631429346967
reacher,0.0,0.0,block,291,False,1.0,1.0,,1.0,1.0,1.0
reacher,0.0,0.0,block,292,False,1.0,1.0,,1.0,1.0,1.0
reacher,0.0,0.0,block,293,False,1.0,1.0,,1.0,1.0,1.0
reacher,0.0,0.0,block,294,False,1.0,1.0,,1.0,0.40143954089596146,1.0
reacher,0.0,0.0,block,295,False,1.0,1.0,,1.0,1.0,1.0
reacher,0.0,0.0,block,296,False,0.775826591879132,0.6467056127397552,,1.0,1.0,1.0
reacher,0.0,0.0,block,297,False,1.0,0.7585132000260784,,1.0,1.0,1.0
reacher,0.0,0.0,block,298,False,1.0,1.0,,1.0,0.3359001104577981,1.0
reacher,0.0,0.0,block,299,False,1.0,0.10576415242942434,,1.0,1.0,1.0
reacher,0.0,0.0,block,300,False,1.0,1.0,,1.0,1.0,1.0
reacher,0.0,0.0,block,301,False,1.0,0.5790914704614902,,1.0,1.0,0.6845442682509267
reacher,0.0,0.0,block,302,False,1.0,1.0,,1.0,0.825801076347237,1.0
reacher,0.0,0.0,block,303,False,0.9100846485718026,1.0,,1.0,1.0,1.0
reacher,0.0,0.0,block,304,False,1.0,1.0,,1.0,0.13088126241575854,1.0
reacher,0.0,0.0,block,305,False,0.6757438017752562,0.1077278974110857,,1.0,1.0,1.0
reacher,0.0,0.0,block,306,False,1.0,0.5278957766348463,,1.0,1.0,1.0
reacher,0.0,0.0,block,307,False,1.0,1.0,,1.0,1.0,1.0
reacher,0.0,0.0,block,308,False,1.0,1.0,,1.0,0.8595883235072879,1.0
reacher,0.0,0.0,block,309,False,1.0,1.0,,1.0,1.0,1.0
reacher,0.0,0.0,block,310,False,1.0,0.232341366630256,,1.0,1.0,1.0
reacher,0.0,0.0,block,311,False,0.42598753179272947,1.0,,1.0,1.0,0.5607651358643823
reacher,0.0,0.0,block,312,False,1.0,1.0,,1.0,1.0,1.0
reacher,0.0,0.0,block,313,False,0.03943218554748481,1.0,,1.0,1.0,1.0
reacher,0.0,0.0,block,314,False,0.4579886009463302,1.0,,1.0,1.0,1.0
reacher,0.0,0.0,block,315,False,1.0,1.0,,1.0,1.0,1.0
reacher,0.0,0.0,block,316,False,1.0,0.799604591072882,,1.0,1.0,1.0
reacher,0.0,0.0,block,317,False,0.08005498545833724,1.0,,1.0,1.0,1.0
reacher,0.0,0.0,block,318,False,1.0,1.0,,1.0,0.011768025952655178,1.0
reacher,0.0,0.0,block,319,False,0.35707122870920405,0.06526354241921117,,1.0,1.0,1.0
reacher,0.0,0.0,block,320,False,1.0,1.0,,1.0,0.7296711472092923,0.36289710130330133
reacher,0.0,0.0,block,321,False,1.0,1.0,,1.0,1.0,1.0
reacher,0.0,0.0,block,322,False,0.32620737844662634,1.0,,1.0,1.0,1.0
reacher,0.0,0.0,block,323,False,1.0,1.0,,1.0,1.0,0.08612245110132294
reacher,0.0,0.0,block,324,False,1.0,1.0,,1.0,1.0,1.0
reacher,0.0,0.0,block,325,False,1.0,1.0,,1.0,0.10148798000214262,1.0
reacher,0.0,0.0,block,326,False,1.0,1.0,,1.0,1.0,1.0
reacher,0.0,0.0,block,327,False,1.0,1.0,,1.0,1.0,0.2943892925610226
reacher,0.0,0.0,block,328,False,1.0,0.16141740253214562,,1.0,1.0,0.7928855927742826
reacher,0.0,0.0,block,329,False,0.5282624859384294,1.0,,1.0,1.0,1.0
reacher,0.0,0.0,block,330,False,1.0,1.0,,1.0,1.0,1.0
reacher,0.0,0.0,block,331,False,0.8843416740031618,0.9835988610510884,,1.0,1.0,1.0
reacher,0.0,0.0,block,332,False,1.0,1.0,,1.0,0.9478546057840134,1.0
reacher,0.0,0.0,block,333,False,1.0,1.0,,1.0,1.0,1.0
reacher,0.0,0.0,block,334,False,1.0,1.0,,1.0,0.7608424948783319,0.9118992083644375
reacher,0.0,0.0,block,335,False,0.937827679806674,0.09431305577790042,,1.0,1.0,1.0
reacher,0.0,0.0,block,336,False,1.0,1.0,,1.0,0.5867850232833438,1.0
reacher,0.0,0.0,block,337,False,1.0,1.0,,1.0,0.18262225292310297,0.41154206780600083
reacher,0.0,0.0,block,338,False,1.0,0.37558916564832634,,1.0,1.0,1.0
reacher,0.0,0.0,block,339,False,1.0,1.0,,1.0,1.0,1.0
reacher,0.0,0.0,block,340,False,0.7208265168088515,1.0,,1.0,1.0,1.0
reacher,0.0,0.0,block,341,False,0.1366467809173491,1.0,,1.0,1.0,1.0
reacher,0.0,0.0,block,342,False,0.42078605718688683,1.0,,1.0,1.0,1.0
reacher,0.0,0.0,block,343,False,0.23589249031291723,1.0,,1.0,1.0,1.0
reacher,0.0,0.0,block,344,False,1.0,1.0,,1.0,1.0,1.0
reacher,0.0,0.0,block,345,False,1.0,1.0,,1.0,1.0,1.0
reacher,0.0,0.0,block,346,False,1.0,1.0,,1.0,1.0,1.0
reacher,0.0,0.0,block,347,False,1.0,1.0,,1.0,1.0,1.0
reacher,0.0,0.0,block,348,False,0.1165843503880131,0.47533505681061683,,1.0,1.0,1.0
reacher,0.0,0.0,block,349,False,0.015576030992828102,1.0,,1.0,1.0,0.2051676447625032
reacher,0.0,0.0,block,350,False,1.0,1.0,,1.0,1.0,1.0
reacher,0.0,0.0,block,351,False,1.0,1.0,,1.0,1.0,1.0
reacher,0.0,0.0,block,352,False,1.0,1.0,,1.0,1.0,1.0
reacher,0.0,0.0,block,353,False,1.0,0.7595541413556456,,1.0,1.0,1.0
reacher,0.0,0.0,block,354,False,1.0,1.0,,1.0,0.7296711472092923,1.0
reacher,0.0,0.0,block,355,False,1.0,1.0,,1.0,1.0,0.9846692452967034
reacher,0.0,0.0,block,356,False,1.0,1.0,,1.0,1.0,1.0
reacher,0.0,0.0,block,357,False,1.0,1.0,,1.0,0.6413631429346967,1.0
reacher,0.0,0.0,block,358,False,1.0,1.0,,1.0,1.0,0.9661549026219174
reacher,0.0,0.0,block,359,False,1.0,1.0,,1.0,1.0,0.2570152853541666
reacher,0.0,0.0,block,360,False,1.0,1.0,,1.0,1.0,1.0
reacher,0.0,0.0,block,361,False,1.0,1.0,,1.0,1.0,1.0
reacher,0.0,0.0,block,362,False,1.0,1.0,,1.0,1.0,1.0
reacher,0.0,0.0,block,363,False,1.0,1.0,,1.0,0.042893203587958936,1.0
reacher,0.0,0.0,block,364,False,1.0,1.0,,1.0,0.2570152853541666,0.17731451657929317
reacher,0.0,0.0,block,365,False,1.0,1.0,,1.0,1.0,1.0
reacher,0.0,0.0,block,366,False,1.0,1.0,,1.0,1.0,1.0
reacher,0.0,0.0,block,367,False,1.0,1.0,,1.0,1.0,1.0
reacher,0.0,0.0,block,368,False,1.0,1.0,,1.0,1.0,1.0
reacher,0.0,0.0,block,369,False,1.0,1.0,,1.0,1.0,1.0
reacher,0.0,0.0,block,370,False,1.0,0.7840586295632326,,1.0,1.0,1.0
reacher,0.0,0.0,block,371,False,0.40034954766083625,1.0,,1.0,1.0,1.0
reacher,0.0,0.0,block,372,False,1.0,1.0,,1.0,0.6555415871341469,1.0
reacher,0.0,0.0,block,373,False,1.0,1.0,,1.0,0.36289710130330133,1.0
reacher,0.0,0.0,block,374,False,1.0,1.0,,1.0,0.02082237106858456,1.0
reacher,0.0,0.0,block,375,False,1.0,0.9016969547833651,,1.0,0.4429980555633106,1.0
reacher,0.0,0.0,block,376,False,1.0,1.0,,1.0,1.0,1.0
reacher,0.0,0.0,block,377,False,1.0,1.0,,1.0,1.0,1.0
reacher,0.0,0.0,block,378,False,1.0,0.8749579758294421,,1.0,0.8595883235072879,1.0
reacher,0.0,0.0,block,379,False,1.0,0.6545303973034557,,1.0,1.0,1.0
reacher,0.0,0.0,block,380,False,1.0,1.0,,1.0,1.0,1.0
reacher,0.0,0.0,block,381,False,1.0,1.0,,1.0,1.0,1.0
reacher,0.0,0.0,block,382,False,1.0,1.0,,1.0,1.0,1.0
reacher,0.0,0.0,block,383,False,1.0,1.0,,1.0,1.0,1.0
reacher,0.0,0.0,block,384,False,1.0,1.0,,1.0,1.0,1.0
reacher,0.0,0.0,block,385,False,1.0,1.0,,1.0,1.0,1.0
reacher,0.0,0.0,block,386,False,1.0,0.38580041278279825,,1.0,1.0,1.0
reacher,0.0,0.0,block,387,False,0.5594246488261545,1.0,,1.0,1.0,1.0
reacher,0.0,0.0,block,388,False,1.0,1.0,,1.0,1.0,1.0
reacher,0.0,0.0,block,389,False,1.0,0.2780763999567688,,1.0,1.0,1.0
reacher,0.0,0.0,block,390,False,1.0,1.0,,1.0,0.7608424948783319,0.13088126241575854
reacher,0.0,0.0,block,391,False,1.0,0.12636024404396323,,1.0,0.9661549026219174,1.0
reacher,0.0,0.0,block,392,False,1.0,0.37598697843882856,,1.0,1.0,1.0
reacher,0.0,0.0,block,393,False,0.09762857317001668,1.0,,1.0,0.3359001104577981,1.0
reacher,0.0,0.0,block,394,False,0.6614110349902427,0.35279631885138296,,1.0,0.17731451657929317,1.0
reacher,0.0,0.0,block,395,False,1.0,1.0,,1.0,1.0,1.0
reacher,0.0,0.0,block,396,False,0.027116914599502787,0.5855518620861677,,1.0,0.23646827496361472,1.0
reacher,0.0,0.0,block,397,False,1.0,0.12824127735293572,,1.0,0.8942454222225573,1.0
reacher,0.0,0.0,block,398,False,0.30162873837518045,0.21012072891214423,,1.0,1.0,1.0
reacher,0.0,0.0,block,399,False,1.0,1.0,,1.0,1.0,1.0
reacher,0.0,0.0,block,400,False,1.0,1.0,,1.0,1.0,1.0
reacher,0.0,0.0,block,401,False,0.5405221413360944,1.0,,1.0,1.0,1.0
reacher,0.0,0.0,block,402,False,1.0,1.0,,1.0,1.0,1.0
reacher,0.0,0.0,block,403,False,1.0,1.0,,1.0,1.0,0.6555415871341469
reacher,0.0,0.0,block,404,False,1.0,1.0,,1.0,1.0,1.0
reacher,0.0,0.0,block,405,False,1.0,1.0,,1.0,1.0,1.0
reacher,0.0,0.0,block,406,False,0.5222160608065098,1.0,,1.0,1.0,1.0
reacher,0.0,0.0,block,407,False,1.0,0.3570483024867749,,1.0,1.0,0.8595883235072879
reacher,0.0,0.0,block,408,False,1.0,1.0,,1.0,1.0,1.0
reacher,0.0,0.0,block,409,False,1.0,1.0,,1.0,1.0,1.0
reacher,0.0,0.0,block,410,False,0.759637341509386,1.0,,1.0,1.0,1.0
reacher,0.0,0.0,block,411,False,0.7914852196622346,0.8083613174924122,,1.0,0.6555415871341469,1.0
reacher,0.0,0.0,block,412,False,1.0,1.0,,1.0,1.0,1.0
reacher,0.0,0.0,block,413,False,0.7284547642716183,1.0,,1.0,0.30235231306218296,1.0
reacher,0.0,0.0,block,414,False,0.46407277239298744,1.0,,1.0,1.0,1.0
reacher,0.0,0.0,block,415,False,0.9464341018409947,1.0,,1.0,1.0,1.0
reacher,0.0,0.0,block,416,False,1.0,1.0,,1.0,0.6413631429346967,1.0
reacher,0.0,0.0,block,417,False,1.0,1.0,,1.0,1.0,1.0
reacher,0.0,0.0,block,418,False,1.0,0.8163402999786507,,1.0,0.23646827496361472,1.0
reacher,0.0,0.0,block,419,False,1.0,1.0,,1.0,1.0,1.0
reacher,0.0,0.0,block,420,False,1.0,1.0,,1.0,1.0,1.0
reacher,0.0,0.0,block,421,False,1.0,1.0,,1.0,1.0,0.22991943133515585
reacher,0.0,0.0,block,422,False,0.16159370051720723,1.0,,1.0,0.45387170270916155,0.0398622715990581
reacher,0.0,0.0,block,423,False,1.0,1.0,,1.0,1.0,1.0
reacher,0.0,0.0,block,424,False,1.0,1.0,,1.0,1.0,1.0
reacher,0.0,0.0,block,425,False,1.0,1.0,,1.0,1.0,1.0
reacher,0.0,0.0,block,426,False,0.7049599448373511,1.0,,1.0,1.0,1.0
reacher,0.0,0.0,block,427,False,1.0,1.0,,1.0,1.0,1.0
reacher,0.0,0.0,block,428,False,1.0,1.0,,1.0,0.09201208133970196,0.7767550062574893
reacher,0.0,0.0,block,429,False,1.0,1.0,,1.0,0.9846692452967034,0.7928855927742826
reacher,0.0,0.0,block,430,False,1.0,1.0,,1.0,1.0,0.4762109762235614
reacher,0.0,0.0,block,431,False,1.0,1.0,,1.0,1.0,1.0
reacher,0.0,0.0,block,432,False,1.0,1.0,,1.0,1.0,1.0
reacher,0.0,0.0,block,433,False,1.0,1.0,,1.0,0.9478546057840134,0.6555415871341469
reacher,0.0,0.0,block,434,False,1.0,1.0,,1.0,1.0,0.08055795871544738
reacher,0.0,0.0,block,435,False,1.0,1.0,,1.0,1.0,1.0
reacher,0.0,0.0,block,436,False,1.0,0.46289962211336716,,1.0,1.0,1.0
reacher,0.0,0.0,block,437,False,0.3054115419141416,1.0,,1.0,1.0,1.0
reacher,0.0,0.0,block,438,False,1.0,1.0,,1.0,1.0,1.0
reacher,0.0,0.0,block,439,False,1.0,1.0,,1.0,1.0,1.0
reacher,0.0,0.0,block,440,False,1.0,1.0,,1.0,1.0,1.0
reacher,0.0,0.0,block,441,False,1.0,1.0,,1.0,1.0,1.0
reacher,0.0,0.0,block,442,False,1.0,0.9287143697225739,,1.0,1.0,1.0
reacher,0.0,0.0,block,443,False,1.0,0.4362631750703838,,1.0,1.0,0.9846692452967034
reacher,0.0,0.0,block,444,False,1.0,1.0,,1.0,1.0,1.0
reacher,0.0,0.0,block,445,False,1.0,1.0,,1.0,1.0,1.0
reacher,0.0,0.0,block,446,False,1.0,1.0,,1.0,1.0,1.0
reacher,0.0,0.0,block,447,False,1.0,1.0,,1.0,0.6993696918975603,1.0
reacher,0.0,0.0,block,448,False,1.0,1.0,,1.0,1.0,1.0
reacher,0.0,0.0,block,449,False,1.0,1.0,,1.0,1.0,1.0
reacher,0.0,0.0,block,450,False,1.0,1.0,,1.0,1.0,1.0
reacher,0.0,0.0,block,451,False,1.0,0.2558533580460202,,1.0,0.3359001104577981,1.0
reacher,0.0,0.0,block,452,False,1.0,1.0,,1.0,1.0,1.0
reacher,0.0,0.0,block,453,False,0.4863111114537125,0.9198057957918684,,1.0,1.0,1.0
reacher,0.0,0.0,block,454,False,1.0,1.0,,1.0,1.0,1.0
reacher,0.0,0.0,block,455,False,1.0,1.0,,1.0,1.0,0.1880592863803951
reacher,0.0,0.0,block,456,False,1.0,1.0,,1.0,1.0,1.0
reacher,0.0,0.0,block,457,False,1.0,1.0,,1.0,0.26417155666885983,1.0
reacher,0.0,0.0,block,458,False,1.0,1.0,,1.0,1.0,1.0
reacher,0.0,0.0,block,459,False,1.0,1.0,,1.0,1.0,1.0
reacher,0.0,0.0,block,460,False,0.6120797337495626,0.9285635207331413,,1.0,1.0,1.0
reacher,0.0,0.0,block,461,False,1.0,1.0,,1.0,1.0,0.38179836747454005
reacher,0.0,0.0,block,462,False,0.8929782806500743,0.08127125790066689,,1.0,1.0,1.0
reacher,0.0,0.0,block,463,False,1.0,0.6983368022750327,,1.0,1.0,0.10148798000214262
reacher,0.0,0.0,block,464,False,1.0,1.0,,1.0,1.0,1.0
reacher,0.0,0.0,block,465,False,0.833127773122859,1.0,,1.0,1.0,1.0
reacher,0.0,0.0,block,466,False,1.0,1.0,,1.0,1.0,1.0
reacher,0.0,0.0,block,467,False,1.0,0.3137123749587295,,1.0,1.0,1.0
reacher,0.0,0.0,block,468,False,1.0,1.0,,1.0,1.0,1.0
reacher,0.0,0.0,block,469,False,1.0,1.0,,1.0,1.0,1.0
reacher,0.0,0.0,block,470,True,0.27769710990406754,1.0,,1.0,1.0,0.002119883672121476
reacher,0.0,0.0,block,471,False,1.0,1.0,,1.0,0.42183487331696773,0.9478546057840134
reacher,0.0,0.0,block,472,False,1.0,1.0,,1.0,1.0,1.0
reacher,0.0,0.0,block,473,False,1.0,0.6828808617105517,,1.0,1.0,1.0
reacher,0.0,0.0,block,474,False,1.0,1.0,,1.0,0.4876796191470445,1.0
reacher,0.0,0.0,block,475,False,1.0,1.0,,1.0,1.0,0.3104828859931134
reacher,0.0,0.0,block,476,False,0.05366604266853049,1.0,,1.0,1.0,0.17731451657929317
reacher,0.0,0.0,block,477,False,1.0,1.0,,1.0,1.0,1.0
reacher,0.0,0.0,block,478,False,1.0,1.0,,1.0,1.0,1.0
reacher,0.0,0.0,block,479,False,0.4799824454704102,0.7915268616017579,,1.0,1.0,1.0
reacher,0.0,0.0,block,480,False,1.0,1.0,,1.0,1.0,1.0
reacher,0.0,0.0,block,481,False,0.22248129308927336,1.0,,1.0,1.0,1.0
reacher,0.0,0.0,block,482,False,1.0,0.28549143855406517,,1.0,1.0,1.0
reacher,0.0,0.0,block,483,False,1.0,1.0,,1.0,1.0,1.0
reacher,0.0,0.0,block,484,False,0.09157032597468891,1.0,,1.0,1.0,0.6845442682509267
reacher,0.0,0.0,block,485,False,0.5722159069362281,1.0,,1.0,1.0,1.0
reacher,0.0,0.0,block,486,False,1.0,1.0,,1.0,1.0,1.0
reacher,0.0,0.0,block,487,False,0.7677601083845618,0.2631834315172368,,1.0,1.0,1.0
reacher,0.0,0.0,block,488,False,1.0,1.0,,1.0,1.0,1.0
reacher,0.0,0.0,block,489,False,1.0,1.0,,1.0,1.0,0.8768083121380066
reacher,0.0,0.0,block,490,False,1.0,0.13844674154228548,,1.0,1.0,1.0
reacher,0.0,0.0,block,491,False,1.0,0.5092768381257146,,1.0,1.0,1.0
reacher,0.0,0.0,block,492,False,1.0,1.0,,1.0,0.1082546358001145,1.0
reacher,0.0,0.0,block,493,False,0.059886548993940886,0.49757187347070325,,1.0,0.5355805812164784,1.0
reacher,0.0,0.0,block,494,False,1.0,1.0,,1.0,0.08055795871544738,1.0
reacher,0.0,0.0,block,495,False,1.0,1.0,,1.0,1.0,0.4649421660487127
reacher,0.0,0.0,block,496,False,1.0,1.0,,1.0,0.7608424948783319,1.0
reacher,0.0,0.0,block,497,False,0.6618082565328784,0.5162856719279674,,1.0,1.0,1.0
reacher,0.0,0.0,block,498,False,1.0,1.0,,1.0,0.30235231306218296,0.07034810481608827
reacher,0.0,0.0,block,499,False,0.44706511822942163,1.0,,1.0,1.0,1.0
reacher,0.0,0.0,trajectory,0,False,1.0,1.0,,1.0,1.0,1.0
reacher,0.0,0.0,trajectory,1,False,1.0,1.0,,1.0,1.0,1.0
reacher,0.0,0.0,trajectory,2,False,1.0,1.0,,1.0,1.0,1.0
reacher,0.0,0.0,trajectory,3,False,1.0,1.0,,1.0,1.0,1.0
reacher,0.0,0.0,trajectory,4,False,1.0,1.0,,1.0,1.0,1.0
reacher,0.0,0.0,trajectory,5,False,1.0,1.0,,1.0,1.0,1.0
reacher,0.0,0.0,trajectory,6,False,1.0,1.0,,1.0,1.0,1.0
reacher,0.0,0.0,trajectory,7,False,1.0,1.0,,1.0,1.0,1.0
reacher,0.0,0.0,trajectory,8,False,1.0,1.0,,1.0,1.0,1.0
reacher,0.0,0.0,trajectory,9,False,1.0,1.0,,1.0,1.0,1.0
reacher,0.0,0.0,trajectory,10,False,1.0,1.0,,1.0,1.0,1.0
reacher,0.0,0.0,trajectory,11,False,1.0,1.0,,1.0,1.0,1.0
reacher,0.0,0.0,trajectory,12,False,1.0,1.0,,1.0,1.0,1.0
reacher,0.0,0.0,trajectory,13,False,1.0,1.0,,1.0,1.0,1.0
reacher,0.0,0.0,trajectory,14,False,1.0,1.0,,1.0,1.0,1.0
reacher,0.0,0.0,trajectory,15,False,1.0,1.0,,1.0,1.0,1.0
reacher,0.0,0.0,trajectory,16,False,1.0,1.0,,1.0,1.0,1.0
reacher,0.0,0.0,trajectory,17,False,1.0,1.0,,1.0,1.0,1.0
reacher,0.0,0.0,trajectory,18,False,1.0,1.0,,1.0,1.0,1.0
reacher,0.0,0.0,trajectory,19,False,1.0,1.0,,1.0,1.0,1.0
reacher,0.0,0.0,trajectory,20,False,1.0,1.0,,1.0,1.0,1.0
reacher,0.0,0.0,trajectory,21,False,1.0,1.0,,1.0,1.0,1.0
reacher,0.0,0.0,trajectory,22,False,1.0,1.0,,1.0,1.0,1.0
reacher,0.0,0.0,trajectory,23,False,1.0,1.0,,1.0,1.0,1.0
reacher,0.0,0.0,trajectory,24,False,1.0,1.0,,1.0,1.0,1.0
reacher,0.0,0.0,trajectory,25,False,1.0,1.0,,1.0,1.0,1.0
reacher,0.0,0.0,trajectory,26,False,1.0,1.0,,1.0,1.0,1.0
reacher,0.0,0.0,trajectory,27,False,1.0,1.0,,1.0,1.0,1.0
reacher,0.0,0.0,trajectory,28,False,1.0,1.0,,1.0,1.0,1.0
reacher,0.0,0.0,trajectory,29,False,1.0,1.0,,1.0,1.0,1.0
reacher,0.0,0.0,trajectory,30,False,1.0,1.0,,1.0,1.0,1.0
reacher,0.0,0.0,trajectory,31,False,1.0,1.0,,1.0,1.0,1.0
reacher,0.0,0.0,trajectory,32,False,1.0,1.0,,1.0,1.0,1.0
reacher,0.0,0.0,trajectory,33,False,1.0,1.0,,1.0,1.0,1.0
reacher,0.0,0.0,trajectory,34,False,1.0,1.0,,1.0,1.0,1.0
reacher,0.0,0.0,trajectory,35,False,1.0,1.0,,1.0,1.0,1.0
reacher,0.0,0.0,trajectory,36,False,1.0,1.0,,1.0,1.0,1.0
reacher,0.0,0.0,trajectory,37,False,1.0,1.0,,1.0,1.0,1.0
reacher,0.0,0.0,trajectory,38,False,1.0,1.0,,1.0,1.0,1.0
reacher,0.0,0.0,trajectory,39,False,1.0,1.0,,1.0,1.0,1.0
reacher,0.0,0.0,trajectory,40,False,1.0,1.0,,1.0,1.0,1.0
reacher,0.0,0.0,trajectory,41,False,1.0,1.0,,1.0,1.0,1.0
reacher,0.0,0.0,trajectory,42,False,1.0,1.0,,1.0,1.0,1.0
reacher,0.0,0.0,trajectory,43,False,1.0,1.0,,1.0,1.0,1.0
reacher,0.0,0.0,trajectory,44,False,1.0,1.0,,1.0,1.0,1.0
reacher,0.0,0.0,trajectory,45,False,1.0,1.0,,1.0,1.0,1.0
reacher,0.0,0.0,trajectory,46,False,1.0,1.0,,1.0,1.0,1.0
reacher,0.0,0.0,trajectory,47,False,1.0,1.0,,1.0,1.0,1.0
reacher,0.0,0.0,trajectory,48,False,1.0,1.0,,1.0,1.0,1.0
reacher,0.0,0.0,trajectory,49,False,1.0,1.0,,1.0,1.0,1.0
reacher,0.0,0.0,trajectory,50,False,1.0,1.0,,1.0,1.0,1.0
reacher,0.0,0.0,trajectory,51,False,1.0,1.0,,1.0,1.0,1.0
reacher,0.0,0.0,trajectory,52,False,1.0,1.0,,1.0,1.0,1.0
reacher,0.0,0.0,trajectory,53,False,1.0,1.0,,1.0,1.0,1.0
reacher,0.0,0.0,trajectory,54,False,1.0,1.0,,1.0,1.0,1.0
reacher,0.0,0.0,trajectory,55,False,1.0,1.0,,1.0,1.0,1.0
reacher,0.0,0.0,trajectory,56,False,1.0,1.0,,1.0,1.0,1.0
reacher,0.0,0.0,trajectory,57,False,1.0,1.0,,1.0,1.0,1.0
reacher,0.0,0.0,trajectory,58,False,1.0,1.0,,1.0,1.0,1.0
reacher,0.0,0.0,trajectory,59,False,1.0,1.0,,1.0,1.0,1.0
reacher,0.0,0.0,trajectory,60,False,1.0,1.0,,1.0,1.0,1.0
reacher,0.0,0.0,trajectory,61,False,1.0,1.0,,1.0,1.0,1.0
reacher,0.0,0.0,trajectory,62,False,1.0,1.0,,1.0,1.0,1.0
reacher,0.0,0.0,trajectory,63,False,1.0,1.0,,1.0,1.0,1.0
reacher,0.0,0.0,trajectory,64,False,1.0,1.0,,1.0,1.0,1.0
reacher,0.0,0.0,trajectory,65,False,1.0,1.0,,1.0,1.0,1.0
reacher,0.0,0.0,trajectory,66,False,1.0,1.0,,1.0,1.0,1.0
reacher,0.0,0.0,trajectory,67,False,1.0,1.0,,1.0,1.0,1.0
reacher,0.0,0.0,trajectory,68,False,1.0,1.0,,1.0,1.0,1.0
reacher,0.0,0.0,trajectory,69,False,1.0,1.0,,1.0,1.0,1.0
reacher,0.0,0.0,trajectory,70,False,1.0,1.0,,1.0,1.0,1.0
reacher,0.0,0.0,trajectory,71,False,1.0,1.0,,1.0,1.0,1.0
reacher,0.0,0.0,trajectory,72,False,1.0,1.0,,1.0,1.0,1.0
reacher,0.0,0.0,trajectory,73,False,1.0,1.0,,1.0,1.0,1.0
reacher,0.0,0.0,trajectory,74,False,1.0,1.0,,1.0,1.0,1.0
reacher,0.0,0.0,trajectory,75,False,1.0,1.0,,1.0,1.0,1.0
reacher,0.0,0.0,trajectory,76,False,1.0,1.0,,1.0,1.0,1.0
reacher,0.0,0.0,trajectory,77,False,1.0,1.0,,1.0,1.0,1.0
reacher,0.0,0.0,trajectory,78,False,1.0,1.0,,1.0,1.0,1.0
reacher,0.0,0.0,trajectory,79,False,1.0,1.0,,1.0,1.0,1.0
reacher,0.0,0.0,trajectory,80,False,1.0,1.0,,1.0,1.0,1.0
reacher,0.0,0.0,trajectory,81,False,1.0,1.0,,1.0,1.0,1.0
reacher,0.0,0.0,trajectory,82,False,1.0,1.0,,1.0,1.0,1.0
reacher,0.0,0.0,trajectory,83,False,1.0,1.0,,1.0,1.0,1.0
reacher,0.0,0.0,trajectory,84,False,1.0,1.0,,1.0,1.0,1.0
reacher,0.0,0.0,trajectory,85,False,1.0,1.0,,1.0,1.0,1.0
reacher,0.0,0.0,trajectory,86,False,1.0,1.0,,1.0,1.0,1.0
reacher,0.0,0.0,trajectory,87,False,1.0,1.0,,1.0,1.0,1.0
reacher,0.0,0.0,trajectory,88,False,1.0,1.0,,1.0,1.0,1.0
reacher,0.0,0.0,trajectory,89,False,1.0,1.0,,1.0,1.0,1.0
reacher,0.0,0.0,trajectory,90,False,1.0,1.0,,1.0,1.0,1.0
reacher,0.0,0.0,trajectory,91,False,1.0,1.0,,1.0,1.0,1.0
reacher,0.0,0.0,trajectory,92,False,1.0,1.0,,1.0,1.0,1.0
reacher,0.0,0.0,trajectory,93,False,1.0,1.0,,1.0,1.0,1.0
reacher,0.0,0.0,trajectory,94,False,1.0,1.0,,1.0,1.0,1.0
reacher,0.0,0.0,trajectory,95,False,1.0,1.0,,1.0,1.0,1.0
reacher,0.0,0.0,trajectory,96,False,1.0,1.0,,1.0,1.0,1.0
reacher,0.0,0.0,trajectory,97,False,1.0,1.0,,1.0,1.0,1.0
reacher,0.0,0.0,trajectory,98,False,1.0,1.0,,1.0,1.0,1.0
reacher,0.0,0.0,trajectory,99,False,1.0,1.0,,1.0,1.0,1.0
reacher,0.0,0.0,trajectory,100,False,1.0,1.0,,1.0,1.0,1.0
reacher,0.0,0.0,trajectory,101,False,1.0,1.0,,1.0,1.0,1.0
reacher,0.0,0.0,trajectory,102,False,1.0,1.0,,1.0,1.0,1.0
reacher,0.0,0.0,trajectory,103,False,1.0,1.0,,1.0,1.0,1.0
reacher,0.0,0.0,trajectory,104,False,1.0,1.0,,1.0,1.0,1.0
reacher,0.0,0.0,trajectory,105,False,1.0,1.0,,1.0,1.0,1.0
reacher,0.0,0.0,trajectory,106,False,1.0,1.0,,1.0,1.0,1.0
reacher,0.0,0.0,trajectory,107,False,1.0,1.0,,1.0,1.0,1.0
reacher,0.0,0.0,trajectory,108,False,1.0,1.0,,1.0,1.0,1.0
reacher,0.0,0.0,trajectory,109,False,1.0,1.0,,1.0,1.0,1.0
reacher,0.0,0.0,trajectory,110,False,1.0,1.0,,1.0,1.0,1.0
reacher,0.0,0.0,trajectory,111,False,1.0,1.0,,1.0,1.0,1.0
reacher,0.0,0.0,trajectory,112,False,1.0,1.0,,1.0,1.0,1.0
reacher,0.0,0.0,trajectory,113,False,1.0,1.0,,1.0,1.0,1.0
reacher,0.0,0.0,trajectory,114,False,1.0,1.0,,1.0,1.0,1.0
reacher,0.0,0.0,trajectory,115,False,1.0,1.0,,1.0,1.0,1.0
reacher,0.0,0.0,trajectory,116,False,1.0,1.0,,1.0,1.0,1.0
reacher,0.0,0.0,trajectory,117,False,1.0,1.0,,1.0,1.0,1.0
reacher,0.0,0.0,trajectory,118,False,1.0,1.0,,1.0,1.0,1.0
reacher,0.0,0.0,trajectory,119,False,1.0,1.0,,1.0,1.0,1.0
reacher,0.0,0.0,trajectory,120,False,1.0,1.0,,1.0,1.0,1.0
reacher,0.0,0.0,trajectory,121,False,1.0,1.0,,1.0,1.0,1.0
reacher,0.0,0.0,trajectory,122,False,1.0,1.0,,1.0,1.0,1.0
reacher,0.0,0.0,trajectory,123,False,1.0,1.0,,1.0,1.0,1.0
reacher,0.0,0.0,trajectory,124,False,1.0,1.0,,1.0,1.0,1.0
reacher,0.0,0.0,trajectory,125,False,1.0,1.0,,1.0,1.0,1.0
reacher,0.0,0.0,trajectory,126,False,1.0,1.0,,1.0,1.0,1.0
reacher,0.0,0.0,trajectory,127,False,1.0,1.0,,1.0,1.0,1.0
reacher,0.0,0.0,trajectory,128,False,1.0,1.0,,1.0,1.0,1.0
reacher,0.0,0.0,trajectory,129,False,1.0,1.0,,1.0,1.0,1.0
reacher,0.0,0.0,trajectory,130,False,1.0,1.0,,1.0,1.0,1.0
reacher,0.0,0.0,trajectory,131,False,1.0,1.0,,1.0,1.0,1.0
reacher,0.0,0.0,trajectory,132,False,1.0,1.0,,1.0,1.0,1.0
reacher,0.0,0.0,trajectory,133,False,1.0,1.0,,1.0,1.0,1.0
reacher,0.0,0.0,trajectory,134,False,1.0,1.0,,1.0,1.0,1.0
reacher,0.0,0.0,trajectory,135,False,1.0,1.0,,1.0,1.0,1.0
reacher,0.0,0.0,trajectory,136,False,1.0,1.0,,1.0,1.0,1.0
reacher,0.0,0.0,trajectory,137,False,1.0,1.0,,1.0,1.0,1.0
reacher,0.0,0.0,trajectory,138,False,1.0,1.0,,1.0,1.0,1.0
reacher,0.0,0.0,trajectory,139,False,1.0,1.0,,1.0,1.0,1.0
reacher,0.0,0.0,trajectory,140,False,1.0,1.0,,1.0,1.0,1.0
reacher,0.0,0.0,trajectory,141,False,1.0,1.0,,1.0,1.0,1.0
reacher,0.0,0.0,trajectory,142,False,1.0,1.0,,1.0,1.0,1.0
reacher,0.0,0.0,trajectory,143,False,1.0,1.0,,1.0,1.0,1.0
reacher,0.0,0.0,trajectory,144,False,1.0,1.0,,1.0,1.0,1.0
reacher,0.0,0.0,trajectory,145,False,1.0,1.0,,1.0,1.0,1.0
reacher,0.0,0.0,trajectory,146,False,1.0,1.0,,1.0,1.0,1.0
reacher,0.0,0.0,trajectory,147,False,1.0,1.0,,1.0,1.0,1.0
reacher,0.0,0.0,trajectory,148,False,1.0,1.0,,1.0,1.0,1.0
reacher,0.0,0.0,trajectory,149,False,1.0,1.0,,1.0,1.0,1.0
reacher,0.0,0.0,trajectory,150,False,1.0,1.0,,1.0,1.0,1.0
reacher,0.0,0.0,trajectory,151,False,1.0,1.0,,1.0,1.0,1.0
reacher,0.0,0.0,trajectory,152,False,1.0,1.0,,1.0,1.0,1.0
reacher,0.0,0.0,trajectory,153,False,1.0,1.0,,1.0,1.0,1.0
reacher,0.0,0.0,trajectory,154,False,1.0,1.0,,1.0,1.0,1.0
reacher,0.0,0.0,trajectory,155,False,1.0,1.0,,1.0,1.0,1.0
reacher,0.0,0.0,trajectory,156,False,1.0,1.0,,1.0,1.0,1.0
reacher,0.0,0.0,trajectory,157,False,1.0,1.0,,1.0,1.0,1.0
reacher,0.0,0.0,trajectory,158,False,1.0,1.0,,1.0,1.0,1.0
reacher,0.0,0.0,trajectory,159,False,1.0,1.0,,1.0,1.0,1.0
reacher,0.0,0.0,trajectory,160,False,1.0,1.0,,1.0,1.0,1.0
reacher,0.0,0.0,trajectory,161,False,1.0,1.0,,1.0,1.0,1.0
reacher,0.0,0.0,trajectory,162,False,1.0,1.0,,1.0,1.0,1.0
reacher,0.0,0.0,trajectory,163,False,1.0,1.0,,1.0,1.0,1.0
reacher,0.0,0.0,trajectory,164,False,1.0,1.0,,1.0,1.0,1.0
reacher,0.0,0.0,trajectory,165,False,1.0,1.0,,1.0,1.0,1.0
reacher,0.0,0.0,trajectory,166,False,1.0,1.0,,1.0,1.0,1.0
reacher,0.0,0.0,trajectory,167,False,1.0,1.0,,1.0,1.0,1.0
reacher,0.0,0.0,trajectory,168,False,1.0,1.0,,1.0,1.0,1.0
reacher,0.0,0.0,trajectory,169,False,1.0,1.0,,1.0,1.0,1.0
reacher,0.0,0.0,trajectory,170,False,1.0,1.0,,1.0,1.0,1.0
reacher,0.0,0.0,trajectory,171,False,1.0,1.0,,1.0,1.0,1.0
reacher,0.0,0.0,trajectory,172,False,1.0,1.0,,1.0,1.0,1.0
reacher,0.0,0.0,trajectory,173,False,1.0,1.0,,1.0,1.0,1.0
reacher,0.0,0.0,trajectory,174,False,1.0,1.0,,1.0,1.0,1.0
reacher,0.0,0.0,trajectory,175,False,1.0,1.0,,1.0,1.0,1.0
reacher,0.0,0.0,trajectory,176,False,1.0,1.0,,1.0,1.0,1.0
reacher,0.0,0.0,trajectory,177,False,1.0,1.0,,1.0,1.0,1.0
reacher,0.0,0.0,trajectory,178,False,1.0,1.0,,1.0,1.0,1.0
reacher,0.0,0.0,trajectory,179,False,1.0,1.0,,1.0,1.0,1.0
reacher,0.0,0.0,trajectory,180,False,1.0,1.0,,1.0,1.0,1.0
reacher,0.0,0.0,trajectory,181,False,1.0,1.0,,1.0,1.0,1.0
reacher,0.0,0.0,trajectory,182,False,1.0,1.0,,1.0,1.0,1.0
reacher,0.0,0.0,trajectory,183,False,1.0,1.0,,1.0,1.0,1.0
reacher,0.0,0.0,trajectory,184,False,1.0,1.0,,1.0,1.0,1.0
reacher,0.0,0.0,trajectory,185,False,1.0,1.0,,1.0,1.0,1.0
reacher,0.0,0.0,trajectory,186,False,1.0,1.0,,1.0,1.0,1.0
reacher,0.0,0.0,trajectory,187,False,1.0,1.0,,1.0,1.0,1.0
reacher,0.0,0.0,trajectory,188,False,1.0,1.0,,1.0,1.0,1.0
reacher,0.0,0.0,trajectory,189,False,1.0,1.0,,1.0,1.0,1.0
reacher,0.0,0.0,trajectory,190,False,1.0,1.0,,1.0,1.0,1.0
reacher,0.0,0.0,trajectory,191,False,1.0,1.0,,1.0,1.0,1.0
reacher,0.0,0.0,trajectory,192,False,1.0,1.0,,1.0,1.0,1.0
reacher,0.0,0.0,trajectory,193,False,1.0,1.0,,1.0,1.0,1.0
reacher,0.0,0.0,trajectory,194,False,1.0,1.0,,1.0,1.0,1.0
reacher,0.0,0.0,trajectory,195,False,1.0,1.0,,1.0,1.0,1.0
reacher,0.0,0.0,trajectory,196,False,1.0,1.0,,1.0,1.0,1.0
reacher,0.0,0.0,trajectory,197,False,1.0,1.0,,1.0,1.0,1.0
reacher,0.0,0.0,trajectory,198,False,1.0,1.0,,1.0,1.0,1.0
reacher,0.0,0.0,trajectory,199,False,1.0,1.0,,1.0,1.0,1.0
reacher,0.0,0.0,trajectory,200,False,1.0,1.0,,1.0,1.0,1.0
reacher,0.0,0.0,trajectory,201,False,1.0,1.0,,1.0,1.0,1.0
reacher,0.0,0.0,trajectory,202,False,1.0,1.0,,1.0,1.0,1.0
reacher,0.0,0.0,trajectory,203,False,1.0,1.0,,1.0,1.0,1.0
reacher,0.0,0.0,trajectory,204,False,1.0,1.0,,1.0,1.0,1.0
reacher,0.0,0.0,trajectory,205,False,1.0,1.0,,1.0,1.0,1.0
reacher,0.0,0.0,trajectory,206,False,1.0,1.0,,1.0,1.0,1.0
reacher,0.0,0.0,trajectory,207,False,1.0,1.0,,1.0,1.0,1.0
reacher,0.0,0.0,trajectory,208,False,1.0,1.0,,1.0,1.0,1.0
reacher,0.0,0.0,trajectory,209,False,1.0,1.0,,1.0,1.0,1.0
reacher,0.0,0.0,trajectory,210,False,1.0,1.0,,1.0,1.0,1.0
reacher,0.0,0.0,trajectory,211,False,1.0,1.0,,1.0,1.0,1.0
reacher,0.0,0.0,trajectory,212,False,1.0,1.0,,1.0,1.0,1.0
reacher,0.0,0.0,trajectory,213,False,1.0,1.0,,1.0,1.0,1.0
reacher,0.0,0.0,trajectory,214,False,1.0,1.0,,1.0,1.0,1.0
reacher,0.0,0.0,trajectory,215,False,1.0,1.0,,1.0,1.0,1.0
reacher,0.0,0.0,trajectory,216,False,1.0,1.0,,1.0,1.0,1.0
reacher,0.0,0.0,trajectory,217,False,1.0,1.0,,1.0,1.0,1.0
reacher,0.0,0.0,trajectory,218,False,1.0,1.0,,1.0,1.0,1.0
reacher,0.0,0.0,trajectory,219,False,1.0,1.0,,1.0,1.0,1.0
reacher,0.0,0.0,trajectory,220,False,1.0,1.0,,1.0,1.0,1.0
reacher,0.0,0.0,trajectory,221,False,1.0,1.0,,1.0,1.0,1.0
reacher,0.0,0.0,trajectory,222,False,1.0,1.0,,1.0,1.0,1.0
reacher,0.0,0.0,trajectory,223,False,1.0,1.0,,1.0,1.0,1.0
reacher,0.0,0.0,trajectory,224,False,1.0,1.0,,1.0,1.0,1.0
reacher,0.0,0.0,trajectory,225,False,1.0,1.0,,1.0,1.0,1.0
reacher,0.0,0.0,trajectory,226,False,1.0,1.0,,1.0,1.0,1.0
reacher,0.0,0.0,trajectory,227,False,1.0,1.0,,1.0,1.0,1.0
reacher,0.0,0.0,trajectory,228,False,1.0,1.0,,1.0,1.0,1.0
reacher,0.0,0.0,trajectory,229,False,1.0,1.0,,1.0,1.0,1.0
reacher,0.0,0.0,trajectory,230,False,1.0,1.0,,1.0,1.0,1.0
reacher,0.0,0.0,trajectory,231,False,1.0,1.0,,1.0,1.0,1.0
reacher,0.0,0.0,trajectory,232,False,1.0,1.0,,1.0,1.0,1.0
reacher,0.0,0.0,trajectory,233,False,1.0,1.0,,1.0,1.0,1.0
reacher,0.0,0.0,trajectory,234,False,1.0,1.0,,1.0,1.0,1.0
reacher,0.0,0.0,trajectory,235,False,1.0,1.0,,1.0,1.0,1.0
reacher,0.0,0.0,trajectory,236,False,1.0,1.0,,1.0,1.0,1.0
reacher,0.0,0.0,trajectory,237,False,1.0,1.0,,1.0,1.0,1.0
reacher,0.0,0.0,trajectory,238,False,1.0,1.0,,1.0,1.0,1.0
reacher,0.0,0.0,trajectory,239,False,1.0,1.0,,1.0,1.0,1.0
reacher,0.0,0.0,trajectory,240,False,1.0,1.0,,1.0,1.0,1.0
reacher,0.0,0.0,trajectory,241,False,1.0,1.0,,1.0,1.0,1.0
reacher,0.0,0.0,trajectory,242,False,1.0,1.0,,1.0,1.0,1.0
reacher,0.0,0.0,trajectory,243,False,1.0,1.0,,1.0,1.0,1.0
reacher,0.0,0.0,trajectory,244,False,1.0,1.0,,1.0,1.0,1.0
reacher,0.0,0.0,trajectory,245,False,1.0,1.0,,1.0,1.0,1.0
reacher,0.0,0.0,trajectory,246,False,1.0,1.0,,1.0,1.0,1.0
reacher,0.0,0.0,trajectory,247,False,1.0,1.0,,1.0,1.0,1.0
reacher,0.0,0.0,trajectory,248,False,1.0,1.0,,1.0,1.0,1.0
reacher,0.0,0.0,trajectory,249,False,1.0,1.0,,1.0,1.0,1.0
reacher,0.0,0.0,trajectory,250,False,1.0,1.0,,1.0,1.0,1.0
reacher,0.0,0.0,trajectory,251,False,1.0,1.0,,1.0,1.0,1.0
reacher,0.0,0.0,trajectory,252,False,1.0,1.0,,1.0,1.0,1.0
reacher,0.0,0.0,trajectory,253,False,1.0,1.0,,1.0,1.0,1.0
reacher,0.0,0.0,trajectory,254,False,1.0,1.0,,1.0,1.0,1.0
reacher,0.0,0.0,trajectory,255,False,1.0,1.0,,1.0,1.0,1.0
reacher,0.0,0.0,trajectory,256,False,1.0,1.0,,1.0,1.0,1.0
reacher,0.0,0.0,trajectory,257,False,1.0,1.0,,1.0,1.0,1.0
reacher,0.0,0.0,trajectory,258,False,1.0,1.0,,1.0,1.0,1.0
reacher,0.0,0.0,trajectory,259,False,1.0,1.0,,1.0,1.0,1.0
reacher,0.0,0.0,trajectory,260,False,1.0,1.0,,1.0,1.0,1.0
reacher,0.0,0.0,trajectory,261,False,1.0,1.0,,1.0,1.0,1.0
reacher,0.0,0.0,trajectory,262,False,1.0,1.0,,1.0,1.0,1.0
reacher,0.0,0.0,trajectory,263,False,1.0,1.0,,1.0,1.0,1.0
reacher,0.0,0.0,trajectory,264,False,1.0,1.0,,1.0,1.0,1.0
reacher,0.0,0.0,trajectory,265,False,1.0,1.0,,1.0,1.0,1.0
reacher,0.0,0.0,trajectory,266,False,1.0,1.0,,1.0,1.0,1.0
reacher,0.0,0.0,trajectory,267,False,1.0,1.0,,1.0,1.0,1.0
reacher,0.0,0.0,trajectory,268,False,1.0,1.0,,1.0,1.0,1.0
reacher,0.0,0.0,trajectory,269,False,1.0,1.0,,1.0,1.0,1.0
reacher,0.0,0.0,trajectory,270,False,1.0,1.0,,1.0,1.0,1.0
reacher,0.0,0.0,trajectory,271,False,1.0,1.0,,1.0,1.0,1.0
reacher,0.0,0.0,trajectory,272,False,1.0,1.0,,1.0,1.0,1.0
reacher,0.0,0.0,trajectory,273,False,1.0,1.0,,1.0,1.0,1.0
reacher,0.0,0.0,trajectory,274,False,1.0,1.0,,1.0,1.0,1.0
reacher,0.0,0.0,trajectory,275,False,1.0,1.0,,1.0,1.0,1.0
reacher,0.0,0.0,trajectory,276,False,1.0,1.0,,1.0,1.0,1.0
reacher,0.0,0.0,trajectory,277,False,1.0,1.0,,1.0,1.0,1.0
reacher,0.0,0.0,trajectory,278,False,1.0,1.0,,1.0,1.0,1.0
reacher,0.0,0.0,trajectory,279,False,1.0,1.0,,1.0,1.0,1.0
reacher,0.0,0.0,trajectory,280,False,1.0,1.0,,1.0,1.0,1.0
reacher,0.0,0.0,trajectory,281,False,1.0,1.0,,1.0,1.0,1.0
reacher,0.0,0.0,trajectory,282,False,1.0,1.0,,1.0,1.0,1.0
reacher,0.0,0.0,trajectory,283,False,1.0,1.0,,1.0,1.0,1.0
reacher,0.0,0.0,trajectory,284,False,1.0,1.0,,1.0,1.0,1.0
reacher,0.0,0.0,trajectory,285,False,1.0,1.0,,1.0,1.0,1.0
reacher,0.0,0.0,trajectory,286,False,1.0,1.0,,1.0,1.0,1.0
reacher,0.0,0.0,trajectory,287,False,1.0,1.0,,1.0,1.0,1.0
reacher,0.0,0.0,trajectory,288,False,1.0,1.0,,1.0,1.0,1.0
reacher,0.0,0.0,trajectory,289,False,1.0,1.0,,1.0,1.0,1.0
reacher,0.0,0.0,trajectory,290,False,1.0,1.0,,1.0,1.0,1.0
reacher,0.0,0.0,trajectory,291,False,1.0,1.0,,1.0,1.0,1.0
reacher,0.0,0.0,trajectory,292,False,1.0,1.0,,1.0,1.0,1.0
reacher,0.0,0.0,trajectory,293,False,1.0,1.0,,1.0,1.0,1.0
reacher,0.0,0.0,trajectory,294,False,1.0,1.0,,1.0,1.0,1.0
reacher,0.0,0.0,trajectory,295,False,1.0,1.0,,1.0,1.0,1.0
reacher,0.0,0.0,trajectory,296,False,1.0,1.0,,1.0,1.0,1.0
reacher,0.0,0.0,trajectory,297,False,1.0,1.0,,1.0,1.0,1.0
reacher,0.0,0.0,trajectory,298,False,1.0,1.0,,1.0,1.0,1.0
reacher,0.0,0.0,trajectory,299,False,1.0,1.0,,1.0,1.0,1.0
reacher,0.0,0.0,trajectory,300,False,1.0,1.0,,1.0,1.0,1.0
reacher,0.0,0.0,trajectory,301,False,1.0,1.0,,1.0,1.0,1.0
reacher,0.0,0.0,trajectory,302,False,1.0,1.0,,1.0,1.0,1.0
reacher,0.0,0.0,trajectory,303,False,1.0,1.0,,1.0,1.0,1.0
reacher,0.0,0.0,trajectory,304,False,1.0,1.0,,1.0,1.0,1.0
reacher,0.0,0.0,trajectory,305,False,1.0,1.0,,1.0,1.0,1.0
reacher,0.0,0.0,trajectory,306,False,1.0,1.0,,1.0,1.0,1.0
reacher,0.0,0.0,trajectory,307,False,1.0,1.0,,1.0,1.0,1.0
reacher,0.0,0.0,trajectory,308,False,1.0,1.0,,1.0,1.0,1.0
reacher,0.0,0.0,trajectory,309,False,1.0,1.0,,1.0,1.0,1.0
reacher,0.0,0.0,trajectory,310,False,1.0,1.0,,1.0,1.0,1.0
reacher,0.0,0.0,trajectory,311,False,1.0,1.0,,1.0,1.0,1.0
reacher,0.0,0.0,trajectory,312,False,1.0,1.0,,1.0,1.0,1.0
reacher,0.0,0.0,trajectory,313,False,1.0,1.0,,1.0,1.0,1.0
reacher,0.0,0.0,trajectory,314,False,1.0,1.0,,1.0,1.0,1.0
reacher,0.0,0.0,trajectory,315,False,1.0,1.0,,1.0,1.0,1.0
reacher,0.0,0.0,trajectory,316,False,1.0,1.0,,1.0,1.0,1.0
reacher,0.0,0.0,trajectory,317,False,1.0,1.0,,1.0,1.0,1.0
reacher,0.0,0.0,trajectory,318,False,1.0,1.0,,1.0,1.0,1.0
reacher,0.0,0.0,trajectory,319,False,1.0,1.0,,1.0,1.0,1.0
reacher,0.0,0.0,trajectory,320,False,1.0,1.0,,1.0,1.0,1.0
reacher,0.0,0.0,trajectory,321,False,1.0,1.0,,1.0,1.0,1.0
reacher,0.0,0.0,trajectory,322,False,1.0,1.0,,1.0,1.0,1.0
reacher,0.0,0.0,trajectory,323,False,1.0,1.0,,1.0,1.0,1.0
reacher,0.0,0.0,trajectory,324,False,1.0,1.0,,1.0,1.0,1.0
reacher,0.0,0.0,trajectory,325,False,1.0,1.0,,1.0,1.0,1.0
reacher,0.0,0.0,trajectory,326,False,1.0,1.0,,1.0,1.0,1.0
reacher,0.0,0.0,trajectory,327,False,1.0,1.0,,1.0,1.0,1.0
reacher,0.0,0.0,trajectory,328,False,1.0,1.0,,1.0,1.0,1.0
reacher,0.0,0.0,trajectory,329,False,1.0,1.0,,1.0,1.0,1.0
reacher,0.0,0.0,trajectory,330,False,1.0,1.0,,1.0,1.0,1.0
reacher,0.0,0.0,trajectory,331,False,1.0,1.0,,1.0,1.0,1.0
reacher,0.0,0.0,trajectory,332,False,1.0,1.0,,1.0,1.0,1.0
reacher,0.0,0.0,trajectory,333,False,1.0,1.0,,1.0,1.0,1.0
reacher,0.0,0.0,trajectory,334,False,1.0,1.0,,1.0,1.0,1.0
reacher,0.0,0.0,trajectory,335,False,1.0,1.0,,1.0,1.0,1.0
reacher,0.0,0.0,trajectory,336,False,1.0,1.0,,1.0,1.0,1.0
reacher,0.0,0.0,trajectory,337,False,1.0,1.0,,1.0,1.0,1.0
reacher,0.0,0.0,trajectory,338,False,1.0,1.0,,1.0,1.0,1.0
reacher,0.0,0.0,trajectory,339,False,1.0,1.0,,1.0,1.0,1.0
reacher,0.0,0.0,trajectory,340,False,1.0,1.0,,1.0,1.0,1.0
reacher,0.0,0.0,trajectory,341,False,1.0,1.0,,1.0,1.0,1.0
reacher,0.0,0.0,trajectory,342,False,1.0,1.0,,1.0,1.0,1.0
reacher,0.0,0.0,trajectory,343,False,1.0,1.0,,1.0,1.0,1.0
reacher,0.0,0.0,trajectory,344,False,1.0,1.0,,1.0,1.0,1.0
reacher,0.0,0.0,trajectory,345,False,1.0,1.0,,1.0,1.0,1.0
reacher,0.0,0.0,trajectory,346,False,1.0,1.0,,1.0,1.0,1.0
reacher,0.0,0.0,trajectory,347,False,1.0,1.0,,1.0,1.0,1.0
reacher,0.0,0.0,trajectory,348,False,1.0,1.0,,1.0,1.0,1.0
reacher,0.0,0.0,trajectory,349,False,1.0,1.0,,1.0,1.0,1.0
reacher,0.0,0.0,trajectory,350,False,1.0,1.0,,1.0,1.0,1.0
reacher,0.0,0.0,trajectory,351,False,1.0,1.0,,1.0,1.0,1.0
reacher,0.0,0.0,trajectory,352,False,1.0,1.0,,1.0,1.0,1.0
reacher,0.0,0.0,trajectory,353,False,1.0,1.0,,1.0,1.0,1.0
reacher,0.0,0.0,trajectory,354,False,1.0,1.0,,1.0,1.0,1.0
reacher,0.0,0.0,trajectory,355,False,1.0,1.0,,1.0,1.0,1.0
reacher,0.0,0.0,trajectory,356,False,1.0,1.0,,1.0,1.0,1.0
reacher,0.0,0.0,trajectory,357,False,1.0,1.0,,1.0,1.0,1.0
reacher,0.0,0.0,trajectory,358,False,1.0,1.0,,1.0,1.0,1.0
reacher,0.0,0.0,trajectory,359,False,1.0,1.0,,1.0,1.0,1.0
reacher,0.0,0.0,trajectory,360,False,1.0,1.0,,1.0,1.0,1.0
reacher,0.0,0.0,trajectory,361,False,1.0,1.0,,1.0,1.0,1.0
reacher,0.0,0.0,trajectory,362,False,1.0,1.0,,1.0,1.0,1.0
reacher,0.0,0.0,trajectory,363,False,1.0,1.0,,1.0,1.0,1.0
reacher,0.0,0.0,trajectory,364,False,1.0,1.0,,1.0,1.0,1.0
reacher,0.0,0.0,trajectory,365,False,1.0,1.0,,1.0,1.0,1.0
reacher,0.0,0.0,trajectory,366,False,1.0,1.0,,1.0,1.0,1.0
reacher,0.0,0.0,trajectory,367,False,1.0,1.0,,1.0,1.0,1.0
reacher,0.0,0.0,trajectory,368,False,1.0,1.0,,1.0,1.0,1.0
reacher,0.0,0.0,trajectory,369,False,1.0,1.0,,1.0,1.0,1.0
reacher,0.0,0.0,trajectory,370,False,1.0,1.0,,1.0,1.0,1.0
reacher,0.0,0.0,trajectory,371,False,1.0,1.0,,1.0,1.0,1.0
reacher,0.0,0.0,trajectory,372,False,1.0,1.0,,1.0,1.0,1.0
reacher,0.0,0.0,trajectory,373,False,1.0,1.0,,1.0,1.0,1.0
reacher,0.0,0.0,trajectory,374,False,1.0,1.0,,1.0,1.0,1.0
reacher,0.0,0.0,trajectory,375,False,1.0,1.0,,1.0,1.0,1.0
reacher,0.0,0.0,trajectory,376,False,1.0,1.0,,1.0,1.0,1.0
reacher,0.0,0.0,trajectory,377,False,1.0,1.0,,1.0,1.0,1.0
reacher,0.0,0.0,trajectory,378,False,1.0,1.0,,1.0,1.0,1.0
reacher,0.0,0.0,trajectory,379,False,1.0,1.0,,1.0,1.0,1.0
reacher,0.0,0.0,trajectory,380,False,1.0,1.0,,1.0,1.0,1.0
reacher,0.0,0.0,trajectory,381,False,1.0,1.0,,1.0,1.0,1.0
reacher,0.0,0.0,trajectory,382,False,1.0,1.0,,1.0,1.0,1.0
reacher,0.0,0.0,trajectory,383,False,1.0,1.0,,1.0,1.0,1.0
reacher,0.0,0.0,trajectory,384,False,1.0,1.0,,1.0,1.0,1.0
reacher,0.0,0.0,trajectory,385,False,1.0,1.0,,1.0,1.0,1.0
reacher,0.0,0.0,trajectory,386,False,1.0,1.0,,1.0,1.0,1.0
reacher,0.0,0.0,trajectory,387,False,1.0,1.0,,1.0,1.0,1.0
reacher,0.0,0.0,trajectory,388,False,1.0,1.0,,1.0,1.0,1.0
reacher,0.0,0.0,trajectory,389,False,1.0,1.0,,1.0,1.0,1.0
reacher,0.0,0.0,trajectory,390,False,1.0,1.0,,1.0,1.0,1.0
reacher,0.0,0.0,trajectory,391,False,1.0,1.0,,1.0,1.0,1.0
reacher,0.0,0.0,trajectory,392,False,1.0,1.0,,1.0,1.0,1.0
reacher,0.0,0.0,trajectory,393,False,1.0,1.0,,1.0,1.0,1.0
reacher,0.0,0.0,trajectory,394,False,1.0,1.0,,1.0,1.0,1.0
reacher,0.0,0.0,trajectory,395,False,1.0,1.0,,1.0,1.0,1.0
reacher,0.0,0.0,trajectory,396,False,1.0,1.0,,1.0,1.0,1.0
reacher,0.0,0.0,trajectory,397,False,1.0,1.0,,1.0,1.0,1.0
reacher,0.0,0.0,trajectory,398,False,1.0,1.0,,1.0,1.0,1.0
reacher,0.0,0.0,trajectory,399,False,1.0,1.0,,1.0,1.0,1.0
reacher,0.0,0.0,trajectory,400,False,1.0,1.0,,1.0,1.0,1.0
reacher,0.0,0.0,trajectory,401,False,1.0,1.0,,1.0,1.0,1.0
reacher,0.0,0.0,trajectory,402,False,1.0,1.0,,1.0,1.0,1.0
reacher,0.0,0.0,trajectory,403,False,1.0,1.0,,1.0,1.0,1.0
reacher,0.0,0.0,trajectory,404,False,1.0,1.0,,1.0,1.0,1.0
reacher,0.0,0.0,trajectory,405,False,1.0,1.0,,1.0,1.0,1.0
reacher,0.0,0.0,trajectory,406,False,1.0,1.0,,1.0,1.0,1.0
reacher,0.0,0.0,trajectory,407,False,1.0,1.0,,1.0,1.0,1.0
reacher,0.0,0.0,trajectory,408,False,1.0,1.0,,1.0,1.0,1.0
reacher,0.0,0.0,trajectory,409,False,1.0,1.0,,1.0,1.0,1.0
reacher,0.0,0.0,trajectory,410,False,1.0,1.0,,1.0,1.0,1.0
reacher,0.0,0.0,trajectory,411,False,1.0,1.0,,1.0,1.0,1.0
reacher,0.0,0.0,trajectory,412,False,1.0,1.0,,1.0,1.0,1.0
reacher,0.0,0.0,trajectory,413,False,1.0,1.0,,1.0,1.0,1.0
reacher,0.0,0.0,trajectory,414,False,1.0,1.0,,1.0,1.0,1.0
reacher,0.0,0.0,trajectory,415,False,1.0,1.0,,1.0,1.0,1.0
reacher,0.0,0.0,trajectory,416,False,1.0,1.0,,1.0,1.0,1.0
reacher,0.0,0.0,trajectory,417,False,1.0,1.0,,1.0,1.0,1.0
reacher,0.0,0.0,trajectory,418,False,1.0,1.0,,1.0,1.0,1.0
reacher,0.0,0.0,trajectory,419,False,1.0,1.0,,1.0,1.0,1.0
reacher,0.0,0.0,trajectory,420,False,1.0,1.0,,1.0,1.0,1.0
reacher,0.0,0.0,trajectory,421,False,1.0,1.0,,1.0,1.0,1.0
reacher,0.0,0.0,trajectory,422,False,1.0,1.0,,1.0,1.0,1.0
reacher,0.0,0.0,trajectory,423,False,1.0,1.0,,1.0,1.0,1.0
reacher,0.0,0.0,trajectory,424,False,1.0,1.0,,1.0,1.0,1.0
reacher,0.0,0.0,trajectory,425,False,1.0,1.0,,1.0,1.0,1.0
reacher,0.0,0.0,trajectory,426,False,1.0,1.0,,1.0,1.0,1.0
reacher,0.0,0.0,trajectory,427,False,1.0,1.0,,1.0,1.0,1.0
reacher,0.0,0.0,trajectory,428,False,1.0,1.0,,1.0,1.0,1.0
reacher,0.0,0.0,trajectory,429,False,1.0,1.0,,1.0,1.0,1.0
reacher,0.0,0.0,trajectory,430,False,1.0,1.0,,1.0,1.0,1.0
reacher,0.0,0.0,trajectory,431,False,1.0,1.0,,1.0,1.0,1.0
reacher,0.0,0.0,trajectory,432,False,1.0,1.0,,1.0,1.0,1.0
reacher,0.0,0.0,trajectory,433,False,1.0,1.0,,1.0,1.0,1.0
reacher,0.0,0.0,trajectory,434,False,1.0,1.0,,1.0,1.0,1.0
reacher,0.0,0.0,trajectory,435,False,1.0,1.0,,1.0,1.0,1.0
reacher,0.0,0.0,trajectory,436,False,1.0,1.0,,1.0,1.0,1.0
reacher,0.0,0.0,trajectory,437,False,1.0,1.0,,1.0,1.0,1.0
reacher,0.0,0.0,trajectory,438,False,1.0,1.0,,1.0,1.0,1.0
reacher,0.0,0.0,trajectory,439,False,1.0,1.0,,1.0,1.0,1.0
reacher,0.0,0.0,trajectory,440,False,1.0,1.0,,1.0,1.0,1.0
reacher,0.0,0.0,trajectory,441,False,1.0,1.0,,1.0,1.0,1.0
reacher,0.0,0.0,trajectory,442,False,1.0,1.0,,1.0,1.0,1.0
reacher,0.0,0.0,trajectory,443,False,1.0,1.0,,1.0,1.0,1.0
reacher,0.0,0.0,trajectory,444,False,1.0,1.0,,1.0,1.0,1.0
reacher,0.0,0.0,trajectory,445,False,1.0,1.0,,1.0,1.0,1.0
reacher,0.0,0.0,trajectory,446,False,1.0,1.0,,1.0,1.0,1.0
reacher,0.0,0.0,trajectory,447,False,1.0,1.0,,1.0,1.0,1.0
reacher,0.0,0.0,trajectory,448,False,1.0,1.0,,1.0,1.0,1.0
reacher,0.0,0.0,trajectory,449,False,1.0,1.0,,1.0,1.0,1.0
reacher,0.0,0.0,trajectory,450,False,1.0,1.0,,1.0,1.0,1.0
reacher,0.0,0.0,trajectory,451,False,1.0,1.0,,1.0,1.0,1.0
reacher,0.0,0.0,trajectory,452,False,1.0,1.0,,1.0,1.0,1.0
reacher,0.0,0.0,trajectory,453,False,1.0,1.0,,1.0,1.0,1.0
reacher,0.0,0.0,trajectory,454,False,1.0,1.0,,1.0,1.0,1.0
reacher,0.0,0.0,trajectory,455,False,1.0,1.0,,1.0,1.0,1.0
reacher,0.0,0.0,trajectory,456,False,1.0,1.0,,1.0,1.0,1.0
reacher,0.0,0.0,trajectory,457,False,1.0,1.0,,1.0,1.0,1.0
reacher,0.0,0.0,trajectory,458,False,1.0,1.0,,1.0,1.0,1.0
reacher,0.0,0.0,trajectory,459,False,1.0,1.0,,1.0,1.0,1.0
reacher,0.0,0.0,trajectory,460,False,1.0,1.0,,1.0,1.0,1.0
reacher,0.0,0.0,trajectory,461,False,1.0,1.0,,1.0,1.0,1.0
reacher,0.0,0.0,trajectory,462,False,1.0,1.0,,1.0,1.0,1.0
reacher,0.0,0.0,trajectory,463,False,1.0,1.0,,1.0,1.0,1.0
reacher,0.0,0.0,trajectory,464,False,1.0,1.0,,1.0,1.0,1.0
reacher,0.0,0.0,trajectory,465,False,1.0,1.0,,1.0,1.0,1.0
reacher,0.0,0.0,trajectory,466,False,1.0,1.0,,1.0,1.0,1.0
reacher,0.0,0.0,trajectory,467,False,1.0,1.0,,1.0,1.0,1.0
reacher,0.0,0.0,trajectory,468,False,1.0,1.0,,1.0,1.0,1.0
reacher,0.0,0.0,trajectory,469,False,1.0,1.0,,1.0,1.0,1.0
reacher,0.0,0.0,trajectory,470,False,1.0,1.0,,1.0,1.0,1.0
reacher,0.0,0.0,trajectory,471,False,1.0,1.0,,1.0,1.0,1.0
reacher,0.0,0.0,trajectory,472,False,1.0,1.0,,1.0,1.0,1.0
reacher,0.0,0.0,trajectory,473,False,1.0,1.0,,1.0,1.0,1.0
reacher,0.0,0.0,trajectory,474,False,1.0,1.0,,1.0,1.0,1.0
reacher,0.0,0.0,trajectory,475,False,1.0,1.0,,1.0,1.0,1.0
reacher,0.0,0.0,trajectory,476,False,1.0,1.0,,1.0,1.0,1.0
reacher,0.0,0.0,trajectory,477,False,1.0,1.0,,1.0,1.0,1.0
reacher,0.0,0.0,trajectory,478,False,1.0,1.0,,1.0,1.0,1.0
reacher,0.0,0.0,trajectory,479,False,1.0,1.0,,1.0,1.0,1.0
reacher,0.0,0.0,trajectory,480,False,1.0,1.0,,1.0,1.0,1.0
reacher,0.0,0.0,trajectory,481,False,1.0,1.0,,1.0,1.0,1.0
reacher,0.0,0.0,trajectory,482,False,1.0,1.0,,1.0,1.0,1.0
reacher,0.0,0.0,trajectory,483,False,1.0,1.0,,1.0,1.0,1.0
reacher,0.0,0.0,trajectory,484,False,1.0,1.0,,1.0,1.0,1.0
reacher,0.0,0.0,trajectory,485,False,1.0,1.0,,1.0,1.0,1.0
reacher,0.0,0.0,trajectory,486,False,1.0,1.0,,1.0,1.0,1.0
reacher,0.0,0.0,trajectory,487,False,1.0,1.0,,1.0,1.0,1.0
reacher,0.0,0.0,trajectory,488,False,1.0,1.0,,1.0,1.0,1.0
reacher,0.0,0.0,trajectory,489,False,1.0,1.0,,1.0,1.0,1.0
reacher,0.0,0.0,trajectory,490,False,1.0,1.0,,1.0,1.0,1.0
reacher,0.0,0.0,trajectory,491,False,1.0,1.0,,1.0,1.0,1.0
reacher,0.0,0.0,trajectory,492,False,1.0,1.0,,1.0,1.0,1.0
reacher,0.0,0.0,trajectory,493,False,1.0,1.0,,1.0,1.0,1.0
reacher,0.0,0.0,trajectory,494,False,1.0,1.0,,1.0,1.0,1.0
reacher,0.0,0.0,trajectory,495,False,1.0,1.0,,1.0,1.0,1.0
reacher,0.0,0.0,trajectory,496,False,1.0,1.0,,1.0,1.0,1.0
reacher,0.0,0.0,trajectory,497,False,1.0,1.0,,1.0,1.0,1.0
reacher,0.0,0.0,trajectory,498,False,1.0,1.0,,1.0,1.0,1.0
reacher,0.0,0.0,trajectory,499,False,1.0,1.0,,1.0,1.0,1.0
reacher,0.001,1e-08,block,0,False,0.6136485715976512,1.0,,1.0,1.0,1.0
reacher,0.001,1e-08,block,1,False,1.0,1.0,,1.0,0.09508334264701396,1.0
reacher,0.001,1e-08,block,2,False,0.26417155666885983,0.4429980555633106,,1.0,1.0,1.0
reacher,0.001,1e-08,block,3,False,1.0,1.0,,1.0,1.0,1.0
reacher,0.001,1e-08,block,4,False,1.0,1.0,,1.0,1.0,0.3104828859931134
reacher,0.001,1e-08,block,5,False,1.0,1.0,,1.0,1.0,1.0
reacher,0.001,1e-08,block,6,False,0.14360173842214508,1.0,,1.0,1.0,0.7608424948783319
reacher,0.001,1e-08,block,7,False,0.1153986194655702,1.0,,1.0,0.13501246376058362,1.0
reacher,0.001,1e-08,block,8,False,1.0,1.0,,1.0,1.0,0.6845442682509267
reacher,0.001,1e-08,block,9,False,1.0,1.0,,1.0,1.0,1.0
reacher,0.001,1e-08,block,10,False,0.45387170270916155,1.0,,1.0,1.0,1.0
reacher,0.001,1e-08,block,11,False,1.0,1.0,,1.0,1.0,0.26417155666885983
reacher,0.001,1e-08,block,12,False,1.0,1.0,,1.0,1.0,1.0
reacher,0.001,1e-08,block,13,False,1.0,1.0,,1.0,0.9661549026219174,1.0
reacher,0.001,1e-08,block,14,False,1.0,1.0,,1.0,1.0,1.0
reacher,0.001,1e-08,block,15,False,1.0,1.0,,1.0,1.0,1.0
reacher,0.001,1e-08,block,16,False,1.0,1.0,,1.0,1.0,1.0
reacher,0.001,1e-08,block,17,False,1.0,1.0,,1.0,0.41154206780600083,0.54806899887057
reacher,0.001,1e-08,block,18,False,1.0,0.06567549976105255,,1.0,0.30235231306218296,1.0
reacher,0.001,1e-08,block,19,False,1.0,0.08902572540874938,,1.0,1.0,1.0
reacher,0.001,1e-08,block,20,False,1.0,0.9297691410270479,,1.0,0.31878304034294147,1.0
reacher,0.001,1e-08,block,21,False,1.0,1.0,,1.0,1.0,0.06567549976105255
reacher,0.001,1e-08,block,22,False,1.0,1.0,,1.0,1.0,1.0
reacher,0.001,1e-08,block,23,False,0.028432961803971632,1.0,,1.0,0.6136485715976512,0.4429980555633106
reacher,0.001,1e-08,block,24,False,1.0,1.0,,1.0,1.0,1.0
reacher,0.001,1e-08,block,25,False,0.4993495343962692,0.3359001104577981,,1.0,0.3447209808811339,0.4323196508529323
reacher,0.001,1e-08,block,26,False,1.0,1.0,,1.0,1.0,1.0
reacher,0.001,1e-08,block,27,False,1.0,1.0,,1.0,1.0,1.0
reacher,0.001,1e-08,block,28,False,1.0,1.0,,1.0,0.9478546057840134,1.0
reacher,0.001,1e-08,block,29,False,0.573670120390602,1.0,,1.0,0.41154206780600083,0.7928855927742826
reacher,0.001,1e-08,block,30,False,1.0,1.0,,1.0,0.7608424948783319,1.0
reacher,0.001,1e-08,block,31,False,1.0,1.0,,1.0,1.0,1.0
reacher,0.001,1e-08,block,32,False,1.0,1.0,,1.0,1.0,1.0
reacher,0.001,1e-08,block,33,False,0.9478546057840134,1.0,,1.0,1.0,0.6699350862952114
reacher,0.001,1e-08,block,34,False,1.0,1.0,,1.0,1.0,1.0
reacher,0.001,1e-08,block,35,False,0.2500140657696214,1.0,,1.0,1.0,1.0
reacher,0.001,1e-08,block,36,False,1.0,0.4429980555633106,,1.0,1.0,1.0
reacher,0.001,1e-08,block,37,False,1.0,1.0,,1.0,1.0,1.0
reacher,0.001,1e-08,block,38,False,1.0,0.2570152853541666,,1.0,1.0,1.0
reacher,0.001,1e-08,block,39,False,1.0,1.0,,1.0,1.0,1.0
reacher,0.001,1e-08,block,40,False,1.0,1.0,,1.0,1.0,1.0
reacher,0.001,1e-08,block,41,False,0.6555415871341469,1.0,,1.0,0.4649421660487127,1.0
reacher,0.001,1e-08,block,42,False,1.0,0.07789320058397385,,1.0,1.0,0.4649421660487127
reacher,0.001,1e-08,block,43,False,1.0,1.0,,1.0,1.0,1.0
reacher,0.001,1e-08,block,44,False,1.0,1.0,,1.0,0.3359001104577981,0.3915255624996303
reacher,0.001,1e-08,block,45,False,1.0,0.42183487331696773,,1.0,0.09508334264701396,1.0
reacher,0.001,1e-08,block,46,False,1.0,1.0,,1.0,1.0,1.0
reacher,0.001,1e-08,block,47,False,0.3915255624996303,1.0,,1.0,1.0,1.0
reacher,0.001,1e-08,block,48,False,1.0,1.0,,1.0,1.0,1.0
reacher,0.001,1e-08,block,49,False,0.45387170270916155,1.0,,1.0,0.016369968224672075,1.0
reacher,0.001,1e-08,block,50,False,1.0,1.0,,1.0,1.0,1.0
reacher,0.001,1e-08,block,51,False,0.3722561572259152,1.0,,1.0,1.0,1.0
reacher,0.001,1e-08,block,52,False,1.0,1.0,,1.0,1.0,1.0
reacher,0.001,1e-08,block,53,False,0.7608424948783319,1.0,,1.0,0.11177849309878132,1.0
reacher,0.001,1e-08,block,54,False,1.0,1.0,,1.0,1.0,0.02632865050366863
reacher,0.001,1e-08,block,55,False,1.0,1.0,,1.0,1.0,1.0
reacher,0.001,1e-08,block,56,False,0.2865917775265695,1.0,,1.0,1.0,1.0
reacher,0.001,1e-08,block,57,False,1.0,1.0,,1.0,1.0,1.0
reacher,0.001,1e-08,block,58,False,1.0,1.0,,1.0,0.8942454222225573,1.0
reacher,0.001,1e-08,block,59,False,1.0,1.0,,1.0,1.0,0.26417155666885983
reacher,0.001,1e-08,block,60,False,1.0,1.0,,1.0,1.0,1.0
reacher,0.001,1e-08,block,61,False,1.0,1.0,,1.0,1.0,1.0
reacher,0.001,1e-08,block,62,False,1.0,0.45387170270916155,,1.0,1.0,1.0
reacher,0.001,1e-08,block,63,False,1.0,1.0,,1.0,1.0,1.0
reacher,0.001,1e-08,block,64,False,1.0,1.0,,1.0,1.0,1.0
reacher,0.001,1e-08,block,65,False,1.0,1.0,,1.0,0.4876796191470445,1.0
reacher,0.001,1e-08,block,66,False,1.0,1.0,,1.0,0.4429980555633106,0.271484994921999
reacher,0.001,1e-08,block,67,False,0.15264059662275142,1.0,,1.0,1.0,1.0
reacher,0.001,1e-08,block,68,False,1.0,0.41154206780600083,,1.0,1.0,0.41154206780600083
reacher,0.001,1e-08,block,69,False,1.0,1.0,,1.0,0.022531130417049672,1.0
reacher,0.001,1e-08,block,70,False,0.7767550062574893,1.0,,1.0,0.35371933898958596,1.0
reacher,0.001,1e-08,block,71,False,1.0,1.0,,1.0,1.0,0.31878304034294147
reacher,0.001,1e-08,block,72,False,1.0,1.0,,1.0,0.40143954089596146,1.0
reacher,0.001,1e-08,block,73,False,1.0,1.0,,1.0,1.0,1.0
reacher,0.001,1e-08,block,74,False,1.0,1.0,,1.0,1.0,1.0
reacher,0.001,1e-08,block,75,False,1.0,1.0,,1.0,0.03309422726664917,1.0
reacher,0.001,1e-08,block,76,False,1.0,1.0,,1.0,1.0,1.0
reacher,0.001,1e-08,block,77,False,1.0,0.8092342953647003,,1.0,1.0,1.0
reacher,0.001,1e-08,block,78,False,1.0,1.0,,1.0,1.0,1.0
reacher,0.001,1e-08,block,79,False,1.0,1.0,,1.0,1.0,1.0
reacher,0.001,1e-08,block,80,False,1.0,1.0,,1.0,1.0,1.0
reacher,0.001,1e-08,block,81,False,0.08055795871544738,1.0,,1.0,1.0,1.0
reacher,0.001,1e-08,block,82,False,1.0,0.6273990582878839,,1.0,1.0,1.0
reacher,0.001,1e-08,block,83,False,0.14806393167806503,0.40143954089596146,,1.0,1.0,1.0
reacher,0.001,1e-08,block,84,False,1.0,1.0,,1.0,1.0,0.3447209808811339
reacher,0.001,1e-08,block,85,False,0.3722561572259152,1.0,,1.0,1.0,1.0
reacher,0.001,1e-08,block,86,False,0.8092342953647003,1.0,,1.0,0.2500140657696214,1.0
reacher,0.001,1e-08,block,87,False,1.0,1.0,,1.0,1.0,1.0
reacher,0.001,1e-08,block,88,False,1.0,1.0,,1.0,1.0,0.7296711472092923
reacher,0.001,1e-08,block,89,False,1.0,1.0,,1.0,1.0,0.12293553495862927
reacher,0.001,1e-08,block,90,False,1.0,1.0,,1.0,1.0,1.0
reacher,0.001,1e-08,block,91,False,1.0,0.2431657732396064,,1.0,1.0,1.0
reacher,0.001,1e-08,block,92,False,0.6413631429346967,0.7451479401611318,,1.0,1.0,1.0
reacher,0.001,1e-08,block,93,False,1.0,1.0,,1.0,1.0,0.8595883235072879
reacher,0.001,1e-08,block,94,False,1.0,0.5607651358643823,,1.0,0.9118992083644375,1.0
reacher,0.001,1e-08,block,95,False,0.4323196508529323,1.0,,1.0,0.051370554789317645,1.0
reacher,0.001,1e-08,block,96,False,1.0,1.0,,1.0,1.0,1.0
reacher,0.001,1e-08,block,97,False,1.0,1.0,,1.0,1.0,1.0
reacher,0.001,1e-08,block,98,False,0.6413631429346967,1.0,,1.0,1.0,1.0
reacher,0.001,1e-08,block,99,False,1.0,0.36289710130330133,,1.0,0.41154206780600083,1.0
reacher,0.001,1e-08,block,100,False,0.9661549026219174,0.8425858183875765,,1.0,1.0,1.0
reacher,0.001,1e-08,block,101,False,1.0,1.0,,1.0,1.0,0.3272547856416052
reacher,0.001,1e-08,block,102,False,1.0,1.0,,1.0,1.0,1.0
reacher,0.001,1e-08,block,103,False,0.31878304034294147,1.0,,1.0,0.6001108564960861,1.0
reacher,0.001,1e-08,block,104,False,1.0,1.0,,1.0,1.0,1.0
reacher,0.001,1e-08,block,105,False,0.9297691410270479,0.36289710130330133,,1.0,1.0,1.0
reacher,0.001,1e-08,block,106,False,1.0,1.0,,1.0,1.0,1.0
reacher,0.001,1e-08,block,107,False,1.0,1.0,,1.0,0.13925193796322732,1.0
reacher,0.001,1e-08,block,108,False,1.0,1.0,,1.0,1.0,1.0
reacher,0.001,1e-08,block,109,False,1.0,1.0,,1.0,1.0,1.0
reacher,0.001,1e-08,block,110,False,1.0,1.0,,1.0,1.0,1.0
reacher,0.001,1e-08,block,111,False,1.0,1.0,,1.0,1.0,1.0
reacher,0.001,1e-08,block,112,False,1.0,1.0,,1.0,1.0,0.6845442682509267
reacher,0.001,1e-08,block,113,False,1.0,1.0,,1.0,1.0,0.4993495343962692
reacher,0.001,1e-08,block,114,False,1.0,1.0,,1.0,1.0,1.0
reacher,0.001,1e-08,block,115,False,1.0,1.0,,1.0,0.3722561572259152,1.0
reacher,0.001,1e-08,block,116,False,1.0,1.0,,1.0,1.0,1.0
reacher,0.001,1e-08,block,117,False,1.0,1.0,,1.0,1.0,1.0
reacher,0.001,1e-08,block,118,False,1.0,1.0,,1.0,1.0,1.0
reacher,0.001,1e-08,block,119,False,1.0,1.0,,1.0,1.0,1.0
reacher,0.001,1e-08,block,120,False,1.0,1.0,,1.0,1.0,1.0
reacher,0.001,1e-08,block,121,False,1.0,1.0,,1.0,0.3104828859931134,1.0
reacher,0.001,1e-08,block,122,False,1.0,1.0,,1.0,1.0,1.0
reacher,0.001,1e-08,block,123,False,1.0,1.0,,1.0,0.45387170270916155,1.0
reacher,0.001,1e-08,block,124,False,1.0,1.0,,1.0,1.0,1.0
reacher,0.001,1e-08,block,125,False,1.0,1.0,,1.0,0.9297691410270479,1.0
reacher,0.001,1e-08,block,126,False,1.0,1.0,,1.0,1.0,1.0
reacher,0.001,1e-08,block,127,False,1.0,1.0,,1.0,1.0,0.31878304034294147
reacher,0.001,1e-08,block,128,False,1.0,1.0,,1.0,1.0,1.0
reacher,0.001,1e-08,block,129,False,1.0,0.7451479401611318,,1.0,1.0,0.7767550062574893
reacher,0.001,1e-08,block,130,False,1.0,0.4649421660487127,,1.0,1.0,1.0
reacher,0.001,1e-08,block,131,False,1.0,1.0,,1.0,0.22351709723647442,1.0
reacher,0.001,1e-08,block,132,False,1.0,0.11177849309878132,,1.0,1.0,1.0
reacher,0.001,1e-08,block,133,False,1.0,1.0,,1.0,1.0,0.06797716095810785
reacher,0.001,1e-08,block,134,False,0.573670120390602,1.0,,1.0,0.3722561572259152,1.0
reacher,0.001,1e-08,block,135,False,1.0,1.0,,1.0,0.23646827496361472,1.0
reacher,0.001,1e-08,block,136,False,1.0,0.03309422726664917,,1.0,0.5607651358643823,1.0
reacher,0.001,1e-08,block,137,False,1.0,1.0,,1.0,1.0,1.0
reacher,0.001,1e-08,block,138,False,1.0,0.08902572540874938,,1.0,1.0,1.0
reacher,0.001,1e-08,block,139,False,1.0,1.0,,1.0,1.0,1.0
reacher,0.001,1e-08,block,140,False,1.0,0.8595883235072879,,1.0,1.0,1.0
reacher,0.001,1e-08,block,141,False,1.0,1.0,,1.0,1.0,1.0
reacher,0.001,1e-08,block,142,False,1.0,1.0,,1.0,1.0,1.0
reacher,0.001,1e-08,block,143,True,0.008370104023745075,0.54806899887057,,1.0,1.0,1.0
reacher,0.001,1e-08,block,144,False,0.6993696918975603,1.0,,1.0,1.0,0.13501246376058362
reacher,0.001,1e-08,block,145,False,0.6699350862952114,1.0,,1.0,1.0,1.0
reacher,0.001,1e-08,block,146,False,0.45387170270916155,1.0,,1.0,1.0,1.0
reacher,0.001,1e-08,block,147,False,1.0,1.0,,1.0,1.0,1.0
reacher,0.001,1e-08,block,148,False,1.0,1.0,,1.0,1.0,1.0
reacher,0.001,1e-08,block,149,False,1.0,1.0,,1.0,0.8942454222225573,1.0
reacher,0.001,1e-08,block,150,False,1.0,0.9478546057840134,,1.0,1.0,1.0
reacher,0.001,1e-08,block,151,False,1.0,1.0,,1.0,1.0,1.0
reacher,0.001,1e-08,block,152,False,0.08612245110132294,1.0,,1.0,0.1268562944343818,0.5867850232833438
reacher,0.001,1e-08,block,153,False,1.0,1.0,,1.0,0.825801076347237,1.0
reacher,0.001,1e-08,block,154,False,0.23646827496361472,1.0,,1.0,1.0,1.0
reacher,0.001,1e-08,block,155,False,0.36289710130330133,0.10148798000214262,,1.0,0.4876796191470445,0.17213393662655022
reacher,0.001,1e-08,block,156,False,1.0,1.0,,1.0,1.0,1.0
reacher,0.001,1e-08,block,157,False,1.0,1.0,,1.0,1.0,1.0
reacher,0.001,1e-08,block,158,False,1.0,1.0,,1.0,1.0,1.0
reacher,0.001,1e-08,block,159,False,1.0,1.0,,1.0,1.0,1.0
reacher,0.001,1e-08,block,160,False,1.0,1.0,,1.0,1.0,1.0
reacher,0.001,1e-08,block,161,False,1.0,0.7451479401611318,,1.0,1.0,1.0
reacher,0.001,1e-08,block,162,False,1.0,1.0,,1.0,1.0,1.0
reacher,0.001,1e-08,block,163,False,1.0,1.0,,1.0,1.0,1.0
reacher,0.001,1e-08,block,164,False,1.0,1.0,,1.0,1.0,1.0
reacher,0.001,1e-08,block,165,False,1.0,1.0,,1.0,0.3104828859931134,1.0
reacher,0.001,1e-08,block,166,False,1.0,1.0,,1.0,0.2943892925610226,1.0
reacher,0.001,1e-08,block,167,False,1.0,0.6273990582878839,,1.0,1.0,1.0
reacher,0.001,1e-08,block,168,False,0.9478546057840134,1.0,,1.0,1.0,1.0
reacher,0.001,1e-08,block,169,False,1.0,1.0,,1.0,1.0,1.0
reacher,0.001,1e-08,block,170,False,1.0,0.06797716095810785,,1.0,1.0,1.0
reacher,0.001,1e-08,block,171,False,1.0,1.0,,1.0,0.9478546057840134,1.0
reacher,0.001,1e-08,block,172,False,1.0,1.0,,1.0,1.0,1.0
reacher,0.001,1e-08,block,173,False,1.0,1.0,,1.0,1.0,0.8092342953647003
reacher,0.001,1e-08,block,174,False,1.0,1.0,,1.0,1.0,1.0
reacher,0.001,1e-08,block,175,False,1.0,0.7608424948783319,,1.0,1.0,1.0
reacher,0.001,1e-08,block,176,False,0.015088451284764456,0.21114335719518934,,1.0,0.2943892925610226,0.7451479401611318
reacher,0.001,1e-08,block,177,False,0.5867850232833438,0.6273990582878839,,1.0,1.0,0.7144118458634691
reacher,0.001,1e-08,block,178,False,1.0,1.0,,1.0,1.0,1.0
reacher,0.001,1e-08,block,179,False,1.0,1.0,,1.0,1.0,1.0
reacher,0.001,1e-08,block,180,False,1.0,1.0,,1.0,1.0,0.2865917775265695
reacher,0.001,1e-08,block,181,False,1.0,0.13501246376058362,,1.0,1.0,0.05712960201522223
reacher,0.001,1e-08,block,182,False,1.0,1.0,,1.0,1.0,1.0
reacher,0.001,1e-08,block,183,False,1.0,1.0,,1.0,0.06344149947272618,1.0
reacher,0.001,1e-08,block,184,False,1.0,1.0,,1.0,0.38179836747454005,1.0
reacher,0.001,1e-08,block,185,False,1.0,1.0,,1.0,1.0,1.0
reacher,0.001,1e-08,block,186,False,1.0,1.0,,1.0,1.0,1.0
reacher,0.001,1e-08,block,187,False,0.271484994921999,1.0,,1.0,1.0,1.0
reacher,0.001,1e-08,block,188,False,1.0,1.0,,1.0,1.0,1.0
reacher,0.001,1e-08,block,189,False,1.0,0.36289710130330133,,1.0,0.9297691410270479,1.0
reacher,0.001,1e-08,block,190,False,1.0,1.0,,1.0,1.0,1.0
reacher,0.001,1e-08,block,191,False,1.0,1.0,,1.0,1.0,1.0
reacher,0.001,1e-08,block,192,False,1.0,1.0,,1.0,1.0,1.0
reacher,0.001,1e-08,block,193,False,1.0,1.0,,1.0,1.0,1.0
reacher,0.001,1e-08,block,194,False,1.0,1.0,,1.0,0.9846692452967034,1.0
reacher,0.001,1e-08,block,195,False,1.0,0.8595883235072879,,1.0,1.0,1.0
reacher,0.001,1e-08,block,196,False,0.6001108564960861,1.0,,1.0,1.0,1.0
reacher,0.001,1e-08,block,197,False,0.5355805812164784,1.0,,1.0,1.0,0.6273990582878839
reacher,0.001,1e-08,block,198,False,0.06797716095810785,1.0,,1.0,1.0,0.5867850232833438
reacher,0.001,1e-08,block,199,False,0.4649421660487127,1.0,,1.0,0.26417155666885983,1.0
reacher,0.001,1e-08,block,200,False,1.0,1.0,,1.0,1.0,1.0
reacher,0.001,1e-08,block,201,False,1.0,1.0,,1.0,1.0,1.0
reacher,0.001,1e-08,block,202,False,1.0,1.0,,1.0,1.0,1.0
reacher,0.001,1e-08,block,203,False,1.0,0.10148798000214262,,1.0,1.0,0.6993696918975603
reacher,0.001,1e-08,block,204,False,0.18262225292310297,1.0,,1.0,1.0,0.08330045586462996
reacher,0.001,1e-08,block,205,False,1.0,1.0,,1.0,1.0,1.0
reacher,0.001,1e-08,block,206,False,0.8425858183875765,0.825801076347237,,1.0,1.0,1.0
reacher,0.001,1e-08,block,207,False,1.0,1.0,,1.0,1.0,0.6993696918975603
reacher,0.001,1e-08,block,208,False,1.0,1.0,,1.0,1.0,1.0
reacher,0.001,1e-08,block,209,False,1.0,1.0,,1.0,1.0,1.0
reacher,0.001,1e-08,block,210,False,1.0,1.0,,1.0,1.0,0.6555415871341469
reacher,0.001,1e-08,block,211,False,1.0,1.0,,1.0,0.5607651358643823,1.0
reacher,0.001,1e-08,block,212,False,1.0,1.0,,1.0,1.0,1.0
reacher,0.001,1e-08,block,213,False,1.0,1.0,,1.0,1.0,1.0
reacher,0.001,1e-08,block,214,False,1.0,1.0,,1.0,1.0,1.0
reacher,0.001,1e-08,block,215,False,0.54806899887057,1.0,,1.0,1.0,1.0
reacher,0.001,1e-08,block,216,False,1.0,0.3359001104577981,,1.0,1.0,1.0
reacher,0.001,1e-08,block,217,False,1.0,1.0,,1.0,1.0,0.22351709723647442
reacher,0.001,1e-08,block,218,False,1.0,1.0,,1.0,1.0,1.0
reacher,0.001,1e-08,block,219,False,1.0,1.0,,1.0,1.0,1.0
reacher,0.001,1e-08,block,220,False,1.0,1.0,,1.0,0.825801076347237,1.0
reacher,0.001,1e-08,block,221,False,1.0,1.0,,1.0,1.0,1.0
reacher,0.001,1e-08,block,222,False,1.0,1.0,,1.0,1.0,0.4323196508529323
reacher,0.001,1e-08,block,223,False,0.2943892925610226,1.0,,1.0,1.0,1.0
reacher,0.001,1e-08,block,224,False,1.0,0.7767550062574893,,1.0,1.0,0.8942454222225573
reacher,0.001,1e-08,block,225,False,1.0,1.0,,1.0,1.0,1.0
reacher,0.001,1e-08,block,226,False,1.0,1.0,,1.0,1.0,1.0
reacher,0.001,1e-08,block,227,False,1.0,0.573670120390602,,1.0,1.0,1.0
reacher,0.001,1e-08,block,228,False,0.271484994921999,1.0,,1.0,1.0,0.825801076347237
reacher,0.001,1e-08,block,229,False,1.0,1.0,,1.0,1.0,0.4993495343962692
reacher,0.001,1e-08,block,230,False,1.0,1.0,,1.0,1.0,1.0
reacher,0.001,1e-08,block,231,False,1.0,1.0,,1.0,1.0,1.0
reacher,0.001,1e-08,block,232,False,1.0,1.0,,1.0,0.7451479401611318,1.0
reacher,0.001,1e-08,block,233,False,1.0,1.0,,1.0,1.0,1.0
reacher,0.001,1e-08,block,234,False,1.0,1.0,,1.0,1.0,1.0
reacher,0.001,1e-08,block,235,False,0.08902572540874938,0.8092342953647003,,1.0,0.3359001104577981,1.0
reacher,0.001,1e-08,block,236,False,1.0,1.0,,1.0,1.0,1.0
reacher,0.001,1e-08,block,237,False,0.6413631429346967,1.0,,1.0,1.0,1.0
reacher,0.001,1e-08,block,238,False,1.0,1.0,,1.0,1.0,1.0
reacher,0.001,1e-08,block,239,False,1.0,1.0,,1.0,1.0,1.0
reacher,0.001,1e-08,block,240,False,0.08055795871544738,0.5232986988893051,,1.0,0.825801076347237,0.7767550062574893
reacher,0.001,1e-08,block,241,False,1.0,1.0,,1.0,1.0,1.0
reacher,0.001,1e-08,block,242,False,0.1880592863803951,1.0,,1.0,1.0,0.12293553495862927
reacher,0.001,1e-08,block,243,False,1.0,1.0,,1.0,1.0,1.0
reacher,0.001,1e-08,block,244,False,1.0,1.0,,1.0,1.0,1.0
reacher,0.001,1e-08,block,245,False,1.0,1.0,,1.0,1.0,1.0
reacher,0.001,1e-08,block,246,False,1.0,1.0,,1.0,0.4876796191470445,1.0
reacher,0.001,1e-08,block,247,False,1.0,1.0,,1.0,0.2570152853541666,1.0
reacher,0.001,1e-08,block,248,False,1.0,1.0,,1.0,1.0,0.4762109762235614
reacher,0.001,1e-08,block,249,False,1.0,1.0,,1.0,1.0,1.0
reacher,0.001,1e-08,block,250,False,1.0,1.0,,1.0,1.0,0.5232986988893051
reacher,0.001,1e-08,block,251,False,1.0,1.0,,1.0,1.0,1.0
reacher,0.001,1e-08,block,252,False,1.0,1.0,,1.0,1.0,1.0
reacher,0.001,1e-08,block,253,False,1.0,1.0,,1.0,1.0,1.0
reacher,0.001,1e-08,block,254,False,1.0,1.0,,1.0,1.0,1.0
reacher,0.001,1e-08,block,255,False,1.0,1.0,,1.0,1.0,1.0
reacher,0.001,1e-08,block,256,False,1.0,0.573670120390602,,1.0,1.0,1.0
reacher,0.001,1e-08,block,257,False,0.5112221136093356,1.0,,1.0,0.7928855927742826,1.0
reacher,0.001,1e-08,block,258,False,1.0,1.0,,1.0,0.6273990582878839,0.06344149947272618
reacher,0.001,1e-08,block,259,False,1.0,1.0,,1.0,1.0,1.0
reacher,0.001,1e-08,block,260,False,1.0,1.0,,1.0,1.0,1.0
reacher,0.001,1e-08,block,261,False,0.9846692452967034,1.0,,1.0,1.0,1.0
reacher,0.001,1e-08,block,262,False,1.0,1.0,,1.0,1.0,1.0
reacher,0.001,1e-08,block,263,False,0.3722561572259152,1.0,,1.0,0.6845442682509267,0.5607651358643823
reacher,0.001,1e-08,block,264,False,1.0,1.0,,1.0,1.0,1.0
reacher,0.001,1e-08,block,265,False,1.0,1.0,,1.0,1.0,1.0
reacher,0.001,1e-08,block,266,False,1.0,1.0,,1.0,0.6845442682509267,0.3359001104577981
reacher,0.001,1e-08,block,267,False,0.7608424948783319,1.0,,1.0,1.0,0.7928855927742826
reacher,0.001,1e-08,block,268,False,1.0,1.0,,1.0,0.35371933898958596,1.0
reacher,0.001,1e-08,block,269,False,1.0,1.0,,1.0,1.0,1.0
reacher,0.001,1e-08,block,270,False,0.4323196508529323,1.0,,1.0,0.3104828859931134,1.0
reacher,0.001,1e-08,block,271,True,1.0,1.0,,1.0,0.0070307722318101945,1.0
reacher,0.001,1e-08,block,272,False,1.0,1.0,,1.0,1.0,1.0
reacher,0.001,1e-08,block,273,False,0.825801076347237,0.6136485715976512,,1.0,1.0,1.0
reacher,0.001,1e-08,block,274,False,1.0,1.0,,1.0,1.0,1.0
reacher,0.001,1e-08,block,275,False,1.0,1.0,,1.0,1.0,1.0
reacher,0.001,1e-08,block,276,False,1.0,1.0,,1.0,1.0,0.17731451657929317
reacher,0.001,1e-08,block,277,False,1.0,1.0,,1.0,1.0,1.0
reacher,0.001,1e-08,block,278,False,1.0,0.8595883235072879,,1.0,1.0,1.0
reacher,0.001,1e-08,block,279,False,1.0,1.0,,1.0,0.38179836747454005,1.0
reacher,0.001,1e-08,block,280,False,1.0,0.35371933898958596,,1.0,1.0,1.0
reacher,0.001,1e-08,block,281,False,1.0,1.0,,1.0,1.0,1.0
reacher,0.001,1e-08,block,282,False,1.0,0.42183487331696773,,1.0,1.0,1.0
reacher,0.001,1e-08,block,283,False,1.0,1.0,,1.0,1.0,1.0
reacher,0.001,1e-08,block,284,False,1.0,1.0,,1.0,1.0,1.0
reacher,0.001,1e-08,block,285,False,1.0,1.0,,1.0,1.0,1.0
reacher,0.001,1e-08,block,286,False,1.0,1.0,,1.0,1.0,1.0
reacher,0.001,1e-08,block,287,False,1.0,0.9118992083644375,,1.0,1.0,1.0
reacher,0.001,1e-08,block,288,True,1.0,0.0053855288493740066,,1.0,1.0,1.0
reacher,0.001,1e-08,block,289,False,1.0,1.0,,1.0,0.8942454222225573,0.10482510586269221
reacher,0.001,1e-08,block,290,False,1.0,0.5867850232833438,,1.0,0.05323131305846246,1.0
reacher,0.001,1e-08,block,291,False,0.7608424948783319,1.0,,1.0,1.0,1.0
reacher,0.001,1e-08,block,292,False,1.0,1.0,,1.0,1.0,1.0
reacher,0.001,1e-08,block,293,False,1.0,0.42183487331696773,,1.0,1.0,1.0
reacher,0.001,1e-08,block,294,False,0.8425858183875765,1.0,,1.0,1.0,0.9661549026219174
reacher,0.001,1e-08,block,295,False,1.0,0.6993696918975603,,1.0,1.0,1.0
reacher,0.001,1e-08,block,296,False,1.0,1.0,,1.0,0.3447209808811339,0.3915255624996303
reacher,0.001,1e-08,block,297,False,1.0,1.0,,1.0,1.0,1.0
reacher,0.001,1e-08,block,298,False,1.0,0.4429980555633106,,1.0,1.0,1.0
reacher,0.001,1e-08,block,299,False,1.0,1.0,,1.0,1.0,1.0
reacher,0.001,1e-08,block,300,False,1.0,1.0,,1.0,1.0,1.0
reacher,0.001,1e-08,block,301,False,1.0,1.0,,1.0,0.9297691410270479,1.0
reacher,0.001,1e-08,block,302,False,1.0,1.0,,1.0,1.0,1.0
reacher,0.001,1e-08,block,303,False,0.42183487331696773,0.6555415871341469,,1.0,1.0,0.31878304034294147
reacher,0.001,1e-08,block,304,False,0.7928855927742826,1.0,,1.0,1.0,1.0
reacher,0.001,1e-08,block,305,False,1.0,0.45387170270916155,,1.0,1.0,1.0
reacher,0.001,1e-08,block,306,False,1.0,0.36289710130330133,,1.0,1.0,1.0
reacher,0.001,1e-08,block,307,False,1.0,0.9297691410270479,,1.0,1.0,1.0
reacher,0.001,1e-08,block,308,False,1.0,1.0,,1.0,1.0,1.0
reacher,0.001,1e-08,block,309,False,1.0,1.0,,1.0,1.0,1.0
reacher,0.001,1e-08,block,310,False,1.0,1.0,,1.0,1.0,1.0
reacher,0.001,1e-08,block,311,False,0.45387170270916155,1.0,,1.0,1.0,1.0
reacher,0.001,1e-08,block,312,False,0.36289710130330133,0.3272547856416052,,1.0,1.0,1.0
reacher,0.001,1e-08,block,313,False,1.0,1.0,,1.0,1.0,0.7608424948783319
reacher,0.001,1e-08,block,314,False,1.0,1.0,,1.0,1.0,1.0
reacher,0.001,1e-08,block,315,False,1.0,1.0,,1.0,0.5355805812164784,1.0
reacher,0.001,1e-08,block,316,False,0.1153986194655702,1.0,,1.0,0.8768083121380066,1.0
reacher,0.001,1e-08,block,317,False,1.0,0.1670783783316318,,1.0,1.0,1.0
reacher,0.001,1e-08,block,318,False,1.0,0.22351709723647442,,1.0,1.0,1.0
reacher,0.001,1e-08,block,319,False,1.0,1.0,,1.0,1.0,1.0
reacher,0.001,1e-08,block,320,False,1.0,1.0,,1.0,1.0,0.7144118458634691
reacher,0.001,1e-08,block,321,False,1.0,1.0,,1.0,1.0,1.0
reacher,0.001,1e-08,block,322,False,1.0,1.0,,1.0,1.0,0.41154206780600083
reacher,0.001,1e-08,block,323,False,1.0,1.0,,1.0,1.0,1.0
reacher,0.001,1e-08,block,324,False,1.0,1.0,,1.0,1.0,1.0
reacher,0.001,1e-08,block,325,False,1.0,1.0,,1.0,1.0,1.0
reacher,0.001,1e-08,block,326,False,1.0,1.0,,1.0,1.0,1.0
reacher,0.001,1e-08,block,327,False,1.0,1.0,,1.0,0.09201208133970196,0.7608424948783319
reacher,0.001,1e-08,block,328,False,1.0,0.42183487331696773,,1.0,1.0,1.0
reacher,0.001,1e-08,block,329,False,1.0,1.0,,1.0,0.7767550062574893,0.9661549026219174
reacher,0.001,1e-08,block,330,False,1.0,1.0,,1.0,1.0,0.9478546057840134
reacher,0.001,1e-08,block,331,False,1.0,0.4876796191470445,,1.0,1.0,1.0
reacher,0.001,1e-08,block,332,False,0.6413631429346967,1.0,,1.0,1.0,0.7608424948783319
reacher,0.001,1e-08,block,333,False,1.0,0.3915255624996303,,1.0,0.5607651358643823,0.2943892925610226
reacher,0.001,1e-08,block,334,False,1.0,1.0,,1.0,1.0,1.0
reacher,0.001,1e-08,block,335,False,1.0,1.0,,1.0,1.0,1.0
reacher,0.001,1e-08,block,336,False,1.0,1.0,,1.0,0.07530444463241773,1.0
reacher,0.001,1e-08,block,337,False,1.0,1.0,,1.0,0.06344149947272618,1.0
reacher,0.001,1e-08,block,338,False,1.0,1.0,,1.0,0.3722561572259152,1.0
reacher,0.001,1e-08,block,339,False,1.0,1.0,,1.0,1.0,1.0
reacher,0.001,1e-08,block,340,False,1.0,1.0,,1.0,1.0,0.5355805812164784
reacher,0.001,1e-08,block,341,False,0.6136485715976512,1.0,,1.0,1.0,1.0
reacher,0.001,1e-08,block,342,False,1.0,1.0,,1.0,1.0,0.4323196508529323
reacher,0.001,1e-08,block,343,False,1.0,1.0,,1.0,1.0,1.0
reacher,0.001,1e-08,block,344,False,1.0,1.0,,1.0,1.0,1.0
reacher,0.001,1e-08,block,345,False,1.0,1.0,,1.0,1.0,1.0
reacher,0.001,1e-08,block,346,False,0.573670120390602,1.0,,1.0,1.0,0.7451479401611318
reacher,0.001,1e-08,block,347,False,1.0,1.0,,1.0,1.0,1.0
reacher,0.001,1e-08,block,348,False,0.7296711472092923,1.0,,1.0,1.0,1.0
reacher,0.001,1e-08,block,349,False,1.0,0.019230486667899907,,1.0,1.0,1.0
reacher,0.001,1e-08,block,350,False,1.0,1.0,,1.0,1.0,1.0
reacher,0.001,1e-08,block,351,False,0.5112221136093356,1.0,,1.0,0.5355805812164784,1.0
reacher,0.001,1e-08,block,352,False,0.9661549026219174,1.0,,1.0,1.0,1.0
reacher,0.001,1e-08,block,353,False,1.0,0.5232986988893051,,1.0,1.0,0.41154206780600083
reacher,0.001,1e-08,block,354,False,1.0,1.0,,1.0,1.0,1.0
reacher,0.001,1e-08,block,355,False,1.0,1.0,,1.0,0.35371933898958596,1.0
reacher,0.001,1e-08,block,356,False,1.0,1.0,,1.0,0.8768083121380066,1.0
reacher,0.001,1e-08,block,357,False,1.0,1.0,,1.0,1.0,1.0
reacher,0.001,1e-08,block,358,False,0.4762109762235614,1.0,,1.0,1.0,1.0
reacher,0.001,1e-08,block,359,False,1.0,1.0,,1.0,1.0,0.7451479401611318
reacher,0.001,1e-08,block,360,False,1.0,0.2570152853541666,,1.0,0.038418669083860546,1.0
reacher,0.001,1e-08,block,361,False,1.0,1.0,,1.0,1.0,1.0
reacher,0.001,1e-08,block,362,False,1.0,1.0,,1.0,1.0,1.0
reacher,0.001,1e-08,block,363,False,1.0,1.0,,1.0,1.0,1.0
reacher,0.001,1e-08,block,364,False,1.0,0.27895770448930335,,1.0,1.0,1.0
reacher,0.001,1e-08,block,365,False,1.0,1.0,,1.0,1.0,1.0
reacher,0.001,1e-08,block,366,False,1.0,1.0,,1.0,1.0,1.0
reacher,0.001,1e-08,block,367,False,0.4876796191470445,1.0,,1.0,1.0,1.0
reacher,0.001,1e-08,block,368,False,1.0,0.30235231306218296,,1.0,0.1153986194655702,1.0
reacher,0.001,1e-08,block,369,False,1.0,0.7144118458634691,,1.0,1.0,1.0
reacher,0.001,1e-08,block,370,False,0.08612245110132294,1.0,,1.0,1.0,1.0
reacher,0.001,1e-08,block,371,False,1.0,1.0,,1.0,0.6136485715976512,1.0
reacher,0.001,1e-08,block,372,False,1.0,1.0,,1.0,1.0,1.0
reacher,0.001,1e-08,block,373,False,0.2570152853541666,1.0,,1.0,1.0,0.3722561572259152
reacher,0.001,1e-08,block,374,False,1.0,0.5867850232833438,,1.0,1.0,1.0
reacher,0.001,1e-08,block,375,False,1.0,1.0,,1.0,1.0,1.0
reacher,0.001,1e-08,block,376,False,1.0,1.0,,1.0,0.21114335719518934,1.0
reacher,0.001,1e-08,block,377,False,1.0,1.0,,1.0,1.0,1.0
reacher,0.001,1e-08,block,378,False,1.0,1.0,,1.0,1.0,1.0
reacher,0.001,1e-08,block,379,False,1.0,1.0,,1.0,0.7767550062574893,1.0
reacher,0.001,1e-08,block,380,False,1.0,1.0,,1.0,1.0,1.0
reacher,0.001,1e-08,block,381,False,0.11911697447043339,0.6993696918975603,,1.0,1.0,1.0
reacher,0.001,1e-08,block,382,False,1.0,1.0,,1.0,1.0,0.4649421660487127
reacher,0.001,1e-08,block,383,False,1.0,1.0,,1.0,1.0,1.0
reacher,0.001,1e-08,block,384,False,1.0,1.0,,1.0,1.0,1.0
reacher,0.001,1e-08,block,385,False,1.0,1.0,,1.0,1.0,0.6273990582878839
reacher,0.001,1e-08,block,386,False,1.0,1.0,,1.0,1.0,1.0
reacher,0.001,1e-08,block,387,False,0.13088126241575854,1.0,,1.0,1.0,1.0
reacher,0.001,1e-08,block,388,False,1.0,1.0,,1.0,1.0,1.0
reacher,0.001,1e-08,block,389,False,1.0,1.0,,1.0,1.0,1.0
reacher,0.001,1e-08,block,390,False,1.0,1.0,,1.0,0.9846692452967034,1.0
reacher,0.001,1e-08,block,391,False,1.0,1.0,,1.0,1.0,1.0
reacher,0.001,1e-08,block,392,False,1.0,0.6699350862952114,,1.0,0.4649421660487127,1.0
reacher,0.001,1e-08,block,393,False,1.0,1.0,,1.0,1.0,1.0
reacher,0.001,1e-08,block,394,False,0.8425858183875765,1.0,,1.0,1.0,1.0
reacher,0.001,1e-08,block,395,False,1.0,1.0,,1.0,1.0,0.11177849309878132
reacher,0.001,1e-08,block,396,False,0.4649421660487127,1.0,,1.0,1.0,1.0
reacher,0.001,1e-08,block,397,False,1.0,0.07034810481608827,,1.0,1.0,1.0
reacher,0.001,1e-08,block,398,False,1.0,1.0,,1.0,1.0,1.0
reacher,0.001,1e-08,block,399,False,1.0,1.0,,1.0,1.0,0.825801076347237
reacher,0.001,1e-08,block,400,False,1.0,0.06344149947272618,,1.0,1.0,1.0
reacher,0.001,1e-08,block,401,False,1.0,1.0,,1.0,0.027362834899949805,1.0
reacher,0.001,1e-08,block,402,False,1.0,0.9846692452967034,,1.0,1.0,0.8942454222225573
reacher,0.001,1e-08,block,403,False,0.2431657732396064,1.0,,1.0,1.0,1.0
reacher,0.001,1e-08,block,404,False,1.0,0.1993298312902159,,1.0,0.9297691410270479,1.0
reacher,0.001,1e-08,block,405,False,1.0,1.0,,1.0,1.0,1.0
reacher,0.001,1e-08,block,406,False,1.0,1.0,,1.0,0.1268562944343818,1.0
reacher,0.001,1e-08,block,407,False,1.0,1.0,,1.0,1.0,1.0
reacher,0.001,1e-08,block,408,False,0.35371933898958596,1.0,,1.0,1.0,1.0
reacher,0.001,1e-08,block,409,False,0.1993298312902159,0.6136485715976512,,1.0,1.0,1.0
reacher,0.001,1e-08,block,410,False,1.0,1.0,,1.0,1.0,1.0
reacher,0.001,1e-08,block,411,False,0.08055795871544738,1.0,,1.0,1.0,1.0
reacher,0.001,1e-08,block,412,False,0.5232986988893051,1.0,,1.0,1.0,1.0
reacher,0.001,1e-08,block,413,False,0.051370554789317645,1.0,,1.0,1.0,1.0
reacher,0.001,1e-08,block,414,False,1.0,1.0,,1.0,1.0,1.0
reacher,0.001,1e-08,block,415,False,1.0,1.0,,1.0,1.0,0.45387170270916155
reacher,0.001,1e-08,block,416,False,1.0,1.0,,1.0,1.0,1.0
reacher,0.001,1e-08,block,417,False,1.0,0.40143954089596146,,1.0,1.0,1.0
reacher,0.001,1e-08,block,418,False,1.0,0.3447209808811339,,1.0,1.0,1.0
reacher,0.001,1e-08,block,419,False,0.14360173842214508,1.0,,1.0,1.0,1.0
reacher,0.001,1e-08,block,420,False,0.6273990582878839,1.0,,1.0,0.31878304034294147,1.0
reacher,0.001,1e-08,block,421,False,1.0,1.0,,1.0,1.0,1.0
reacher,0.001,1e-08,block,422,False,0.825801076347237,0.41154206780600083,,1.0,1.0,1.0
reacher,0.001,1e-08,block,423,False,1.0,1.0,,1.0,0.7767550062574893,1.0
reacher,0.001,1e-08,block,424,False,1.0,0.1880592863803951,,1.0,1.0,1.0
reacher,0.001,1e-08,block,425,False,1.0,1.0,,1.0,1.0,1.0
reacher,0.001,1e-08,block,426,False,1.0,1.0,,1.0,1.0,1.0
reacher,0.001,1e-08,block,427,False,1.0,1.0,,1.0,1.0,1.0
reacher,0.001,1e-08,block,428,False,1.0,1.0,,1.0,0.27895770448930335,1.0
reacher,0.001,1e-08,block,429,False,1.0,1.0,,1.0,1.0,1.0
reacher,0.001,1e-08,block,430,False,1.0,1.0,,1.0,1.0,1.0
reacher,0.001,1e-08,block,431,False,1.0,1.0,,1.0,1.0,0.7608424948783319
reacher,0.001,1e-08,block,432,False,1.0,1.0,,1.0,0.7608424948783319,1.0
reacher,0.001,1e-08,block,433,False,1.0,1.0,,1.0,1.0,1.0
reacher,0.001,1e-08,block,434,False,0.7296711472092923,1.0,,1.0,0.9118992083644375,1.0
reacher,0.001,1e-08,block,435,False,1.0,1.0,,1.0,1.0,0.9118992083644375
reacher,0.001,1e-08,block,436,False,1.0,1.0,,1.0,1.0,1.0
reacher,0.001,1e-08,block,437,False,1.0,1.0,,1.0,1.0,1.0
reacher,0.001,1e-08,block,438,False,0.573670120390602,1.0,,1.0,0.26417155666885983,1.0
reacher,0.001,1e-08,block,439,False,1.0,1.0,,1.0,0.2431657732396064,1.0
reacher,0.001,1e-08,block,440,False,1.0,1.0,,1.0,0.45387170270916155,1.0
reacher,0.001,1e-08,block,441,False,1.0,1.0,,1.0,0.5112221136093356,1.0
reacher,0.001,1e-08,block,442,False,0.7144118458634691,0.05515050279138067,,1.0,1.0,1.0
reacher,0.001,1e-08,block,443,False,1.0,1.0,,1.0,1.0,1.0
reacher,0.001,1e-08,block,444,False,1.0,1.0,,1.0,1.0,1.0
reacher,0.001,1e-08,block,445,False,1.0,1.0,,1.0,1.0,1.0
reacher,0.001,1e-08,block,446,False,1.0,1.0,,1.0,0.573670120390602,1.0
reacher,0.001,1e-08,block,447,False,1.0,1.0,,1.0,1.0,1.0
reacher,0.001,1e-08,block,448,False,1.0,1.0,,1.0,1.0,1.0
reacher,0.001,1e-08,block,449,False,1.0,1.0,,1.0,1.0,1.0
reacher,0.001,1e-08,block,450,False,1.0,1.0,,1.0,1.0,1.0
reacher,0.001,1e-08,block,451,False,1.0,1.0,,1.0,1.0,1.0
reacher,0.001,1e-08,block,452,False,0.7608424948783319,1.0,,1.0,1.0,1.0
reacher,0.001,1e-08,block,453,False,1.0,1.0,,1.0,1.0,1.0
reacher,0.001,1e-08,block,454,False,1.0,1.0,,1.0,1.0,1.0
reacher,0.001,1e-08,block,455,False,0.2865917775265695,1.0,,1.0,1.0,1.0
reacher,0.001,1e-08,block,456,False,0.5355805812164784,1.0,,1.0,1.0,1.0
reacher,0.001,1e-08,block,457,False,1.0,1.0,,1.0,1.0,1.0
reacher,0.001,1e-08,block,458,False,0.6273990582878839,1.0,,1.0,1.0,1.0
reacher,0.001,1e-08,block,459,False,1.0,0.8595883235072879,,1.0,1.0,1.0
reacher,0.001,1e-08,block,460,False,1.0,1.0,,1.0,0.8425858183875765,1.0
reacher,0.001,1e-08,block,461,False,0.7608424948783319,1.0,,1.0,1.0,1.0
reacher,0.001,1e-08,block,462,False,1.0,1.0,,1.0,1.0,1.0
reacher,0.001,1e-08,block,463,False,1.0,0.3359001104577981,,1.0,1.0,1.0
reacher,0.001,1e-08,block,464,False,1.0,1.0,,1.0,1.0,1.0
reacher,0.001,1e-08,block,465,False,1.0,1.0,,1.0,1.0,1.0
reacher,0.001,1e-08,block,466,False,1.0,0.40143954089596146,,1.0,0.19362776263740195,1.0
reacher,0.001,1e-08,block,467,False,0.9846692452967034,1.0,,1.0,1.0,0.6845442682509267
reacher,0.001,1e-08,block,468,False,1.0,1.0,,1.0,1.0,1.0
reacher,0.001,1e-08,block,469,False,0.825801076347237,1.0,,1.0,0.6273990582878839,0.9661549026219174
reacher,0.001,1e-08,block,470,False,0.8092342953647003,0.0398622715990581,,1.0,1.0,0.5112221136093356
reacher,0.001,1e-08,block,471,False,1.0,1.0,,1.0,0.30235231306218296,1.0
reacher,0.001,1e-08,block,472,False,1.0,0.9661549026219174,,1.0,1.0,1.0
reacher,0.001,1e-08,block,473,False,0.5112221136093356,1.0,,1.0,1.0,1.0
reacher,0.001,1e-08,block,474,False,1.0,0.42183487331696773,,1.0,1.0,1.0
reacher,0.001,1e-08,block,475,False,0.4993495343962692,0.6993696918975603,,1.0,1.0,0.7608424948783319
reacher,0.001,1e-08,block,476,False,0.6993696918975603,1.0,,1.0,1.0,0.04781854183611181
reacher,0.001,1e-08,block,477,False,1.0,1.0,,1.0,1.0,1.0
reacher,0.001,1e-08,block,478,False,0.4429980555633106,1.0,,1.0,0.0343602669997078,1.0
reacher,0.001,1e-08,block,479,False,1.0,0.6413631429346967,,1.0,0.9846692452967034,1.0
reacher,0.001,1e-08,block,480,False,1.0,0.8595883235072879,,1.0,0.01704674147325828,1.0
reacher,0.001,1e-08,block,481,False,1.0,1.0,,1.0,1.0,1.0
reacher,0.001,1e-08,block,482,False,1.0,1.0,,1.0,1.0,1.0
reacher,0.001,1e-08,block,483,False,1.0,1.0,,1.0,0.6001108564960861,1.0
reacher,0.001,1e-08,block,484,False,0.825801076347237,1.0,,1.0,0.01774855227913937,0.8768083121380066
reacher,0.001,1e-08,block,485,False,0.42183487331696773,1.0,,1.0,1.0,1.0
reacher,0.001,1e-08,block,486,False,1.0,0.8768083121380066,,1.0,1.0,1.0
reacher,0.001,1e-08,block,487,False,0.8092342953647003,1.0,,1.0,1.0,0.54806899887057
reacher,0.001,1e-08,block,488,False,1.0,1.0,,1.0,1.0,1.0
reacher,0.001,1e-08,block,489,False,0.9297691410270479,1.0,,1.0,1.0,1.0
reacher,0.001,1e-08,block,490,False,1.0,1.0,,1.0,1.0,1.0
reacher,0.001,1e-08,block,491,False,1.0,1.0,,1.0,1.0,1.0
reacher,0.001,1e-08,block,492,False,1.0,0.41154206780600083,,1.0,1.0,1.0
reacher,0.001,1e-08,block,493,False,0.23646827496361472,1.0,,1.0,0.8425858183875765,1.0
reacher,0.001,1e-08,block,494,False,1.0,1.0,,1.0,1.0,1.0
reacher,0.001,1e-08,block,495,False,0.40143954089596146,1.0,,1.0,1.0,1.0
reacher,0.001,1e-08,block,496,False,1.0,0.07530444463241773,,1.0,1.0,1.0
reacher,0.001,1e-08,block,497,False,1.0,1.0,,1.0,1.0,1.0
reacher,0.001,1e-08,block,498,False,1.0,1.0,,1.0,0.3722561572259152,1.0
reacher,0.001,1e-08,block,499,False,1.0,1.0,,1.0,0.2943892925610226,1.0
reacher,0.001,1e-08,trajectory,0,False,0.8838383838383839,1.0,,1.0,1.0,1.0
reacher,0.001,1e-08,trajectory,1,False,1.0,1.0,,1.0,0.25097125097125095,1.0
reacher,0.001,1e-08,trajectory,2,False,0.18181818181818182,0.33644133644133645,,1.0,1.0,1.0
reacher,0.001,1e-08,trajectory,3,False,1.0,1.0,,1.0,1.0,1.0
reacher,0.001,1e-08,trajectory,4,False,1.0,1.0,,1.0,1.0,0.3108003108003108
reacher,0.001,1e-08,trajectory,5,False,1.0,1.0,,1.0,1.0,1.0
reacher,0.001,1e-08,trajectory,6,False,0.5528360528360529,1.0,,1.0,1.0,0.40909090909090906
reacher,0.001,1e-08,trajectory,7,False,0.06682206682206682,1.0,,1.0,0.042735042735042736,1.0
reacher,0.001,1e-08,trajectory,8,False,1.0,1.0,,1.0,1.0,0.3838383838383838
reacher,0.001,1e-08,trajectory,9,False,1.0,1.0,,1.0,1.0,1.0
reacher,0.001,1e-08,trajectory,10,False,0.6153846153846154,1.0,,1.0,1.0,1.0
reacher,0.001,1e-08,trajectory,11,False,1.0,1.0,,1.0,1.0,0.28088578088578087
reacher,0.001,1e-08,trajectory,12,False,1.0,1.0,,1.0,1.0,1.0
reacher,0.001,1e-08,trajectory,13,False,0.9821289821289823,1.0,,1.0,0.8026418026418026,1.0
reacher,0.001,1e-08,trajectory,14,False,1.0,1.0,,1.0,1.0,1.0
reacher,0.001,1e-08,trajectory,15,False,1.0,1.0,,1.0,1.0,1.0
reacher,0.001,1e-08,trajectory,16,False,1.0,1.0,,1.0,1.0,1.0
reacher,0.001,1e-08,trajectory,17,False,1.0,1.0,,1.0,0.26573426573426573,0.3321678321678322
reacher,0.001,1e-08,trajectory,18,False,1.0,0.12742812742812742,,1.0,0.23815073815073817,1.0
reacher,0.001,1e-08,trajectory,19,False,1.0,0.22455322455322457,,1.0,1.0,1.0
reacher,0.001,1e-08,trajectory,20,False,1.0,1.0,,1.0,0.3616938616938617,1.0
reacher,0.001,1e-08,trajectory,21,False,1.0,1.0,,1.0,1.0,0.14685314685314685
reacher,0.001,1e-08,trajectory,22,False,1.0,1.0,,1.0,1.0,1.0
reacher,0.001,1e-08,trajectory,23,False,0.018648018648018648,1.0,,1.0,0.4292929292929293,0.3803418803418803
reacher,0.001,1e-08,trajectory,24,False,1.0,1.0,,1.0,1.0,1.0
reacher,0.001,1e-08,trajectory,25,False,0.3853923853923854,0.36596736596736595,,1.0,0.3581973581973582,0.05283605283605283
reacher,0.001,1e-08,trajectory,26,False,0.6783216783216783,1.0,,1.0,1.0,1.0
reacher,0.001,1e-08,trajectory,27,False,1.0,1.0,,1.0,1.0,1.0
reacher,0.001,1e-08,trajectory,28,False,1.0,1.0,,1.0,0.9961149961149961,1.0
reacher,0.001,1e-08,trajectory,29,False,0.8018648018648018,1.0,,1.0,0.506993006993007,1.0
reacher,0.001,1e-08,trajectory,30,False,1.0,1.0,,1.0,0.6495726495726496,1.0
reacher,0.001,1e-08,trajectory,31,False,1.0,1.0,,1.0,1.0,1.0
reacher,0.001,1e-08,trajectory,32,False,1.0,1.0,,1.0,1.0,1.0
reacher,0.001,1e-08,trajectory,33,False,0.8694638694638694,1.0,,1.0,1.0,0.9786324786324786
reacher,0.001,1e-08,trajectory,34,False,1.0,1.0,,1.0,1.0,1.0
reacher,0.001,1e-08,trajectory,35,False,0.3593628593628594,1.0,,1.0,1.0,1.0
reacher,0.001,1e-08,trajectory,36,False,1.0,0.5742035742035743,,1.0,1.0,1.0
reacher,0.001,1e-08,trajectory,37,False,1.0,1.0,,1.0,1.0,1.0
reacher,0.001,1e-08,trajectory,38,False,1.0,0.789044289044289,,1.0,1.0,1.0
reacher,0.001,1e-08,trajectory,39,False,1.0,1.0,,1.0,1.0,1.0
reacher,0.001,1e-08,trajectory,40,False,1.0,1.0,,1.0,1.0,1.0
reacher,0.001,1e-08,trajectory,41,False,0.2668997668997669,1.0,,1.0,0.36868686868686873,1.0
reacher,0.001,1e-08,trajectory,42,False,1.0,0.14296814296814297,,1.0,1.0,0.662004662004662
reacher,0.001,1e-08,trajectory,43,False,1.0,1.0,,1.0,1.0,1.0
reacher,0.001,1e-08,trajectory,44,False,1.0,1.0,,1.0,1.0,0.5407925407925408
reacher,0.001,1e-08,trajectory,45,False,1.0,0.5905205905205906,,1.0,0.26845376845376845,1.0
reacher,0.001,1e-08,trajectory,46,False,1.0,1.0,,1.0,1.0,1.0
reacher,0.001,1e-08,trajectory,47,False,0.22027972027972026,1.0,,1.0,1.0,1.0
reacher,0.001,1e-08,trajectory,48,False,1.0,1.0,,1.0,1.0,1.0
reacher,0.001,1e-08,trajectory,49,False,0.10062160062160062,1.0,,1.0,0.019036519036519036,1.0
reacher,0.001,1e-08,trajectory,50,False,1.0,1.0,,1.0,1.0,1.0
reacher,0.001,1e-08,trajectory,51,False,0.5633255633255634,1.0,,1.0,1.0,1.0
reacher,0.001,1e-08,trajectory,52,False,1.0,0.6868686868686869,,1.0,1.0,1.0
reacher,0.001,1e-08,trajectory,53,False,0.7560217560217561,1.0,,1.0,0.0916860916860917,1.0
reacher,0.001,1e-08,trajectory,54,False,1.0,1.0,,1.0,1.0,0.07964257964257965
reacher,0.001,1e-08,trajectory,55,False,1.0,1.0,,1.0,1.0,1.0
reacher,0.001,1e-08,trajectory,56,False,0.5481740481740481,1.0,,1.0,1.0,1.0
reacher,0.001,1e-08,trajectory,57,False,1.0,1.0,,1.0,1.0,1.0
reacher,0.001,1e-08,trajectory,58,False,1.0,1.0,,1.0,1.0,1.0
reacher,0.001,1e-08,trajectory,59,False,1.0,1.0,,1.0,1.0,0.040015540015540016
reacher,0.001,1e-08,trajectory,60,False,1.0,1.0,,1.0,1.0,1.0
reacher,0.001,1e-08,trajectory,61,False,1.0,1.0,,1.0,1.0,1.0
reacher,0.001,1e-08,trajectory,62,False,1.0,0.19502719502719504,,1.0,1.0,1.0
reacher,0.001,1e-08,trajectory,63,False,1.0,1.0,,1.0,1.0,1.0
reacher,0.001,1e-08,trajectory,64,False,1.0,1.0,,1.0,1.0,1.0
reacher,0.001,1e-08,trajectory,65,False,0.7385392385392385,1.0,,1.0,0.5889665889665889,0.6045066045066045
reacher,0.001,1e-08,trajectory,66,False,1.0,1.0,,1.0,0.23426573426573424,0.304972804972805
reacher,0.001,1e-08,trajectory,67,False,0.21173271173271171,1.0,,1.0,1.0,1.0
reacher,0.001,1e-08,trajectory,68,False,1.0,0.587024087024087,,1.0,1.0,0.4040404040404041
reacher,0.001,1e-08,trajectory,69,False,1.0,1.0,,1.0,0.0404040404040404,1.0
reacher,0.001,1e-08,trajectory,70,False,0.405982905982906,1.0,,1.0,0.3904428904428905,1.0
reacher,0.001,1e-08,trajectory,71,False,1.0,1.0,,1.0,1.0,0.6153846153846154
reacher,0.001,1e-08,trajectory,72,False,1.0,1.0,,1.0,0.364024864024864,1.0
reacher,0.001,1e-08,trajectory,73,False,1.0,1.0,,1.0,1.0,1.0
reacher,0.001,1e-08,trajectory,74,False,1.0,1.0,,1.0,1.0,1.0
reacher,0.001,1e-08,trajectory,75,False,1.0,0.9992229992229993,,1.0,0.022144522144522148,1.0
reacher,0.001,1e-08,trajectory,76,False,1.0,1.0,,1.0,1.0,1.0
reacher,0.001,1e-08,trajectory,77,False,1.0,0.7983682983682984,,1.0,1.0,1.0
reacher,0.001,1e-08,trajectory,78,False,1.0,1.0,,1.0,0.9452214452214452,1.0
reacher,0.001,1e-08,trajectory,79,False,1.0,1.0,,1.0,1.0,1.0
reacher,0.001,1e-08,trajectory,80,False,1.0,1.0,,1.0,1.0,1.0
reacher,0.001,1e-08,trajectory,81,False,0.2567987567987568,1.0,,1.0,1.0,1.0
reacher,0.001,1e-08,trajectory,82,False,1.0,1.0,,1.0,1.0,1.0
reacher,0.001,1e-08,trajectory,83,False,0.19036519036519037,0.3791763791763792,,1.0,1.0,1.0
reacher,0.001,1e-08,trajectory,84,False,1.0,1.0,,1.0,1.0,0.43667443667443673
reacher,0.001,1e-08,trajectory,85,False,0.6841491841491841,1.0,,1.0,0.6561771561771562,1.0
reacher,0.001,1e-08,trajectory,86,False,0.44250194250194247,1.0,,1.0,0.25369075369075367,1.0
reacher,0.001,1e-08,trajectory,87,False,1.0,1.0,,1.0,1.0,1.0
reacher,0.001,1e-08,trajectory,88,False,1.0,1.0,,1.0,1.0,0.9425019425019425
reacher,0.001,1e-08,trajectory,89,False,1.0,1.0,,1.0,1.0,0.2564102564102564
reacher,0.001,1e-08,trajectory,90,False,1.0,1.0,,1.0,1.0,1.0
reacher,0.001,1e-08,trajectory,91,False,1.0,0.6052836052836053,,1.0,1.0,1.0
reacher,0.001,1e-08,trajectory,92,False,0.716006216006216,0.3838383838383838,,1.0,1.0,1.0
reacher,0.001,1e-08,trajectory,93,False,1.0,1.0,,1.0,1.0,1.0
reacher,0.001,1e-08,trajectory,94,False,1.0,0.4794094794094794,,1.0,0.8803418803418804,1.0
reacher,0.001,1e-08,trajectory,95,False,0.48679098679098676,1.0,,1.0,0.07264957264957266,1.0
reacher,0.001,1e-08,trajectory,96,False,1.0,1.0,,1.0,1.0,1.0
reacher,0.001,1e-08,trajectory,97,False,1.0,1.0,,1.0,1.0,1.0
reacher,0.001,1e-08,trajectory,98,False,0.6643356643356644,1.0,,1.0,1.0,0.9545454545454546
reacher,0.001,1e-08,trajectory,99,False,1.0,0.4949494949494949,,1.0,0.9696969696969697,1.0
reacher,0.001,1e-08,trajectory,100,False,1.0,1.0,,1.0,1.0,1.0
reacher,0.001,1e-08,trajectory,101,False,1.0,1.0,,1.0,1.0,0.2715617715617715
reacher,0.001,1e-08,trajectory,102,False,1.0,1.0,,1.0,1.0,1.0
reacher,0.001,1e-08,trajectory,103,False,0.24825174825174826,1.0,,1.0,0.5668220668220668,0.7560217560217561
reacher,0.001,1e-08,trajectory,104,False,1.0,1.0,,1.0,1.0,1.0
reacher,0.001,1e-08,trajectory,105,False,1.0,0.5512820512820513,,1.0,1.0,1.0
reacher,0.001,1e-08,trajectory,106,False,1.0,1.0,,1.0,1.0,1.0
reacher,0.001,1e-08,trajectory,107,False,1.0,1.0,,1.0,0.343045843045843,1.0
reacher,0.001,1e-08,trajectory,108,False,1.0,0.9557109557109557,,1.0,1.0,1.0
reacher,0.001,1e-08,trajectory,109,False,1.0,1.0,,1.0,1.0,1.0
reacher,0.001,1e-08,trajectory,110,False,1.0,1.0,,1.0,1.0,1.0
reacher,0.001,1e-08,trajectory,111,False,1.0,0.6911421911421911,,1.0,1.0,1.0
reacher,0.001,1e-08,trajectory,112,False,1.0,1.0,,1.0,1.0,0.6954156954156954
reacher,0.001,1e-08,trajectory,113,False,0.8543123543123543,1.0,,1.0,1.0,0.18414918414918413
reacher,0.001,1e-08,trajectory,114,False,1.0,1.0,,1.0,1.0,1.0
reacher,0.001,1e-08,trajectory,115,False,1.0,1.0,,1.0,0.6573426573426573,1.0
reacher,0.001,1e-08,trajectory,116,False,1.0,1.0,,1.0,1.0,1.0
reacher,0.001,1e-08,trajectory,117,False,1.0,0.905982905982906,,1.0,1.0,1.0
reacher,0.001,1e-08,trajectory,118,False,1.0,1.0,,1.0,1.0,1.0
reacher,0.001,1e-08,trajectory,119,False,1.0,1.0,,1.0,1.0,1.0
reacher,0.001,1e-08,trajectory,120,False,1.0,1.0,,1.0,1.0,1.0
reacher,0.001,1e-08,trajectory,121,False,1.0,1.0,,1.0,0.3667443667443668,1.0
reacher,0.001,1e-08,trajectory,122,False,1.0,1.0,,1.0,1.0,1.0
reacher,0.001,1e-08,trajectory,123,False,1.0,1.0,,1.0,1.0,1.0
reacher,0.001,1e-08,trajectory,124,False,1.0,1.0,,1.0,1.0,1.0
reacher,0.001,1e-08,trajectory,125,False,1.0,1.0,,1.0,1.0,1.0
reacher,0.001,1e-08,trajectory,126,False,1.0,1.0,,1.0,1.0,1.0
reacher,0.001,1e-08,trajectory,127,False,1.0,1.0,,1.0,1.0,0.42346542346542343
reacher,0.001,1e-08,trajectory,128,False,1.0,1.0,,1.0,1.0,1.0
reacher,0.001,1e-08,trajectory,129,False,1.0,0.7296037296037295,,1.0,1.0,0.0944055944055944
reacher,0.001,1e-08,trajectory,130,False,1.0,0.2948717948717949,,1.0,1.0,1.0
reacher,0.001,1e-08,trajectory,131,False,1.0,1.0,,1.0,0.49805749805749805,1.0
reacher,0.001,1e-08,trajectory,132,False,0.8123543123543124,0.045454545454545456,,1.0,1.0,1.0
reacher,0.001,1e-08,trajectory,133,False,1.0,1.0,,1.0,1.0,0.08158508158508158
reacher,0.001,1e-08,trajectory,134,False,1.0,1.0,,1.0,0.6087801087801088,1.0
reacher,0.001,1e-08,trajectory,135,False,1.0,1.0,,1.0,0.43006993006993005,1.0
reacher,0.001,1e-08,trajectory,136,False,1.0,0.0777000777000777,,1.0,0.6056721056721057,1.0
reacher,0.001,1e-08,trajectory,137,False,1.0,1.0,,1.0,1.0,1.0
reacher,0.001,1e-08,trajectory,138,False,1.0,0.11383061383061382,,1.0,1.0,1.0
reacher,0.001,1e-08,trajectory,139,False,1.0,1.0,,1.0,1.0,1.0
reacher,0.001,1e-08,trajectory,140,False,1.0,1.0,,1.0,1.0,1.0
reacher,0.001,1e-08,trajectory,141,False,1.0,1.0,,1.0,1.0,1.0
reacher,0.001,1e-08,trajectory,142,False,1.0,1.0,,1.0,1.0,1.0
reacher,0.001,1e-08,trajectory,143,True,0.008158508158508158,0.71989121989122,,1.0,1.0,1.0
reacher,0.001,1e-08,trajectory,144,False,0.34110334110334106,1.0,,1.0,1.0,0.13636363636363635
reacher,0.001,1e-08,trajectory,145,False,0.8294483294483295,1.0,,1.0,1.0,1.0
reacher,0.001,1e-08,trajectory,146,False,0.5135975135975136,1.0,,1.0,1.0,1.0
reacher,0.001,1e-08,trajectory,147,False,1.0,1.0,,1.0,1.0,1.0
reacher,0.001,1e-08,trajectory,148,False,1.0,1.0,,1.0,1.0,1.0
reacher,0.001,1e-08,trajectory,149,False,0.9265734265734266,1.0,,1.0,1.0,1.0
reacher,0.001,1e-08,trajectory,150,False,1.0,0.8069153069153069,,1.0,1.0,1.0
reacher,0.001,1e-08,trajectory,151,False,1.0,1.0,,1.0,1.0,1.0
reacher,0.001,1e-08,trajectory,152,False,0.12432012432012432,1.0,,1.0,0.3368298368298368,1.0
reacher,0.001,1e-08,trajectory,153,False,1.0,1.0,,1.0,0.8294483294483295,1.0
reacher,0.001,1e-08,trajectory,154,False,0.5528360528360529,1.0,,1.0,1.0,1.0
reacher,0.001,1e-08,trajectory,155,False,0.4976689976689977,0.11810411810411811,,1.0,0.33644133644133645,0.2913752913752914
reacher,0.001,1e-08,trajectory,156,False,1.0,1.0,,1.0,1.0,1.0
reacher,0.001,1e-08,trajectory,157,False,1.0,1.0,,1.0,1.0,1.0
reacher,0.001,1e-08,trajectory,158,False,1.0,1.0,,1.0,1.0,0.8978243978243978
reacher,0.001,1e-08,trajectory,159,False,1.0,1.0,,1.0,1.0,1.0
reacher,0.001,1e-08,trajectory,160,False,1.0,1.0,,1.0,1.0,1.0
reacher,0.001,1e-08,trajectory,161,False,1.0,0.9063714063714063,,1.0,1.0,1.0
reacher,0.001,1e-08,trajectory,162,False,1.0,1.0,,1.0,1.0,1.0
reacher,0.001,1e-08,trajectory,163,False,1.0,1.0,,1.0,1.0,1.0
reacher,0.001,1e-08,trajectory,164,False,1.0,1.0,,1.0,1.0,1.0
reacher,0.001,1e-08,trajectory,165,False,1.0,1.0,,1.0,0.351981351981352,1.0
reacher,0.001,1e-08,trajectory,166,False,1.0,1.0,,1.0,0.513986013986014,1.0
reacher,0.001,1e-08,trajectory,167,False,1.0,0.7614607614607615,,1.0,1.0,1.0
reacher,0.001,1e-08,trajectory,168,False,1.0,1.0,,1.0,1.0,1.0
reacher,0.001,1e-08,trajectory,169,False,1.0,1.0,,1.0,1.0,1.0
reacher,0.001,1e-08,trajectory,170,False,1.0,0.2533022533022533,,1.0,1.0,1.0
reacher,0.001,1e-08,trajectory,171,False,1.0,1.0,,1.0,1.0,1.0
reacher,0.001,1e-08,trajectory,172,False,1.0,1.0,,1.0,1.0,1.0
reacher,0.001,1e-08,trajectory,173,False,1.0,0.7463092463092463,,1.0,1.0,1.0
reacher,0.001,1e-08,trajectory,174,False,1.0,1.0,,1.0,1.0,1.0
reacher,0.001,1e-08,trajectory,175,False,1.0,0.4541569541569541,,1.0,1.0,0.7412587412587412
reacher,0.001,1e-08,trajectory,176,False,0.025252525252525256,0.36829836829836826,,1.0,0.5202020202020202,1.0
reacher,0.001,1e-08,trajectory,177,False,0.43512043512043513,0.6021756021756022,,1.0,1.0,0.9125874125874125
reacher,0.001,1e-08,trajectory,178,False,1.0,1.0,,1.0,1.0,1.0
reacher,0.001,1e-08,trajectory,179,False,1.0,1.0,,1.0,1.0,1.0
reacher,0.001,1e-08,trajectory,180,False,1.0,0.9662004662004663,,1.0,1.0,0.8488733488733489
reacher,0.001,1e-08,trajectory,181,False,1.0,0.16045066045066045,,1.0,1.0,0.24203574203574205
reacher,0.001,1e-08,trajectory,182,False,1.0,1.0,,1.0,1.0,1.0
reacher,0.001,1e-08,trajectory,183,False,1.0,1.0,,1.0,0.053613053613053616,1.0
reacher,0.001,1e-08,trajectory,184,False,1.0,1.0,,1.0,0.1919191919191919,1.0
reacher,0.001,1e-08,trajectory,185,False,1.0,1.0,,1.0,0.9902874902874903,1.0
reacher,0.001,1e-08,trajectory,186,False,1.0,1.0,,1.0,1.0,1.0
reacher,0.001,1e-08,trajectory,187,False,0.37839937839937837,1.0,,1.0,1.0,1.0
reacher,0.001,1e-08,trajectory,188,False,1.0,1.0,,1.0,1.0,1.0
reacher,0.001,1e-08,trajectory,189,False,1.0,0.08391608391608392,,1.0,0.35353535353535354,1.0
reacher,0.001,1e-08,trajectory,190,False,1.0,1.0,,1.0,0.9595959595959596,1.0
reacher,0.001,1e-08,trajectory,191,False,1.0,1.0,,1.0,1.0,1.0
reacher,0.001,1e-08,trajectory,192,False,1.0,1.0,,1.0,1.0,1.0
reacher,0.001,1e-08,trajectory,193,False,1.0,1.0,,1.0,1.0,1.0
reacher,0.001,1e-08,trajectory,194,False,1.0,1.0,,1.0,1.0,1.0
reacher,0.001,1e-08,trajectory,195,False,1.0,1.0,,1.0,1.0,1.0
reacher,0.001,1e-08,trajectory,196,False,1.0,1.0,,1.0,1.0,1.0
reacher,0.001,1e-08,trajectory,197,False,0.6383061383061384,1.0,,1.0,1.0,0.7187257187257188
reacher,0.001,1e-08,trajectory,198,False,0.05710955710955711,1.0,,1.0,1.0,0.6612276612276612
reacher,0.001,1e-08,trajectory,199,False,0.2125097125097125,1.0,,1.0,0.18414918414918413,1.0
reacher,0.001,1e-08,trajectory,200,False,1.0,1.0,,1.0,1.0,1.0
reacher,0.001,1e-08,trajectory,201,False,1.0,1.0,,1.0,1.0,1.0
reacher,0.001,1e-08,trajectory,202,False,1.0,1.0,,1.0,1.0,1.0
reacher,0.001,1e-08,trajectory,203,False,1.0,0.048174048174048176,,1.0,1.0,0.5784770784770785
reacher,0.001,1e-08,trajectory,204,False,0.21095571095571097,1.0,,1.0,0.6775446775446775,0.07847707847707847
reacher,0.001,1e-08,trajectory,205,False,1.0,1.0,,1.0,1.0,1.0
reacher,0.001,1e-08,trajectory,206,False,0.7583527583527584,1.0,,1.0,1.0,1.0
reacher,0.001,1e-08,trajectory,207,False,1.0,1.0,,1.0,1.0,0.7012432012432013
reacher,0.001,1e-08,trajectory,208,False,1.0,1.0,,1.0,1.0,1.0
reacher,0.001,1e-08,trajectory,209,False,1.0,1.0,,1.0,1.0,1.0
reacher,0.001,1e-08,trajectory,210,False,1.0,1.0,,1.0,1.0,1.0
reacher,0.001,1e-08,trajectory,211,False,1.0,1.0,,1.0,0.6857031857031858,1.0
reacher,0.001,1e-08,trajectory,212,False,1.0,1.0,,1.0,1.0,1.0
reacher,0.001,1e-08,trajectory,213,False,1.0,1.0,,1.0,1.0,1.0
reacher,0.001,1e-08,trajectory,214,False,1.0,1.0,,1.0,1.0,1.0
reacher,0.001,1e-08,trajectory,215,False,0.517094017094017,1.0,,1.0,1.0,1.0
reacher,0.001,1e-08,trajectory,216,False,0.9463869463869463,0.64996114996115,,1.0,1.0,1.0
reacher,0.001,1e-08,trajectory,217,False,1.0,1.0,,1.0,1.0,0.1993006993006993
reacher,0.001,1e-08,trajectory,218,False,1.0,1.0,,1.0,1.0,1.0
reacher,0.001,1e-08,trajectory,219,False,1.0,1.0,,1.0,1.0,1.0
reacher,0.001,1e-08,trajectory,220,False,1.0,1.0,,1.0,0.6122766122766122,1.0
reacher,0.001,1e-08,trajectory,221,False,1.0,1.0,,1.0,1.0,1.0
reacher,0.001,1e-08,trajectory,222,False,1.0,1.0,,1.0,1.0,0.9184149184149184
reacher,0.001,1e-08,trajectory,223,False,0.1317016317016317,1.0,,1.0,1.0,0.722999222999223
reacher,0.001,1e-08,trajectory,224,False,1.0,1.0,,1.0,1.0,0.9343434343434344
reacher,0.001,1e-08,trajectory,225,False,1.0,1.0,,1.0,1.0,1.0
reacher,0.001,1e-08,trajectory,226,False,1.0,1.0,,1.0,1.0,1.0
reacher,0.001,1e-08,trajectory,227,False,1.0,0.6037296037296037,,1.0,1.0,1.0
reacher,0.001,1e-08,trajectory,228,False,0.22377622377622378,1.0,,1.0,1.0,1.0
reacher,0.001,1e-08,trajectory,229,False,1.0,1.0,,1.0,1.0,0.24592074592074592
reacher,0.001,1e-08,trajectory,230,False,1.0,1.0,,1.0,1.0,1.0
reacher,0.001,1e-08,trajectory,231,False,1.0,1.0,,1.0,1.0,1.0
reacher,0.001,1e-08,trajectory,232,False,1.0,1.0,,1.0,0.6017871017871018,1.0
reacher,0.001,1e-08,trajectory,233,False,1.0,1.0,,1.0,1.0,1.0
reacher,0.001,1e-08,trajectory,234,False,1.0,1.0,,1.0,0.9230769230769231,1.0
reacher,0.001,1e-08,trajectory,235,False,0.1421911421911422,0.9444444444444444,,1.0,0.3329448329448329,1.0
reacher,0.001,1e-08,trajectory,236,False,1.0,1.0,,1.0,1.0,1.0
reacher,0.001,1e-08,trajectory,237,False,0.9747474747474748,1.0,,1.0,1.0,1.0
reacher,0.001,1e-08,trajectory,238,False,1.0,1.0,,1.0,1.0,1.0
reacher,0.001,1e-08,trajectory,239,False,1.0,1.0,,1.0,1.0,1.0
reacher,0.001,1e-08,trajectory,240,False,0.07614607614607614,0.40520590520590516,,1.0,0.8515928515928516,0.8531468531468532
reacher,0.001,1e-08,trajectory,241,False,1.0,1.0,,1.0,1.0,1.0
reacher,0.001,1e-08,trajectory,242,False,0.08702408702408702,0.9362859362859364,,1.0,0.5357420357420357,0.6013986013986015
reacher,0.001,1e-08,trajectory,243,False,1.0,1.0,,1.0,1.0,1.0
reacher,0.001,1e-08,trajectory,244,False,1.0,1.0,,1.0,1.0,1.0
reacher,0.001,1e-08,trajectory,245,False,1.0,1.0,,1.0,1.0,0.9588189588189588
reacher,0.001,1e-08,trajectory,246,False,1.0,1.0,,1.0,0.34382284382284384,1.0
reacher,0.001,1e-08,trajectory,247,False,1.0,1.0,,1.0,0.18414918414918413,1.0
reacher,0.001,1e-08,trajectory,248,False,1.0,1.0,,1.0,1.0,0.4312354312354312
reacher,0.001,1e-08,trajectory,249,False,1.0,1.0,,1.0,1.0,1.0
reacher,0.001,1e-08,trajectory,250,False,1.0,1.0,,1.0,1.0,0.9335664335664335
reacher,0.001,1e-08,trajectory,251,False,1.0,1.0,,1.0,1.0,1.0
reacher,0.001,1e-08,trajectory,252,False,0.7241647241647242,1.0,,1.0,1.0,1.0
reacher,0.001,1e-08,trajectory,253,False,1.0,1.0,,1.0,1.0,1.0
reacher,0.001,1e-08,trajectory,254,False,1.0,1.0,,1.0,1.0,1.0
reacher,0.001,1e-08,trajectory,255,False,1.0,1.0,,1.0,1.0,1.0
reacher,0.001,1e-08,trajectory,256,False,1.0,0.22027972027972026,,1.0,1.0,1.0
reacher,0.001,1e-08,trajectory,257,False,0.3282828282828283,1.0,,1.0,0.6534576534576535,1.0
reacher,0.001,1e-08,trajectory,258,False,1.0,1.0,,1.0,0.9052059052059053,0.10567210567210567
reacher,0.001,1e-08,trajectory,259,False,0.7797202797202797,1.0,,1.0,0.9226884226884227,1.0
reacher,0.001,1e-08,trajectory,260,False,1.0,1.0,,1.0,1.0,1.0
reacher,0.001,1e-08,trajectory,261,False,1.0,1.0,,1.0,1.0,1.0
reacher,0.001,1e-08,trajectory,262,False,1.0,1.0,,1.0,1.0,1.0
reacher,0.001,1e-08,trajectory,263,False,0.2707847707847708,1.0,,1.0,0.9588189588189588,0.6748251748251748
reacher,0.001,1e-08,trajectory,264,False,1.0,1.0,,1.0,1.0,1.0
reacher,0.001,1e-08,trajectory,265,False,1.0,1.0,,1.0,1.0,1.0
reacher,0.001,1e-08,trajectory,266,False,1.0,1.0,,1.0,0.3306138306138306,0.3096348096348096
reacher,0.001,1e-08,trajectory,267,False,0.7575757575757576,1.0,,1.0,1.0,1.0
reacher,0.001,1e-08,trajectory,268,False,1.0,1.0,,1.0,0.40442890442890445,1.0
reacher,0.001,1e-08,trajectory,269,False,1.0,1.0,,1.0,1.0,1.0
reacher,0.001,1e-08,trajectory,270,False,0.2618492618492619,1.0,,1.0,0.2940947940947941,1.0
reacher,0.001,1e-08,trajectory,271,False,1.0,1.0,,1.0,0.03923853923853923,1.0
reacher,0.001,1e-08,trajectory,272,False,1.0,1.0,,1.0,1.0,1.0
reacher,0.001,1e-08,trajectory,273,False,1.0,0.8088578088578089,,1.0,1.0,1.0
reacher,0.001,1e-08,trajectory,274,False,0.7070707070707071,1.0,,1.0,1.0,0.8053613053613053
reacher,0.001,1e-08,trajectory,275,False,1.0,1.0,,1.0,1.0,1.0
reacher,0.001,1e-08,trajectory,276,False,1.0,1.0,,1.0,1.0,0.23737373737373738
reacher,0.001,1e-08,trajectory,277,False,1.0,1.0,,1.0,1.0,1.0
reacher,0.001,1e-08,trajectory,278,False,1.0,0.9184149184149184,,1.0,1.0,1.0
reacher,0.001,1e-08,trajectory,279,False,1.0,1.0,,1.0,0.3232323232323232,1.0
reacher,0.001,1e-08,trajectory,280,False,1.0,0.22494172494172493,,1.0,1.0,1.0
reacher,0.001,1e-08,trajectory,281,False,1.0,1.0,,1.0,1.0,1.0
reacher,0.001,1e-08,trajectory,282,False,1.0,0.43045843045843046,,1.0,1.0,1.0
reacher,0.001,1e-08,trajectory,283,False,1.0,1.0,,1.0,1.0,1.0
reacher,0.001,1e-08,trajectory,284,False,1.0,1.0,,1.0,1.0,1.0
reacher,0.001,1e-08,trajectory,285,False,1.0,1.0,,1.0,1.0,1.0
reacher,0.001,1e-08,trajectory,286,False,1.0,1.0,,1.0,1.0,1.0
reacher,0.001,1e-08,trajectory,287,False,1.0,0.7665112665112666,,1.0,1.0,1.0
reacher,0.001,1e-08,trajectory,288,False,1.0,0.017094017094017096,,1.0,1.0,1.0
reacher,0.001,1e-08,trajectory,289,False,1.0,1.0,,1.0,1.0,0.08430458430458432
reacher,0.001,1e-08,trajectory,290,True,1.0,0.8620823620823621,,1.0,0.006993006993006993,1.0
reacher,0.001,1e-08,trajectory,291,False,0.6554001554001554,1.0,,1.0,1.0,1.0
reacher,0.001,1e-08,trajectory,292,False,1.0,1.0,,1.0,1.0,1.0
reacher,0.001,1e-08,trajectory,293,False,0.5462315462315462,0.6262626262626263,,1.0,1.0,1.0
reacher,0.001,1e-08,trajectory,294,False,0.8275058275058276,1.0,,1.0,1.0,0.8473193473193473
reacher,0.001,1e-08,trajectory,295,False,1.0,0.39588189588189593,,1.0,1.0,1.0
reacher,0.001,1e-08,trajectory,296,False,1.0,1.0,,1.0,0.23853923853923853,0.4801864801864802
reacher,0.001,1e-08,trajectory,297,False,1.0,1.0,,1.0,1.0,1.0
reacher,0.001,1e-08,trajectory,298,False,1.0,0.4933954933954934,,1.0,1.0,1.0
reacher,0.001,1e-08,trajectory,299,False,1.0,1.0,,1.0,1.0,1.0
reacher,0.001,1e-08,trajectory,300,False,1.0,1.0,,1.0,1.0,1.0
reacher,0.001,1e-08,trajectory,301,False,1.0,1.0,,1.0,0.8706293706293706,1.0
reacher,0.001,1e-08,trajectory,302,False,1.0,1.0,,1.0,1.0,1.0
reacher,0.001,1e-08,trajectory,303,False,0.2952602952602953,1.0,,1.0,1.0,0.1655011655011655
reacher,0.001,1e-08,trajectory,304,False,0.411033411033411,1.0,,1.0,1.0,1.0
reacher,0.001,1e-08,trajectory,305,False,1.0,0.8931623931623932,,1.0,1.0,1.0
reacher,0.001,1e-08,trajectory,306,False,1.0,0.7362082362082362,,1.0,1.0,1.0
reacher,0.001,1e-08,trajectory,307,False,1.0,1.0,,1.0,1.0,1.0
reacher,0.001,1e-08,trajectory,308,False,1.0,1.0,,1.0,1.0,1.0
reacher,0.001,1e-08,trajectory,309,False,1.0,1.0,,1.0,1.0,1.0
reacher,0.001,1e-08,trajectory,310,False,1.0,1.0,,1.0,1.0,1.0
reacher,0.001,1e-08,trajectory,311,False,0.24553224553224556,1.0,,1.0,1.0,1.0
reacher,0.001,1e-08,trajectory,312,False,0.1282051282051282,0.2501942501942502,,1.0,1.0,1.0
reacher,0.001,1e-08,trajectory,313,False,1.0,1.0,,1.0,1.0,0.24164724164724163
reacher,0.001,1e-08,trajectory,314,False,1.0,1.0,,1.0,1.0,1.0
reacher,0.001,1e-08,trajectory,315,False,1.0,1.0,,1.0,0.8224553224553224,1.0
reacher,0.001,1e-08,trajectory,316,False,0.2540792540792541,1.0,,1.0,0.24164724164724163,1.0
reacher,0.001,1e-08,trajectory,317,False,1.0,0.08003108003108003,,1.0,1.0,1.0
reacher,0.001,1e-08,trajectory,318,False,1.0,0.11227661227661229,,1.0,1.0,1.0
reacher,0.001,1e-08,trajectory,319,False,1.0,1.0,,1.0,1.0,1.0
reacher,0.001,1e-08,trajectory,320,False,1.0,1.0,,1.0,1.0,0.8535353535353535
reacher,0.001,1e-08,trajectory,321,False,1.0,1.0,,1.0,1.0,1.0
reacher,0.001,1e-08,trajectory,322,False,1.0,1.0,,1.0,1.0,0.44133644133644134
reacher,0.001,1e-08,trajectory,323,False,1.0,1.0,,1.0,1.0,1.0
reacher,0.001,1e-08,trajectory,324,False,1.0,1.0,,1.0,1.0,1.0
reacher,0.001,1e-08,trajectory,325,False,1.0,1.0,,1.0,1.0,0.9273504273504274
reacher,0.001,1e-08,trajectory,326,False,1.0,1.0,,1.0,1.0,1.0
reacher,0.001,1e-08,trajectory,327,False,1.0,0.8286713286713286,,1.0,0.08313908313908314,1.0
reacher,0.001,1e-08,trajectory,328,False,1.0,0.30069930069930073,,1.0,1.0,1.0
reacher,0.001,1e-08,trajectory,329,False,1.0,1.0,,1.0,1.0,0.8193473193473194
reacher,0.001,1e-08,trajectory,330,False,1.0,1.0,,1.0,1.0,0.8539238539238538
reacher,0.001,1e-08,trajectory,331,False,1.0,0.9844599844599844,,1.0,1.0,1.0
reacher,0.001,1e-08,trajectory,332,False,0.337995337995338,1.0,,1.0,1.0,0.9623154623154623
reacher,0.001,1e-08,trajectory,333,False,1.0,0.5236985236985238,,1.0,0.693084693084693,0.3578088578088578
reacher,0.001,1e-08,trajectory,334,False,1.0,1.0,,1.0,1.0,1.0
reacher,0.001,1e-08,trajectory,335,False,1.0,1.0,,1.0,1.0,1.0
reacher,0.001,1e-08,trajectory,336,False,1.0,1.0,,1.0,0.1344211344211344,1.0
reacher,0.001,1e-08,trajectory,337,False,1.0,1.0,,1.0,0.06915306915306915,1.0
reacher,0.001,1e-08,trajectory,338,False,1.0,1.0,,1.0,0.21950271950271952,1.0
reacher,0.001,1e-08,trajectory,339,False,1.0,1.0,,1.0,1.0,1.0
reacher,0.001,1e-08,trajectory,340,False,1.0,1.0,,1.0,1.0,1.0
reacher,0.001,1e-08,trajectory,341,False,1.0,1.0,,1.0,1.0,1.0
reacher,0.001,1e-08,trajectory,342,False,1.0,1.0,,1.0,1.0,0.22766122766122765
reacher,0.001,1e-08,trajectory,343,False,1.0,1.0,,1.0,1.0,1.0
reacher,0.001,1e-08,trajectory,344,False,1.0,1.0,,1.0,1.0,1.0
reacher,0.001,1e-08,trajectory,345,False,1.0,1.0,,1.0,1.0,1.0
reacher,0.001,1e-08,trajectory,346,False,0.7964257964257965,1.0,,1.0,1.0,1.0
reacher,0.001,1e-08,trajectory,347,False,1.0,1.0,,1.0,1.0,1.0
reacher,0.001,1e-08,trajectory,348,False,0.5205905205905206,1.0,,1.0,1.0,1.0
reacher,0.001,1e-08,trajectory,349,False,1.0,0.18919968919968919,,1.0,1.0,1.0
reacher,0.001,1e-08,trajectory,350,False,1.0,1.0,,1.0,1.0,1.0
reacher,0.001,1e-08,trajectory,351,False,0.8515928515928516,1.0,,1.0,0.44871794871794873,1.0
reacher,0.001,1e-08,trajectory,352,False,0.797979797979798,1.0,,1.0,1.0,1.0
reacher,0.001,1e-08,trajectory,353,False,1.0,0.5221445221445221,,1.0,1.0,0.4222999222999223
reacher,0.001,1e-08,trajectory,354,False,1.0,1.0,,1.0,1.0,1.0
reacher,0.001,1e-08,trajectory,355,False,1.0,1.0,,1.0,0.3193473193473193,1.0
reacher,0.001,1e-08,trajectory,356,False,1.0,1.0,,1.0,0.8403263403263403,1.0
reacher,0.001,1e-08,trajectory,357,False,1.0,1.0,,1.0,1.0,1.0
reacher,0.001,1e-08,trajectory,358,False,0.31701631701631705,1.0,,1.0,1.0,1.0
reacher,0.001,1e-08,trajectory,359,False,1.0,1.0,,1.0,1.0,0.4184149184149184
reacher,0.001,1e-08,trajectory,360,False,1.0,0.20512820512820512,,1.0,0.054778554778554776,1.0
reacher,0.001,1e-08,trajectory,361,False,1.0,1.0,,1.0,1.0,1.0
reacher,0.001,1e-08,trajectory,362,False,1.0,1.0,,1.0,1.0,1.0
reacher,0.001,1e-08,trajectory,363,False,1.0,1.0,,1.0,1.0,1.0
reacher,0.001,1e-08,trajectory,364,False,1.0,0.651903651903652,,1.0,1.0,1.0
reacher,0.001,1e-08,trajectory,365,False,1.0,1.0,,1.0,1.0,1.0
reacher,0.001,1e-08,trajectory,366,False,1.0,1.0,,1.0,1.0,1.0
reacher,0.001,1e-08,trajectory,367,False,0.8407148407148407,1.0,,1.0,1.0,1.0
reacher,0.001,1e-08,trajectory,368,False,1.0,0.38694638694638694,,1.0,0.30574980574980576,1.0
reacher,0.001,1e-08,trajectory,369,False,1.0,1.0,,1.0,1.0,1.0
reacher,0.001,1e-08,trajectory,370,False,0.2878787878787879,1.0,,1.0,1.0,1.0
reacher,0.001,1e-08,trajectory,371,False,1.0,1.0,,1.0,0.5108780108780109,1.0
reacher,0.001,1e-08,trajectory,372,False,1.0,1.0,,1.0,1.0,1.0
reacher,0.001,1e-08,trajectory,373,False,0.5303030303030303,0.8193473193473194,,1.0,1.0,0.77000777000777
reacher,0.001,1e-08,trajectory,374,False,1.0,0.7070707070707071,,1.0,1.0,1.0
reacher,0.001,1e-08,trajectory,375,False,1.0,1.0,,1.0,1.0,1.0
reacher,0.001,1e-08,trajectory,376,False,1.0,1.0,,1.0,0.2874902874902875,1.0
reacher,0.001,1e-08,trajectory,377,False,1.0,1.0,,1.0,1.0,1.0
reacher,0.001,1e-08,trajectory,378,False,1.0,1.0,,1.0,1.0,1.0
reacher,0.001,1e-08,trajectory,379,False,1.0,1.0,,1.0,1.0,1.0
reacher,0.001,1e-08,trajectory,380,False,1.0,1.0,,1.0,1.0,1.0
reacher,0.001,1e-08,trajectory,381,False,0.1048951048951049,0.5738150738150738,,1.0,1.0,1.0
reacher,0.001,1e-08,trajectory,382,False,1.0,1.0,,1.0,1.0,1.0
reacher,0.001,1e-08,trajectory,383,False,1.0,1.0,,1.0,1.0,1.0
reacher,0.001,1e-08,trajectory,384,False,1.0,1.0,,1.0,1.0,1.0
reacher,0.001,1e-08,trajectory,385,False,1.0,1.0,,1.0,1.0,0.46464646464646464
reacher,0.001,1e-08,trajectory,386,False,1.0,1.0,,1.0,1.0,1.0
reacher,0.001,1e-08,trajectory,387,False,0.3721833721833722,1.0,,1.0,0.6721056721056722,1.0
reacher,0.001,1e-08,trajectory,388,False,1.0,1.0,,1.0,1.0,0.9432789432789433
reacher,0.001,1e-08,trajectory,389,False,1.0,1.0,,1.0,1.0,1.0
reacher,0.001,1e-08,trajectory,390,False,1.0,1.0,,1.0,1.0,1.0
reacher,0.001,1e-08,trajectory,391,False,1.0,1.0,,1.0,1.0,1.0
reacher,0.001,1e-08,trajectory,392,False,1.0,1.0,,1.0,0.632090132090132,1.0
reacher,0.001,1e-08,trajectory,393,False,1.0,0.933954933954934,,1.0,1.0,1.0
reacher,0.001,1e-08,trajectory,394,False,1.0,1.0,,1.0,1.0,1.0
reacher,0.001,1e-08,trajectory,395,False,1.0,1.0,,1.0,1.0,0.1895881895881896
reacher,0.001,1e-08,trajectory,396,False,0.49961149961149964,1.0,,1.0,1.0,0.7051282051282051
reacher,0.001,1e-08,trajectory,397,False,1.0,0.25213675213675213,,1.0,0.7703962703962703,1.0
reacher,0.001,1e-08,trajectory,398,False,1.0,1.0,,1.0,1.0,1.0
reacher,0.001,1e-08,trajectory,399,False,1.0,1.0,,1.0,1.0,0.9646464646464646
reacher,0.001,1e-08,trajectory,400,False,1.0,0.06332556332556333,,1.0,1.0,1.0
reacher,0.001,1e-08,trajectory,401,False,1.0,1.0,,1.0,0.11616161616161616,1.0
reacher,0.001,1e-08,trajectory,402,False,1.0,0.7867132867132867,,1.0,1.0,0.7836052836052836
reacher,0.001,1e-08,trajectory,403,False,0.26845376845376845,1.0,,1.0,1.0,1.0
reacher,0.001,1e-08,trajectory,404,False,1.0,0.17637917637917638,,1.0,0.5186480186480187,1.0
reacher,0.001,1e-08,trajectory,405,False,0.8255633255633256,1.0,,1.0,1.0,1.0
reacher,0.001,1e-08,trajectory,406,False,1.0,1.0,,1.0,0.42268842268842266,1.0
reacher,0.001,1e-08,trajectory,407,False,1.0,1.0,,1.0,1.0,1.0
reacher,0.001,1e-08,trajectory,408,False,0.337995337995338,1.0,,1.0,1.0,1.0
reacher,0.001,1e-08,trajectory,409,False,0.5780885780885782,0.5648795648795648,,1.0,1.0,1.0
reacher,0.001,1e-08,trajectory,410,False,1.0,1.0,,1.0,1.0,1.0
reacher,0.001,1e-08,trajectory,411,False,0.20784770784770784,1.0,,1.0,1.0,1.0
reacher,0.001,1e-08,trajectory,412,False,0.628982128982129,1.0,,1.0,1.0,1.0
reacher,0.001,1e-08,trajectory,413,False,0.07381507381507382,1.0,,1.0,1.0,1.0
reacher,0.001,1e-08,trajectory,414,False,1.0,1.0,,1.0,1.0,1.0
reacher,0.001,1e-08,trajectory,415,False,1.0,1.0,,1.0,1.0,1.0
reacher,0.001,1e-08,trajectory,416,False,1.0,1.0,,1.0,0.5761460761460762,1.0
reacher,0.001,1e-08,trajectory,417,False,1.0,0.9335664335664335,,1.0,1.0,1.0
reacher,0.001,1e-08,trajectory,418,False,1.0,0.3609168609168609,,1.0,1.0,1.0
reacher,0.001,1e-08,trajectory,419,False,0.5944055944055944,1.0,,1.0,1.0,1.0
reacher,0.001,1e-08,trajectory,420,False,0.47824397824397824,1.0,,1.0,0.03885003885003885,1.0
reacher,0.001,1e-08,trajectory,421,False,1.0,1.0,,1.0,1.0,1.0
reacher,0.001,1e-08,trajectory,422,False,1.0,0.19541569541569542,,1.0,1.0,1.0
reacher,0.001,1e-08,trajectory,423,False,1.0,1.0,,1.0,1.0,1.0
reacher,0.001,1e-08,trajectory,424,False,1.0,0.06526806526806526,,1.0,1.0,1.0
reacher,0.001,1e-08,trajectory,425,False,1.0,1.0,,1.0,1.0,1.0
reacher,0.001,1e-08,trajectory,426,False,1.0,1.0,,1.0,1.0,1.0
reacher,0.001,1e-08,trajectory,427,False,1.0,1.0,,1.0,1.0,1.0
reacher,0.001,1e-08,trajectory,428,False,0.8609168609168609,1.0,,1.0,0.5077700077700078,1.0
reacher,0.001,1e-08,trajectory,429,False,1.0,1.0,,1.0,1.0,1.0
reacher,0.001,1e-08,trajectory,430,False,1.0,1.0,,1.0,1.0,1.0
reacher,0.001,1e-08,trajectory,431,False,1.0,1.0,,1.0,1.0,1.0
reacher,0.001,1e-08,trajectory,432,False,1.0,1.0,,1.0,1.0,1.0
reacher,0.001,1e-08,trajectory,433,False,1.0,1.0,,1.0,1.0,1.0
reacher,0.001,1e-08,trajectory,434,False,0.6336441336441336,1.0,,1.0,1.0,1.0
reacher,0.001,1e-08,trajectory,435,False,1.0,1.0,,1.0,1.0,0.17327117327117325
reacher,0.001,1e-08,trajectory,436,False,1.0,1.0,,1.0,1.0,1.0
reacher,0.001,1e-08,trajectory,437,False,1.0,1.0,,1.0,1.0,1.0
reacher,0.001,1e-08,trajectory,438,False,0.7385392385392385,1.0,,1.0,0.27000777000777,1.0
reacher,0.001,1e-08,trajectory,439,False,1.0,1.0,,1.0,0.11188811188811189,1.0
reacher,0.001,1e-08,trajectory,440,False,1.0,1.0,,1.0,0.616938616938617,1.0
reacher,0.001,1e-08,trajectory,441,False,1.0,1.0,,1.0,1.0,1.0
reacher,0.001,1e-08,trajectory,442,False,1.0,0.022921522921522924,,1.0,1.0,1.0
reacher,0.001,1e-08,trajectory,443,False,1.0,0.9720279720279721,,1.0,1.0,1.0
reacher,0.001,1e-08,trajectory,444,False,1.0,1.0,,1.0,1.0,1.0
reacher,0.001,1e-08,trajectory,445,False,1.0,1.0,,1.0,1.0,1.0
reacher,0.001,1e-08,trajectory,446,False,1.0,1.0,,1.0,0.8469308469308469,1.0
reacher,0.001,1e-08,trajectory,447,False,1.0,1.0,,1.0,1.0,1.0
reacher,0.001,1e-08,trajectory,448,False,1.0,1.0,,1.0,1.0,1.0
reacher,0.001,1e-08,trajectory,449,False,1.0,1.0,,1.0,1.0,1.0
reacher,0.001,1e-08,trajectory,450,False,1.0,1.0,,1.0,1.0,0.8667443667443668
reacher,0.001,1e-08,trajectory,451,False,1.0,1.0,,1.0,1.0,1.0
reacher,0.001,1e-08,trajectory,452,False,0.2296037296037296,1.0,,1.0,1.0,1.0
reacher,0.001,1e-08,trajectory,453,False,1.0,1.0,,1.0,1.0,1.0
reacher,0.001,1e-08,trajectory,454,False,1.0,1.0,,1.0,1.0,1.0
reacher,0.001,1e-08,trajectory,455,False,0.7233877233877234,1.0,,1.0,1.0,1.0
reacher,0.001,1e-08,trajectory,456,False,0.6452991452991453,1.0,,1.0,1.0,1.0
reacher,0.001,1e-08,trajectory,457,False,1.0,1.0,,1.0,1.0,1.0
reacher,0.001,1e-08,trajectory,458,False,0.6437451437451437,1.0,,1.0,1.0,1.0
reacher,0.001,1e-08,trajectory,459,False,1.0,1.0,,1.0,1.0,1.0
reacher,0.001,1e-08,trajectory,460,False,1.0,1.0,,1.0,1.0,1.0
reacher,0.001,1e-08,trajectory,461,False,1.0,1.0,,1.0,1.0,1.0
reacher,0.001,1e-08,trajectory,462,False,1.0,1.0,,1.0,1.0,1.0
reacher,0.001,1e-08,trajectory,463,False,1.0,1.0,,1.0,1.0,1.0
reacher,0.001,1e-08,trajectory,464,False,1.0,1.0,,1.0,1.0,1.0
reacher,0.001,1e-08,trajectory,465,False,1.0,1.0,,1.0,1.0,1.0
reacher,0.001,1e-08,trajectory,466,False,1.0,0.611111111111111,,1.0,0.053613053613053616,1.0
reacher,0.001,1e-08,trajectory,467,False,1.0,1.0,,1.0,1.0,0.8275058275058276
reacher,0.001,1e-08,trajectory,468,False,1.0,1.0,,1.0,1.0,1.0
reacher,0.001,1e-08,trajectory,469,False,0.6511266511266511,1.0,,1.0,1.0,1.0
reacher,0.001,1e-08,trajectory,470,False,1.0,0.13053613053613053,,1.0,1.0,0.3803418803418803
reacher,0.001,1e-08,trajectory,471,False,1.0,1.0,,1.0,0.28477078477078477,1.0
reacher,0.001,1e-08,trajectory,472,False,1.0,0.5473970473970474,,1.0,0.9289044289044289,1.0
reacher,0.001,1e-08,trajectory,473,False,1.0,1.0,,1.0,1.0,1.0
reacher,0.001,1e-08,trajectory,474,False,1.0,0.5027195027195027,,1.0,1.0,1.0
reacher,0.001,1e-08,trajectory,475,False,0.6686091686091686,1.0,,1.0,1.0,0.6604506604506605
reacher,0.001,1e-08,trajectory,476,False,0.3010878010878011,1.0,,1.0,1.0,0.044289044289044295
reacher,0.001,1e-08,trajectory,477,False,1.0,1.0,,1.0,1.0,1.0
reacher,0.001,1e-08,trajectory,478,False,0.6787101787101788,1.0,,1.0,0.026418026418026416,1.0
reacher,0.001,1e-08,trajectory,479,False,1.0,0.7983682983682984,,1.0,1.0,1.0
reacher,0.001,1e-08,trajectory,480,False,1.0,1.0,,1.0,0.08896658896658896,1.0
reacher,0.001,1e-08,trajectory,481,False,0.9731934731934732,1.0,,1.0,1.0,1.0
reacher,0.001,1e-08,trajectory,482,False,1.0,1.0,,1.0,1.0,1.0
reacher,0.001,1e-08,trajectory,483,False,1.0,1.0,,1.0,0.7482517482517482,1.0
reacher,0.001,1e-08,trajectory,484,False,0.9331779331779332,1.0,,1.0,0.10256410256410256,1.0
reacher,0.001,1e-08,trajectory,485,False,0.33721833721833727,1.0,,1.0,1.0,1.0
reacher,0.001,1e-08,trajectory,486,False,1.0,0.5287490287490287,,1.0,1.0,1.0
reacher,0.001,1e-08,trajectory,487,False,1.0,1.0,,1.0,1.0,0.5271950271950272
reacher,0.001,1e-08,trajectory,488,False,1.0,1.0,,1.0,1.0,1.0
reacher,0.001,1e-08,trajectory,489,False,1.0,1.0,,1.0,1.0,1.0
reacher,0.001,1e-08,trajectory,490,False,1.0,1.0,,1.0,1.0,1.0
reacher,0.001,1e-08,trajectory,491,False,1.0,1.0,,1.0,1.0,1.0
reacher,0.001,1e-08,trajectory,492,False,1.0,0.3337218337218337,,1.0,1.0,1.0
reacher,0.001,1e-08,trajectory,493,False,0.43278943278943277,0.3601398601398601,,1.0,1.0,1.0
reacher,0.001,1e-08,trajectory,494,False,0.7404817404817404,1.0,,1.0,1.0,1.0
reacher,0.001,1e-08,trajectory,495,False,0.2595182595182595,1.0,,1.0,1.0,1.0
reacher,0.001,1e-08,trajectory,496,False,1.0,0.022921522921522924,,1.0,1.0,1.0
reacher,0.001,1e-08,trajectory,497,False,1.0,1.0,,1.0,1.0,1.0
reacher,0.001,1e-08,trajectory,498,False,1.0,1.0,,1.0,0.4976689976689977,1.0
reacher,0.001,1e-08,trajectory,499,False,1.0,1.0,,1.0,0.6934731934731935,1.0
reacher,0.001,0.0,block,0,False,0.6136485715976512,1.0,,1.0,1.0,1.0
reacher,0.001,0.0,block,1,False,1.0,1.0,,1.0,0.09508334264701396,1.0
reacher,0.001,0.0,block,2,False,0.26417155666885983,0.4429980555633106,,1.0,1.0,1.0
reacher,0.001,0.0,block,3,False,1.0,1.0,,1.0,1.0,1.0
reacher,0.001,0.0,block,4,False,1.0,1.0,,1.0,1.0,0.3104828859931134
reacher,0.001,0.0,block,5,False,1.0,1.0,,1.0,1.0,1.0
reacher,0.001,0.0,block,6,False,0.14360173842214508,1.0,,1.0,1.0,0.7608424948783319
reacher,0.001,0.0,block,7,False,0.1153986194655702,1.0,,1.0,0.13501246376058362,1.0
reacher,0.001,0.0,block,8,False,1.0,1.0,,1.0,1.0,0.6845442682509267
reacher,0.001,0.0,block,9,False,1.0,1.0,,1.0,1.0,1.0
reacher,0.001,0.0,block,10,False,0.45387170270916155,1.0,,1.0,1.0,1.0
reacher,0.001,0.0,block,11,False,1.0,1.0,,1.0,1.0,0.26417155666885983
reacher,0.001,0.0,block,12,False,1.0,1.0,,1.0,1.0,1.0
reacher,0.001,0.0,block,13,False,1.0,1.0,,1.0,0.9661549026219174,1.0
reacher,0.001,0.0,block,14,False,1.0,1.0,,1.0,1.0,1.0
reacher,0.001,0.0,block,15,False,1.0,1.0,,1.0,1.0,1.0
reacher,0.001,0.0,block,16,False,1.0,1.0,,1.0,1.0,1.0
reacher,0.001,0.0,block,17,False,1.0,1.0,,1.0,0.41154206780600083,0.54806899887057
reacher,0.001,0.0,block,18,False,1.0,0.06567549976105255,,1.0,0.30235231306218296,1.0
reacher,0.001,0.0,block,19,False,1.0,0.08902572540874938,,1.0,1.0,1.0
reacher,0.001,0.0,block,20,False,1.0,0.9297691410270479,,1.0,0.31878304034294147,1.0
reacher,0.001,0.0,block,21,False,1.0,1.0,,1.0,1.0,0.06567549976105255
reacher,0.001,0.0,block,22,False,1.0,1.0,,1.0,1.0,1.0
reacher,0.001,0.0,block,23,False,0.028432961803971632,1.0,,1.0,0.6136485715976512,0.4429980555633106
reacher,0.001,0.0,block,24,False,1.0,1.0,,1.0,1.0,1.0
reacher,0.001,0.0,block,25,False,0.4993495343962692,0.3359001104577981,,1.0,0.3447209808811339,0.4323196508529323
reacher,0.001,0.0,block,26,False,1.0,1.0,,1.0,1.0,1.0
reacher,0.001,0.0,block,27,False,1.0,1.0,,1.0,1.0,1.0
reacher,0.001,0.0,block,28,False,1.0,1.0,,1.0,0.9478546057840134,1.0
reacher,0.001,0.0,block,29,False,0.573670120390602,1.0,,1.0,0.41154206780600083,0.7928855927742826
reacher,0.001,0.0,block,30,False,1.0,1.0,,1.0,0.7608424948783319,1.0
reacher,0.001,0.0,block,31,False,1.0,1.0,,1.0,1.0,1.0
reacher,0.001,0.0,block,32,False,1.0,1.0,,1.0,1.0,1.0
reacher,0.001,0.0,block,33,False,0.9478546057840134,1.0,,1.0,1.0,0.6699350862952114
reacher,0.001,0.0,block,34,False,1.0,1.0,,1.0,1.0,1.0
reacher,0.001,0.0,block,35,False,0.2500140657696214,1.0,,1.0,1.0,1.0
reacher,0.001,0.0,block,36,False,1.0,0.4429980555633106,,1.0,1.0,1.0
reacher,0.001,0.0,block,37,False,1.0,1.0,,1.0,1.0,1.0
reacher,0.001,0.0,block,38,False,1.0,0.2570152853541666,,1.0,1.0,1.0
reacher,0.001,0.0,block,39,False,1.0,1.0,,1.0,1.0,1.0
reacher,0.001,0.0,block,40,False,1.0,1.0,,1.0,1.0,1.0
reacher,0.001,0.0,block,41,False,0.6555415871341469,1.0,,1.0,0.4649421660487127,1.0
reacher,0.001,0.0,block,42,False,1.0,0.07789320058397385,,1.0,1.0,0.4649421660487127
reacher,0.001,0.0,block,43,False,1.0,1.0,,1.0,1.0,1.0
reacher,0.001,0.0,block,44,False,1.0,1.0,,1.0,0.3359001104577981,0.3915255624996303
reacher,0.001,0.0,block,45,False,1.0,0.42183487331696773,,1.0,0.09508334264701396,1.0
reacher,0.001,0.0,block,46,False,1.0,1.0,,1.0,1.0,1.0
reacher,0.001,0.0,block,47,False,0.3915255624996303,1.0,,1.0,1.0,1.0
reacher,0.001,0.0,block,48,False,1.0,1.0,,1.0,1.0,1.0
reacher,0.001,0.0,block,49,False,0.45387170270916155,1.0,,1.0,0.016369968224672075,1.0
reacher,0.001,0.0,block,50,False,1.0,1.0,,1.0,1.0,1.0
reacher,0.001,0.0,block,51,False,0.3722561572259152,1.0,,1.0,1.0,1.0
reacher,0.001,0.0,block,52,False,1.0,1.0,,1.0,1.0,1.0
reacher,0.001,0.0,block,53,False,0.7608424948783319,1.0,,1.0,0.11177849309878132,1.0
reacher,0.001,0.0,block,54,False,1.0,1.0,,1.0,1.0,0.02632865050366863
reacher,0.001,0.0,block,55,False,1.0,1.0,,1.0,1.0,1.0
reacher,0.001,0.0,block,56,False,0.2865917775265695,1.0,,1.0,1.0,1.0
reacher,0.001,0.0,block,57,False,1.0,1.0,,1.0,1.0,1.0
reacher,0.001,0.0,block,58,False,1.0,1.0,,1.0,0.8942454222225573,1.0
reacher,0.001,0.0,block,59,False,1.0,1.0,,1.0,1.0,0.26417155666885983
reacher,0.001,0.0,block,60,False,1.0,1.0,,1.0,1.0,1.0
reacher,0.001,0.0,block,61,False,1.0,1.0,,1.0,1.0,1.0
reacher,0.001,0.0,block,62,False,1.0,0.45387170270916155,,1.0,1.0,1.0
reacher,0.001,0.0,block,63,False,1.0,1.0,,1.0,1.0,1.0
reacher,0.001,0.0,block,64,False,1.0,1.0,,1.0,1.0,1.0
reacher,0.001,0.0,block,65,False,1.0,1.0,,1.0,0.4876796191470445,1.0
reacher,0.001,0.0,block,66,False,1.0,1.0,,1.0,0.4429980555633106,0.271484994921999
reacher,0.001,0.0,block,67,False,0.15264059662275142,1.0,,1.0,1.0,1.0
reacher,0.001,0.0,block,68,False,1.0,0.41154206780600083,,1.0,1.0,0.41154206780600083
reacher,0.001,0.0,block,69,False,1.0,1.0,,1.0,0.022531130417049672,1.0
reacher,0.001,0.0,block,70,False,0.7767550062574893,1.0,,1.0,0.35371933898958596,1.0
reacher,0.001,0.0,block,71,False,1.0,1.0,,1.0,1.0,0.31878304034294147
reacher,0.001,0.0,block,72,False,1.0,1.0,,1.0,0.40143954089596146,1.0
reacher,0.001,0.0,block,73,False,1.0,1.0,,1.0,1.0,1.0
reacher,0.001,0.0,block,74,False,1.0,1.0,,1.0,1.0,1.0
reacher,0.001,0.0,block,75,False,1.0,1.0,,1.0,0.03309422726664917,1.0
reacher,0.001,0.0,block,76,False,1.0,1.0,,1.0,1.0,1.0
reacher,0.001,0.0,block,77,False,1.0,0.8092342953647003,,1.0,1.0,1.0
reacher,0.001,0.0,block,78,False,1.0,1.0,,1.0,1.0,1.0
reacher,0.001,0.0,block,79,False,1.0,1.0,,1.0,1.0,1.0
reacher,0.001,0.0,block,80,False,1.0,1.0,,1.0,1.0,1.0
reacher,0.001,0.0,block,81,False,0.08055795871544738,1.0,,1.0,1.0,1.0
reacher,0.001,0.0,block,82,False,1.0,0.6273990582878839,,1.0,1.0,1.0
reacher,0.001,0.0,block,83,False,0.14806393167806503,0.40143954089596146,,1.0,1.0,1.0
reacher,0.001,0.0,block,84,False,1.0,1.0,,1.0,1.0,0.3447209808811339
reacher,0.001,0.0,block,85,False,0.3722561572259152,1.0,,1.0,1.0,1.0
reacher,0.001,0.0,block,86,False,0.8092342953647003,1.0,,1.0,0.2500140657696214,1.0
reacher,0.001,0.0,block,87,False,1.0,1.0,,1.0,1.0,1.0
reacher,0.001,0.0,block,88,False,1.0,1.0,,1.0,1.0,0.7296711472092923
reacher,0.001,0.0,block,89,False,1.0,1.0,,1.0,1.0,0.12293553495862927
reacher,0.001,0.0,block,90,False,1.0,1.0,,1.0,1.0,1.0
reacher,0.001,0.0,block,91,False,1.0,0.2431657732396064,,1.0,1.0,1.0
reacher,0.001,0.0,block,92,False,0.6413631429346967,0.7451479401611318,,1.0,1.0,1.0
reacher,0.001,0.0,block,93,False,1.0,1.0,,1.0,1.0,0.8595883235072879
reacher,0.001,0.0,block,94,False,1.0,0.5607651358643823,,1.0,0.9118992083644375,1.0
reacher,0.001,0.0,block,95,False,0.4323196508529323,1.0,,1.0,0.051370554789317645,1.0
reacher,0.001,0.0,block,96,False,1.0,1.0,,1.0,1.0,1.0
reacher,0.001,0.0,block,97,False,1.0,1.0,,1.0,1.0,1.0
reacher,0.001,0.0,block,98,False,0.6413631429346967,1.0,,1.0,1.0,1.0
reacher,0.001,0.0,block,99,False,1.0,0.36289710130330133,,1.0,0.41154206780600083,1.0
reacher,0.001,0.0,block,100,False,0.9661549026219174,0.8425858183875765,,1.0,1.0,1.0
reacher,0.001,0.0,block,101,False,1.0,1.0,,1.0,1.0,0.3272547856416052
reacher,0.001,0.0,block,102,False,1.0,1.0,,1.0,1.0,1.0
reacher,0.001,0.0,block,103,False,0.31878304034294147,1.0,,1.0,0.6001108564960861,1.0
reacher,0.001,0.0,block,104,False,1.0,1.0,,1.0,1.0,1.0
reacher,0.001,0.0,block,105,False,0.9297691410270479,0.36289710130330133,,1.0,1.0,1.0
reacher,0.001,0.0,block,106,False,1.0,1.0,,1.0,1.0,1.0
reacher,0.001,0.0,block,107,False,1.0,1.0,,1.0,0.13925193796322732,1.0
reacher,0.001,0.0,block,108,False,1.0,1.0,,1.0,1.0,1.0
reacher,0.001,0.0,block,109,False,1.0,1.0,,1.0,1.0,1.0
reacher,0.001,0.0,block,110,False,1.0,1.0,,1.0,1.0,1.0
reacher,0.001,0.0,block,111,False,1.0,1.0,,1.0,1.0,1.0
reacher,0.001,0.0,block,112,False,1.0,1.0,,1.0,1.0,0.6845442682509267
reacher,0.001,0.0,block,113,False,1.0,1.0,,1.0,1.0,0.4993495343962692
reacher,0.001,0.0,block,114,False,1.0,1.0,,1.0,1.0,1.0
reacher,0.001,0.0,block,115,False,1.0,1.0,,1.0,0.3722561572259152,1.0
reacher,0.001,0.0,block,116,False,1.0,1.0,,1.0,1.0,1.0
reacher,0.001,0.0,block,117,False,1.0,1.0,,1.0,1.0,1.0
reacher,0.001,0.0,block,118,False,1.0,1.0,,1.0,1.0,1.0
reacher,0.001,0.0,block,119,False,1.0,1.0,,1.0,1.0,1.0
reacher,0.001,0.0,block,120,False,1.0,1.0,,1.0,1.0,1.0
reacher,0.001,0.0,block,121,False,1.0,1.0,,1.0,0.3104828859931134,1.0
reacher,0.001,0.0,block,122,False,1.0,1.0,,1.0,1.0,1.0
reacher,0.001,0.0,block,123,False,1.0,1.0,,1.0,0.45387170270916155,1.0
reacher,0.001,0.0,block,124,False,1.0,1.0,,1.0,1.0,1.0
reacher,0.001,0.0,block,125,False,1.0,1.0,,1.0,0.9297691410270479,1.0
reacher,0.001,0.0,block,126,False,1.0,1.0,,1.0,1.0,1.0
reacher,0.001,0.0,block,127,False,1.0,1.0,,1.0,1.0,0.31878304034294147
reacher,0.001,0.0,block,128,False,1.0,1.0,,1.0,1.0,1.0
reacher,0.001,0.0,block,129,False,1.0,0.7451479401611318,,1.0,1.0,0.7767550062574893
reacher,0.001,0.0,block,130,False,1.0,0.4649421660487127,,1.0,1.0,1.0
reacher,0.001,0.0,block,131,False,1.0,1.0,,1.0,0.22351709723647442,1.0
reacher,0.001,0.0,block,132,False,1.0,0.11177849309878132,,1.0,1.0,1.0
reacher,0.001,0.0,block,133,False,1.0,1.0,,1.0,1.0,0.06797716095810785
reacher,0.001,0.0,block,134,False,0.573670120390602,1.0,,1.0,0.3722561572259152,1.0
reacher,0.001,0.0,block,135,False,1.0,1.0,,1.0,0.23646827496361472,1.0
reacher,0.001,0.0,block,136,False,1.0,0.03309422726664917,,1.0,0.5607651358643823,1.0
reacher,0.001,0.0,block,137,False,1.0,1.0,,1.0,1.0,1.0
reacher,0.001,0.0,block,138,False,1.0,0.08902572540874938,,1.0,1.0,1.0
reacher,0.001,0.0,block,139,False,1.0,1.0,,1.0,1.0,1.0
reacher,0.001,0.0,block,140,False,1.0,0.8595883235072879,,1.0,1.0,1.0
reacher,0.001,0.0,block,141,False,1.0,1.0,,1.0,1.0,1.0
reacher,0.001,0.0,block,142,False,1.0,1.0,,1.0,1.0,1.0
reacher,0.001,0.0,block,143,True,0.008370104023745075,0.54806899887057,,1.0,1.0,1.0
reacher,0.001,0.0,block,144,False,0.6993696918975603,1.0,,1.0,1.0,0.13501246376058362
reacher,0.001,0.0,block,145,False,0.6699350862952114,1.0,,1.0,1.0,1.0
reacher,0.001,0.0,block,146,False,0.45387170270916155,1.0,,1.0,1.0,1.0
reacher,0.001,0.0,block,147,False,1.0,1.0,,1.0,1.0,1.0
reacher,0.001,0.0,block,148,False,1.0,1.0,,1.0,1.0,1.0
reacher,0.001,0.0,block,149,False,1.0,1.0,,1.0,0.8942454222225573,1.0
reacher,0.001,0.0,block,150,False,1.0,0.9478546057840134,,1.0,1.0,1.0
reacher,0.001,0.0,block,151,False,1.0,1.0,,1.0,1.0,1.0
reacher,0.001,0.0,block,152,False,0.08612245110132294,1.0,,1.0,0.1268562944343818,0.5867850232833438
reacher,0.001,0.0,block,153,False,1.0,1.0,,1.0,0.825801076347237,1.0
reacher,0.001,0.0,block,154,False,0.23646827496361472,1.0,,1.0,1.0,1.0
reacher,0.001,0.0,block,155,False,0.36289710130330133,0.10148798000214262,,1.0,0.4876796191470445,0.17213393662655022
reacher,0.001,0.0,block,156,False,1.0,1.0,,1.0,1.0,1.0
reacher,0.001,0.0,block,157,False,1.0,1.0,,1.0,1.0,1.0
reacher,0.001,0.0,block,158,False,1.0,1.0,,1.0,1.0,1.0
reacher,0.001,0.0,block,159,False,1.0,1.0,,1.0,1.0,1.0
reacher,0.001,0.0,block,160,False,1.0,1.0,,1.0,1.0,1.0
reacher,0.001,0.0,block,161,False,1.0,0.7451479401611318,,1.0,1.0,1.0
reacher,0.001,0.0,block,162,False,1.0,1.0,,1.0,1.0,1.0
reacher,0.001,0.0,block,163,False,1.0,1.0,,1.0,1.0,1.0
reacher,0.001,0.0,block,164,False,1.0,1.0,,1.0,1.0,1.0
reacher,0.001,0.0,block,165,False,1.0,1.0,,1.0,0.3104828859931134,1.0
reacher,0.001,0.0,block,166,False,1.0,1.0,,1.0,0.2943892925610226,1.0
reacher,0.001,0.0,block,167,False,1.0,0.6273990582878839,,1.0,1.0,1.0
reacher,0.001,0.0,block,168,False,0.9478546057840134,1.0,,1.0,1.0,1.0
reacher,0.001,0.0,block,169,False,1.0,1.0,,1.0,1.0,1.0
reacher,0.001,0.0,block,170,False,1.0,0.06797716095810785,,1.0,1.0,1.0
reacher,0.001,0.0,block,171,False,1.0,1.0,,1.0,0.9478546057840134,1.0
reacher,0.001,0.0,block,172,False,1.0,1.0,,1.0,1.0,1.0
reacher,0.001,0.0,block,173,False,1.0,1.0,,1.0,1.0,0.8092342953647003
reacher,0.001,0.0,block,174,False,1.0,1.0,,1.0,1.0,1.0
reacher,0.001,0.0,block,175,False,1.0,0.7608424948783319,,1.0,1.0,1.0
reacher,0.001,0.0,block,176,False,0.015088451284764456,0.21114335719518934,,1.0,0.2943892925610226,0.7451479401611318
reacher,0.001,0.0,block,177,False,0.5867850232833438,0.6273990582878839,,1.0,1.0,0.7144118458634691
reacher,0.001,0.0,block,178,False,1.0,1.0,,1.0,1.0,1.0
reacher,0.001,0.0,block,179,False,1.0,1.0,,1.0,1.0,1.0
reacher,0.001,0.0,block,180,False,1.0,1.0,,1.0,1.0,0.2865917775265695
reacher,0.001,0.0,block,181,False,1.0,0.13501246376058362,,1.0,1.0,0.05712960201522223
reacher,0.001,0.0,block,182,False,1.0,1.0,,1.0,1.0,1.0
reacher,0.001,0.0,block,183,False,1.0,1.0,,1.0,0.06344149947272618,1.0
reacher,0.001,0.0,block,184,False,1.0,1.0,,1.0,0.38179836747454005,1.0
reacher,0.001,0.0,block,185,False,1.0,1.0,,1.0,1.0,1.0
reacher,0.001,0.0,block,186,False,1.0,1.0,,1.0,1.0,1.0
reacher,0.001,0.0,block,187,False,0.271484994921999,1.0,,1.0,1.0,1.0
reacher,0.001,0.0,block,188,False,1.0,1.0,,1.0,1.0,1.0
reacher,0.001,0.0,block,189,False,1.0,0.36289710130330133,,1.0,0.9297691410270479,1.0
reacher,0.001,0.0,block,190,False,1.0,1.0,,1.0,1.0,1.0
reacher,0.001,0.0,block,191,False,1.0,1.0,,1.0,1.0,1.0
reacher,0.001,0.0,block,192,False,1.0,1.0,,1.0,1.0,1.0
reacher,0.001,0.0,block,193,False,1.0,1.0,,1.0,1.0,1.0
reacher,0.001,0.0,block,194,False,1.0,1.0,,1.0,0.9846692452967034,1.0
reacher,0.001,0.0,block,195,False,1.0,0.8595883235072879,,1.0,1.0,1.0
reacher,0.001,0.0,block,196,False,0.6001108564960861,1.0,,1.0,1.0,1.0
reacher,0.001,0.0,block,197,False,0.5355805812164784,1.0,,1.0,1.0,0.6273990582878839
reacher,0.001,0.0,block,198,False,0.06797716095810785,1.0,,1.0,1.0,0.5867850232833438
reacher,0.001,0.0,block,199,False,0.4649421660487127,1.0,,1.0,0.26417155666885983,1.0
reacher,0.001,0.0,block,200,False,1.0,1.0,,1.0,1.0,1.0
reacher,0.001,0.0,block,201,False,1.0,1.0,,1.0,1.0,1.0
reacher,0.001,0.0,block,202,False,1.0,1.0,,1.0,1.0,1.0
reacher,0.001,0.0,block,203,False,1.0,0.10148798000214262,,1.0,1.0,0.6993696918975603
reacher,0.001,0.0,block,204,False,0.18262225292310297,1.0,,1.0,1.0,0.08330045586462996
reacher,0.001,0.0,block,205,False,1.0,1.0,,1.0,1.0,1.0
reacher,0.001,0.0,block,206,False,0.8425858183875765,0.825801076347237,,1.0,1.0,1.0
reacher,0.001,0.0,block,207,False,1.0,1.0,,1.0,1.0,0.6993696918975603
reacher,0.001,0.0,block,208,False,1.0,1.0,,1.0,1.0,1.0
reacher,0.001,0.0,block,209,False,1.0,1.0,,1.0,1.0,1.0
reacher,0.001,0.0,block,210,False,1.0,1.0,,1.0,1.0,0.6555415871341469
reacher,0.001,0.0,block,211,False,1.0,1.0,,1.0,0.5607651358643823,1.0
reacher,0.001,0.0,block,212,False,1.0,1.0,,1.0,1.0,1.0
reacher,0.001,0.0,block,213,False,1.0,1.0,,1.0,1.0,1.0
reacher,0.001,0.0,block,214,False,1.0,1.0,,1.0,1.0,1.0
reacher,0.001,0.0,block,215,False,0.54806899887057,1.0,,1.0,1.0,1.0
reacher,0.001,0.0,block,216,False,1.0,0.3359001104577981,,1.0,1.0,1.0
reacher,0.001,0.0,block,217,False,1.0,1.0,,1.0,1.0,0.22351709723647442
reacher,0.001,0.0,block,218,False,1.0,1.0,,1.0,1.0,1.0
reacher,0.001,0.0,block,219,False,1.0,1.0,,1.0,1.0,1.0
reacher,0.001,0.0,block,220,False,1.0,1.0,,1.0,0.825801076347237,1.0
reacher,0.001,0.0,block,221,False,1.0,1.0,,1.0,1.0,1.0
reacher,0.001,0.0,block,222,False,1.0,1.0,,1.0,1.0,0.4323196508529323
reacher,0.001,0.0,block,223,False,0.2943892925610226,1.0,,1.0,1.0,1.0
reacher,0.001,0.0,block,224,False,1.0,0.7767550062574893,,1.0,1.0,0.8942454222225573
reacher,0.001,0.0,block,225,False,1.0,1.0,,1.0,1.0,1.0
reacher,0.001,0.0,block,226,False,1.0,1.0,,1.0,1.0,1.0
reacher,0.001,0.0,block,227,False,1.0,0.573670120390602,,1.0,1.0,1.0
reacher,0.001,0.0,block,228,False,0.271484994921999,1.0,,1.0,1.0,0.825801076347237
reacher,0.001,0.0,block,229,False,1.0,1.0,,1.0,1.0,0.4993495343962692
reacher,0.001,0.0,block,230,False,1.0,1.0,,1.0,1.0,1.0
reacher,0.001,0.0,block,231,False,1.0,1.0,,1.0,1.0,1.0
reacher,0.001,0.0,block,232,False,1.0,1.0,,1.0,0.7451479401611318,1.0
reacher,0.001,0.0,block,233,False,1.0,1.0,,1.0,1.0,1.0
reacher,0.001,0.0,block,234,False,1.0,1.0,,1.0,1.0,1.0
reacher,0.001,0.0,block,235,False,0.08902572540874938,0.8092342953647003,,1.0,0.3359001104577981,1.0
reacher,0.001,0.0,block,236,False,1.0,1.0,,1.0,1.0,1.0
reacher,0.001,0.0,block,237,False,0.6413631429346967,1.0,,1.0,1.0,1.0
reacher,0.001,0.0,block,238,False,1.0,1.0,,1.0,1.0,1.0
reacher,0.001,0.0,block,239,False,1.0,1.0,,1.0,1.0,1.0
reacher,0.001,0.0,block,240,False,0.08055795871544738,0.5232986988893051,,1.0,0.825801076347237,0.7767550062574893
reacher,0.001,0.0,block,241,False,1.0,1.0,,1.0,1.0,1.0
reacher,0.001,0.0,block,242,False,0.1880592863803951,1.0,,1.0,1.0,0.12293553495862927
reacher,0.001,0.0,block,243,False,1.0,1.0,,1.0,1.0,1.0
reacher,0.001,0.0,block,244,False,1.0,1.0,,1.0,1.0,1.0
reacher,0.001,0.0,block,245,False,1.0,1.0,,1.0,1.0,1.0
reacher,0.001,0.0,block,246,False,1.0,1.0,,1.0,0.4876796191470445,1.0
reacher,0.001,0.0,block,247,False,1.0,1.0,,1.0,0.2570152853541666,1.0
reacher,0.001,0.0,block,248,False,1.0,1.0,,1.0,1.0,0.4762109762235614
reacher,0.001,0.0,block,249,False,1.0,1.0,,1.0,1.0,1.0
reacher,0.001,0.0,block,250,False,1.0,1.0,,1.0,1.0,0.5232986988893051
reacher,0.001,0.0,block,251,False,1.0,1.0,,1.0,1.0,1.0
reacher,0.001,0.0,block,252,False,1.0,1.0,,1.0,1.0,1.0
reacher,0.001,0.0,block,253,False,1.0,1.0,,1.0,1.0,1.0
reacher,0.001,0.0,block,254,False,1.0,1.0,,1.0,1.0,1.0
reacher,0.001,0.0,block,255,False,1.0,1.0,,1.0,1.0,1.0
reacher,0.001,0.0,block,256,False,1.0,0.573670120390602,,1.0,1.0,1.0
reacher,0.001,0.0,block,257,False,0.5112221136093356,1.0,,1.0,0.7928855927742826,1.0
reacher,0.001,0.0,block,258,False,1.0,1.0,,1.0,0.6273990582878839,0.06344149947272618
reacher,0.001,0.0,block,259,False,1.0,1.0,,1.0,1.0,1.0
reacher,0.001,0.0,block,260,False,1.0,1.0,,1.0,1.0,1.0
reacher,0.001,0.0,block,261,False,0.9846692452967034,1.0,,1.0,1.0,1.0
reacher,0.001,0.0,block,262,False,1.0,1.0,,1.0,1.0,1.0
reacher,0.001,0.0,block,263,False,0.3722561572259152,1.0,,1.0,0.6845442682509267,0.5607651358643823
reacher,0.001,0.0,block,264,False,1.0,1.0,,1.0,1.0,1.0
reacher,0.001,0.0,block,265,False,1.0,1.0,,1.0,1.0,1.0
reacher,0.001,0.0,block,266,False,1.0,1.0,,1.0,0.6845442682509267,0.3359001104577981
reacher,0.001,0.0,block,267,False,0.7608424948783319,1.0,,1.0,1.0,0.7928855927742826
reacher,0.001,0.0,block,268,False,1.0,1.0,,1.0,0.35371933898958596,1.0
reacher,0.001,0.0,block,269,False,1.0,1.0,,1.0,1.0,1.0
reacher,0.001,0.0,block,270,False,0.4323196508529323,1.0,,1.0,0.3104828859931134,1.0
reacher,0.001,0.0,block,271,True,1.0,1.0,,1.0,0.0070307722318101945,1.0
reacher,0.001,0.0,block,272,False,1.0,1.0,,1.0,1.0,1.0
reacher,0.001,0.0,block,273,False,0.825801076347237,0.6136485715976512,,1.0,1.0,1.0
reacher,0.001,0.0,block,274,False,1.0,1.0,,1.0,1.0,1.0
reacher,0.001,0.0,block,275,False,1.0,1.0,,1.0,1.0,1.0
reacher,0.001,0.0,block,276,False,1.0,1.0,,1.0,1.0,0.17731451657929317
reacher,0.001,0.0,block,277,False,1.0,1.0,,1.0,1.0,1.0
reacher,0.001,0.0,block,278,False,1.0,0.8595883235072879,,1.0,1.0,1.0
reacher,0.001,0.0,block,279,False,1.0,1.0,,1.0,0.38179836747454005,1.0
reacher,0.001,0.0,block,280,False,1.0,0.35371933898958596,,1.0,1.0,1.0
reacher,0.001,0.0,block,281,False,1.0,1.0,,1.0,1.0,1.0
reacher,0.001,0.0,block,282,False,1.0,0.42183487331696773,,1.0,1.0,1.0
reacher,0.001,0.0,block,283,False,1.0,1.0,,1.0,1.0,1.0
reacher,0.001,0.0,block,284,False,1.0,1.0,,1.0,1.0,1.0
reacher,0.001,0.0,block,285,False,1.0,1.0,,1.0,1.0,1.0
reacher,0.001,0.0,block,286,False,1.0,1.0,,1.0,1.0,1.0
reacher,0.001,0.0,block,287,False,1.0,0.9118992083644375,,1.0,1.0,1.0
reacher,0.001,0.0,block,288,True,1.0,0.0053855288493740066,,1.0,1.0,1.0
reacher,0.001,0.0,block,289,False,1.0,1.0,,1.0,0.8942454222225573,0.10482510586269221
reacher,0.001,0.0,block,290,False,1.0,0.5867850232833438,,1.0,0.05323131305846246,1.0
reacher,0.001,0.0,block,291,False,0.7608424948783319,1.0,,1.0,1.0,1.0
reacher,0.001,0.0,block,292,False,1.0,1.0,,1.0,1.0,1.0
reacher,0.001,0.0,block,293,False,1.0,0.42183487331696773,,1.0,1.0,1.0
reacher,0.001,0.0,block,294,False,0.8425858183875765,1.0,,1.0,1.0,0.9661549026219174
reacher,0.001,0.0,block,295,False,1.0,0.6993696918975603,,1.0,1.0,1.0
reacher,0.001,0.0,block,296,False,1.0,1.0,,1.0,0.3447209808811339,0.3915255624996303
reacher,0.001,0.0,block,297,False,1.0,1.0,,1.0,1.0,1.0
reacher,0.001,0.0,block,298,False,1.0,0.4429980555633106,,1.0,1.0,1.0
reacher,0.001,0.0,block,299,False,1.0,1.0,,1.0,1.0,1.0
reacher,0.001,0.0,block,300,False,1.0,1.0,,1.0,1.0,1.0
reacher,0.001,0.0,block,301,False,1.0,1.0,,1.0,0.9297691410270479,1.0
reacher,0.001,0.0,block,302,False,1.0,1.0,,1.0,1.0,1.0
reacher,0.001,0.0,block,303,False,0.42183487331696773,0.6555415871341469,,1.0,1.0,0.31878304034294147
reacher,0.001,0.0,block,304,False,0.7928855927742826,1.0,,1.0,1.0,1.0
reacher,0.001,0.0,block,305,False,1.0,0.45387170270916155,,1.0,1.0,1.0
reacher,0.001,0.0,block,306,False,1.0,0.36289710130330133,,1.0,1.0,1.0
reacher,0.001,0.0,block,307,False,1.0,0.9297691410270479,,1.0,1.0,1.0
reacher,0.001,0.0,block,308,False,1.0,1.0,,1.0,1.0,1.0
reacher,0.001,0.0,block,309,False,1.0,1.0,,1.0,1.0,1.0
reacher,0.001,0.0,block,310,False,1.0,1.0,,1.0,1.0,1.0
reacher,0.001,0.0,block,311,False,0.45387170270916155,1.0,,1.0,1.0,1.0
reacher,0.001,0.0,block,312,False,0.36289710130330133,0.3272547856416052,,1.0,1.0,1.0
reacher,0.001,0.0,block,313,False,1.0,1.0,,1.0,1.0,0.7608424948783319
reacher,0.001,0.0,block,314,False,1.0,1.0,,1.0,1.0,1.0
reacher,0.001,0.0,block,315,False,1.0,1.0,,1.0,0.5355805812164784,1.0
reacher,0.001,0.0,block,316,False,0.1153986194655702,1.0,,1.0,0.8768083121380066,1.0
reacher,0.001,0.0,block,317,False,1.0,0.1670783783316318,,1.0,1.0,1.0
reacher,0.001,0.0,block,318,False,1.0,0.22351709723647442,,1.0,1.0,1.0
reacher,0.001,0.0,block,319,False,1.0,1.0,,1.0,1.0,1.0
reacher,0.001,0.0,block,320,False,1.0,1.0,,1.0,1.0,0.7144118458634691
reacher,0.001,0.0,block,321,False,1.0,1.0,,1.0,1.0,1.0
reacher,0.001,0.0,block,322,False,1.0,1.0,,1.0,1.0,0.41154206780600083
reacher,0.001,0.0,block,323,False,1.0,1.0,,1.0,1.0,1.0
reacher,0.001,0.0,block,324,False,1.0,1.0,,1.0,1.0,1.0
reacher,0.001,0.0,block,325,False,1.0,1.0,,1.0,1.0,1.0
reacher,0.001,0.0,block,326,False,1.0,1.0,,1.0,1.0,1.0
reacher,0.001,0.0,block,327,False,1.0,1.0,,1.0,0.09201208133970196,0.7608424948783319
reacher,0.001,0.0,block,328,False,1.0,0.42183487331696773,,1.0,1.0,1.0
reacher,0.001,0.0,block,329,False,1.0,1.0,,1.0,0.7767550062574893,0.9661549026219174
reacher,0.001,0.0,block,330,False,1.0,1.0,,1.0,1.0,0.9478546057840134
reacher,0.001,0.0,block,331,False,1.0,0.4876796191470445,,1.0,1.0,1.0
reacher,0.001,0.0,block,332,False,0.6413631429346967,1.0,,1.0,1.0,0.7608424948783319
reacher,0.001,0.0,block,333,False,1.0,0.3915255624996303,,1.0,0.5607651358643823,0.2943892925610226
reacher,0.001,0.0,block,334,False,1.0,1.0,,1.0,1.0,1.0
reacher,0.001,0.0,block,335,False,1.0,1.0,,1.0,1.0,1.0
reacher,0.001,0.0,block,336,False,1.0,1.0,,1.0,0.07530444463241773,1.0
reacher,0.001,0.0,block,337,False,1.0,1.0,,1.0,0.06344149947272618,1.0
reacher,0.001,0.0,block,338,False,1.0,1.0,,1.0,0.3722561572259152,1.0
reacher,0.001,0.0,block,339,False,1.0,1.0,,1.0,1.0,1.0
reacher,0.001,0.0,block,340,False,1.0,1.0,,1.0,1.0,0.5355805812164784
reacher,0.001,0.0,block,341,False,0.6136485715976512,1.0,,1.0,1.0,1.0
reacher,0.001,0.0,block,342,False,1.0,1.0,,1.0,1.0,0.4323196508529323
reacher,0.001,0.0,block,343,False,1.0,1.0,,1.0,1.0,1.0
reacher,0.001,0.0,block,344,False,1.0,1.0,,1.0,1.0,1.0
reacher,0.001,0.0,block,345,False,1.0,1.0,,1.0,1.0,1.0
reacher,0.001,0.0,block,346,False,0.573670120390602,1.0,,1.0,1.0,0.7451479401611318
reacher,0.001,0.0,block,347,False,1.0,1.0,,1.0,1.0,1.0
reacher,0.001,0.0,block,348,False,0.7296711472092923,1.0,,1.0,1.0,1.0
reacher,0.001,0.0,block,349,False,1.0,0.019230486667899907,,1.0,1.0,1.0
reacher,0.001,0.0,block,350,False,1.0,1.0,,1.0,1.0,1.0
reacher,0.001,0.0,block,351,False,0.5112221136093356,1.0,,1.0,0.5355805812164784,1.0
reacher,0.001,0.0,block,352,False,0.9661549026219174,1.0,,1.0,1.0,1.0
reacher,0.001,0.0,block,353,False,1.0,0.5232986988893051,,1.0,1.0,0.41154206780600083
reacher,0.001,0.0,block,354,False,1.0,1.0,,1.0,1.0,1.0
reacher,0.001,0.0,block,355,False,1.0,1.0,,1.0,0.35371933898958596,1.0
reacher,0.001,0.0,block,356,False,1.0,1.0,,1.0,0.8768083121380066,1.0
reacher,0.001,0.0,block,357,False,1.0,1.0,,1.0,1.0,1.0
reacher,0.001,0.0,block,358,False,0.4762109762235614,1.0,,1.0,1.0,1.0
reacher,0.001,0.0,block,359,False,1.0,1.0,,1.0,1.0,0.7451479401611318
reacher,0.001,0.0,block,360,False,1.0,0.2570152853541666,,1.0,0.038418669083860546,1.0
reacher,0.001,0.0,block,361,False,1.0,1.0,,1.0,1.0,1.0
reacher,0.001,0.0,block,362,False,1.0,1.0,,1.0,1.0,1.0
reacher,0.001,0.0,block,363,False,1.0,1.0,,1.0,1.0,1.0
reacher,0.001,0.0,block,364,False,1.0,0.27895770448930335,,1.0,1.0,1.0
reacher,0.001,0.0,block,365,False,1.0,1.0,,1.0,1.0,1.0
reacher,0.001,0.0,block,366,False,1.0,1.0,,1.0,1.0,1.0
reacher,0.001,0.0,block,367,False,0.4876796191470445,1.0,,1.0,1.0,1.0
reacher,0.001,0.0,block,368,False,1.0,0.30235231306218296,,1.0,0.1153986194655702,1.0
reacher,0.001,0.0,block,369,False,1.0,0.7144118458634691,,1.0,1.0,1.0
reacher,0.001,0.0,block,370,False,0.08612245110132294,1.0,,1.0,1.0,1.0
reacher,0.001,0.0,block,371,False,1.0,1.0,,1.0,0.6136485715976512,1.0
reacher,0.001,0.0,block,372,False,1.0,1.0,,1.0,1.0,1.0
reacher,0.001,0.0,block,373,False,0.2570152853541666,1.0,,1.0,1.0,0.3722561572259152
reacher,0.001,0.0,block,374,False,1.0,0.5867850232833438,,1.0,1.0,1.0
reacher,0.001,0.0,block,375,False,1.0,1.0,,1.0,1.0,1.0
reacher,0.001,0.0,block,376,False,1.0,1.0,,1.0,0.21114335719518934,1.0
reacher,0.001,0.0,block,377,False,1.0,1.0,,1.0,1.0,1.0
reacher,0.001,0.0,block,378,False,1.0,1.0,,1.0,1.0,1.0
reacher,0.001,0.0,block,379,False,1.0,1.0,,1.0,0.7767550062574893,1.0
reacher,0.001,0.0,block,380,False,1.0,1.0,,1.0,1.0,1.0
reacher,0.001,0.0,block,381,False,0.11911697447043339,0.6993696918975603,,1.0,1.0,1.0
reacher,0.001,0.0,block,382,False,1.0,1.0,,1.0,1.0,0.4649421660487127
reacher,0.001,0.0,block,383,False,1.0,1.0,,1.0,1.0,1.0
reacher,0.001,0.0,block,384,False,1.0,1.0,,1.0,1.0,1.0
reacher,0.001,0.0,block,385,False,1.0,1.0,,1.0,1.0,0.6273990582878839
reacher,0.001,0.0,block,386,False,1.0,1.0,,1.0,1.0,1.0
reacher,0.001,0.0,block,387,False,0.13088126241575854,1.0,,1.0,1.0,1.0
reacher,0.001,0.0,block,388,False,1.0,1.0,,1.0,1.0,1.0
reacher,0.001,0.0,block,389,False,1.0,1.0,,1.0,1.0,1.0
reacher,0.001,0.0,block,390,False,1.0,1.0,,1.0,0.9846692452967034,1.0
reacher,0.001,0.0,block,391,False,1.0,1.0,,1.0,1.0,1.0
reacher,0.001,0.0,block,392,False,1.0,0.6699350862952114,,1.0,0.4649421660487127,1.0
reacher,0.001,0.0,block,393,False,1.0,1.0,,1.0,1.0,1.0
reacher,0.001,0.0,block,394,False,0.8425858183875765,1.0,,1.0,1.0,1.0
reacher,0.001,0.0,block,395,False,1.0,1.0,,1.0,1.0,0.11177849309878132
reacher,0.001,0.0,block,396,False,0.4649421660487127,1.0,,1.0,1.0,1.0
reacher,0.001,0.0,block,397,False,1.0,0.07034810481608827,,1.0,1.0,1.0
reacher,0.001,0.0,block,398,False,1.0,1.0,,1.0,1.0,1.0
reacher,0.001,0.0,block,399,False,1.0,1.0,,1.0,1.0,0.825801076347237
reacher,0.001,0.0,block,400,False,1.0,0.06344149947272618,,1.0,1.0,1.0
reacher,0.001,0.0,block,401,False,1.0,1.0,,1.0,0.027362834899949805,1.0
reacher,0.001,0.0,block,402,False,1.0,0.9846692452967034,,1.0,1.0,0.8942454222225573
reacher,0.001,0.0,block,403,False,0.2431657732396064,1.0,,1.0,1.0,1.0
reacher,0.001,0.0,block,404,False,1.0,0.1993298312902159,,1.0,0.9297691410270479,1.0
reacher,0.001,0.0,block,405,False,1.0,1.0,,1.0,1.0,1.0
reacher,0.001,0.0,block,406,False,1.0,1.0,,1.0,0.1268562944343818,1.0
reacher,0.001,0.0,block,407,False,1.0,1.0,,1.0,1.0,1.0
reacher,0.001,0.0,block,408,False,0.35371933898958596,1.0,,1.0,1.0,1.0
reacher,0.001,0.0,block,409,False,0.1993298312902159,0.6136485715976512,,1.0,1.0,1.0
reacher,0.001,0.0,block,410,False,1.0,1.0,,1.0,1.0,1.0
reacher,0.001,0.0,block,411,False,0.08055795871544738,1.0,,1.0,1.0,1.0
reacher,0.001,0.0,block,412,False,0.5232986988893051,1.0,,1.0,1.0,1.0
reacher,0.001,0.0,block,413,False,0.051370554789317645,1.0,,1.0,1.0,1.0
reacher,0.001,0.0,block,414,False,1.0,1.0,,1.0,1.0,1.0
reacher,0.001,0.0,block,415,False,1.0,1.0,,1.0,1.0,0.45387170270916155
reacher,0.001,0.0,block,416,False,1.0,1.0,,1.0,1.0,1.0
reacher,0.001,0.0,block,417,False,1.0,0.40143954089596146,,1.0,1.0,1.0
reacher,0.001,0.0,block,418,False,1.0,0.3447209808811339,,1.0,1.0,1.0
reacher,0.001,0.0,block,419,False,0.14360173842214508,1.0,,1.0,1.0,1.0
reacher,0.001,0.0,block,420,False,0.6273990582878839,1.0,,1.0,0.31878304034294147,1.0
reacher,0.001,0.0,block,421,False,1.0,1.0,,1.0,1.0,1.0
reacher,0.001,0.0,block,422,False,0.825801076347237,0.41154206780600083,,1.0,1.0,1.0
reacher,0.001,0.0,block,423,False,1.0,1.0,,1.0,0.7767550062574893,1.0
reacher,0.001,0.0,block,424,False,1.0,0.1880592863803951,,1.0,1.0,1.0
reacher,0.001,0.0,block,425,False,1.0,1.0,,1.0,1.0,1.0
reacher,0.001,0.0,block,426,False,1.0,1.0,,1.0,1.0,1.0
reacher,0.001,0.0,block,427,False,1.0,1.0,,1.0,1.0,1.0
reacher,0.001,0.0,block,428,False,1.0,1.0,,1.0,0.27895770448930335,1.0
reacher,0.001,0.0,block,429,False,1.0,1.0,,1.0,1.0,1.0
reacher,0.001,0.0,block,430,False,1.0,1.0,,1.0,1.0,1.0
reacher,0.001,0.0,block,431,False,1.0,1.0,,1.0,1.0,0.7608424948783319
reacher,0.001,0.0,block,432,False,1.0,1.0,,1.0,0.7608424948783319,1.0
reacher,0.001,0.0,block,433,False,1.0,1.0,,1.0,1.0,1.0
reacher,0.001,0.0,block,434,False,0.7296711472092923,1.0,,1.0,0.9118992083644375,1.0
reacher,0.001,0.0,block,435,False,1.0,1.0,,1.0,1.0,0.9118992083644375
reacher,0.001,0.0,block,436,False,1.0,1.0,,1.0,1.0,1.0
reacher,0.001,0.0,block,437,False,1.0,1.0,,1.0,1.0,1.0
reacher,0.001,0.0,block,438,False,0.573670120390602,1.0,,1.0,0.26417155666885983,1.0
reacher,0.001,0.0,block,439,False,1.0,1.0,,1.0,0.2431657732396064,1.0
reacher,0.001,0.0,block,440,False,1.0,1.0,,1.0,0.45387170270916155,1.0
reacher,0.001,0.0,block,441,False,1.0,1.0,,1.0,0.5112221136093356,1.0
reacher,0.001,0.0,block,442,False,0.7144118458634691,0.05515050279138067,,1.0,1.0,1.0
reacher,0.001,0.0,block,443,False,1.0,1.0,,1.0,1.0,1.0
reacher,0.001,0.0,block,444,False,1.0,1.0,,1.0,1.0,1.0
reacher,0.001,0.0,block,445,False,1.0,1.0,,1.0,1.0,1.0
reacher,0.001,0.0,block,446,False,1.0,1.0,,1.0,0.573670120390602,1.0
reacher,0.001,0.0,block,447,False,1.0,1.0,,1.0,1.0,1.0
reacher,0.001,0.0,block,448,False,1.0,1.0,,1.0,1.0,1.0
reacher,0.001,0.0,block,449,False,1.0,1.0,,1.0,1.0,1.0
reacher,0.001,0.0,block,450,False,1.0,1.0,,1.0,1.0,1.0
reacher,0.001,0.0,block,451,False,1.0,1.0,,1.0,1.0,1.0
reacher,0.001,0.0,block,452,False,0.7608424948783319,1.0,,1.0,1.0,1.0
reacher,0.001,0.0,block,453,False,1.0,1.0,,1.0,1.0,1.0
reacher,0.001,0.0,block,454,False,1.0,1.0,,1.0,1.0,1.0
reacher,0.001,0.0,block,455,False,0.2865917775265695,1.0,,1.0,1.0,1.0
reacher,0.001,0.0,block,456,False,0.5355805812164784,1.0,,1.0,1.0,1.0
reacher,0.001,0.0,block,457,False,1.0,1.0,,1.0,1.0,1.0
reacher,0.001,0.0,block,458,False,0.6273990582878839,1.0,,1.0,1.0,1.0
reacher,0.001,0.0,block,459,False,1.0,0.8595883235072879,,1.0,1.0,1.0
reacher,0.001,0.0,block,460,False,1.0,1.0,,1.0,0.8425858183875765,1.0
reacher,0.001,0.0,block,461,False,0.7608424948783319,1.0,,1.0,1.0,1.0
reacher,0.001,0.0,block,462,False,1.0,1.0,,1.0,1.0,1.0
reacher,0.001,0.0,block,463,False,1.0,0.3359001104577981,,1.0,1.0,1.0
reacher,0.001,0.0,block,464,False,1.0,1.0,,1.0,1.0,1.0
reacher,0.001,0.0,block,465,False,1.0,1.0,,1.0,1.0,1.0
reacher,0.001,0.0,block,466,False,1.0,0.40143954089596146,,1.0,0.19362776263740195,1.0
reacher,0.001,0.0,block,467,False,0.9846692452967034,1.0,,1.0,1.0,0.6845442682509267
reacher,0.001,0.0,block,468,False,1.0,1.0,,1.0,1.0,1.0
reacher,0.001,0.0,block,469,False,0.825801076347237,1.0,,1.0,0.6273990582878839,0.9661549026219174
reacher,0.001,0.0,block,470,False,0.8092342953647003,0.0398622715990581,,1.0,1.0,0.5112221136093356
reacher,0.001,0.0,block,471,False,1.0,1.0,,1.0,0.30235231306218296,1.0
reacher,0.001,0.0,block,472,False,1.0,0.9661549026219174,,1.0,1.0,1.0
reacher,0.001,0.0,block,473,False,0.5112221136093356,1.0,,1.0,1.0,1.0
reacher,0.001,0.0,block,474,False,1.0,0.42183487331696773,,1.0,1.0,1.0
reacher,0.001,0.0,block,475,False,0.4993495343962692,0.6993696918975603,,1.0,1.0,0.7608424948783319
reacher,0.001,0.0,block,476,False,0.6993696918975603,1.0,,1.0,1.0,0.04781854183611181
reacher,0.001,0.0,block,477,False,1.0,1.0,,1.0,1.0,1.0
reacher,0.001,0.0,block,478,False,0.4429980555633106,1.0,,1.0,0.0343602669997078,1.0
reacher,0.001,0.0,block,479,False,1.0,0.6413631429346967,,1.0,0.9846692452967034,1.0
reacher,0.001,0.0,block,480,False,1.0,0.8595883235072879,,1.0,0.01704674147325828,1.0
reacher,0.001,0.0,block,481,False,1.0,1.0,,1.0,1.0,1.0
reacher,0.001,0.0,block,482,False,1.0,1.0,,1.0,1.0,1.0
reacher,0.001,0.0,block,483,False,1.0,1.0,,1.0,0.6001108564960861,1.0
reacher,0.001,0.0,block,484,False,0.825801076347237,1.0,,1.0,0.01774855227913937,0.8768083121380066
reacher,0.001,0.0,block,485,False,0.42183487331696773,1.0,,1.0,1.0,1.0
reacher,0.001,0.0,block,486,False,1.0,0.8768083121380066,,1.0,1.0,1.0
reacher,0.001,0.0,block,487,False,0.8092342953647003,1.0,,1.0,1.0,0.54806899887057
reacher,0.001,0.0,block,488,False,1.0,1.0,,1.0,1.0,1.0
reacher,0.001,0.0,block,489,False,0.9297691410270479,1.0,,1.0,1.0,1.0
reacher,0.001,0.0,block,490,False,1.0,1.0,,1.0,1.0,1.0
reacher,0.001,0.0,block,491,False,1.0,1.0,,1.0,1.0,1.0
reacher,0.001,0.0,block,492,False,1.0,0.41154206780600083,,1.0,1.0,1.0
reacher,0.001,0.0,block,493,False,0.23646827496361472,1.0,,1.0,0.8425858183875765,1.0
reacher,0.001,0.0,block,494,False,1.0,1.0,,1.0,1.0,1.0
reacher,0.001,0.0,block,495,False,0.40143954089596146,1.0,,1.0,1.0,1.0
reacher,0.001,0.0,block,496,False,1.0,0.07530444463241773,,1.0,1.0,1.0
reacher,0.001,0.0,block,497,False,1.0,1.0,,1.0,1.0,1.0
reacher,0.001,0.0,block,498,False,1.0,1.0,,1.0,0.3722561572259152,1.0
reacher,0.001,0.0,block,499,False,1.0,1.0,,1.0,0.2943892925610226,1.0
reacher,0.001,0.0,trajectory,0,False,0.8838383838383839,1.0,,1.0,1.0,1.0
reacher,0.001,0.0,trajectory,1,False,1.0,1.0,,1.0,0.25097125097125095,1.0
reacher,0.001,0.0,trajectory,2,False,0.18181818181818182,0.33644133644133645,,1.0,1.0,1.0
reacher,0.001,0.0,trajectory,3,False,1.0,1.0,,1.0,1.0,1.0
reacher,0.001,0.0,trajectory,4,False,1.0,1.0,,1.0,1.0,0.3108003108003108
reacher,0.001,0.0,trajectory,5,False,1.0,1.0,,1.0,1.0,1.0
reacher,0.001,0.0,trajectory,6,False,0.5528360528360529,1.0,,1.0,1.0,0.40909090909090906
reacher,0.001,0.0,trajectory,7,False,0.06682206682206682,1.0,,1.0,0.042735042735042736,1.0
reacher,0.001,0.0,trajectory,8,False,1.0,1.0,,1.0,1.0,0.3838383838383838
reacher,0.001,0.0,trajectory,9,False,1.0,1.0,,1.0,1.0,1.0
reacher,0.001,0.0,trajectory,10,False,0.6153846153846154,1.0,,1.0,1.0,1.0
reacher,0.001,0.0,trajectory,11,False,1.0,1.0,,1.0,1.0,0.28088578088578087
reacher,0.001,0.0,trajectory,12,False,1.0,1.0,,1.0,1.0,1.0
reacher,0.001,0.0,trajectory,13,False,0.9821289821289823,1.0,,1.0,0.8026418026418026,1.0
reacher,0.001,0.0,trajectory,14,False,1.0,1.0,,1.0,1.0,1.0
reacher,0.001,0.0,trajectory,15,False,1.0,1.0,,1.0,1.0,1.0
reacher,0.001,0.0,trajectory,16,False,1.0,1.0,,1.0,1.0,1.0
reacher,0.001,0.0,trajectory,17,False,1.0,1.0,,1.0,0.26573426573426573,0.3321678321678322
reacher,0.001,0.0,trajectory,18,False,1.0,0.12742812742812742,,1.0,0.23815073815073817,1.0
reacher,0.001,0.0,trajectory,19,False,1.0,0.22455322455322457,,1.0,1.0,1.0
reacher,0.001,0.0,trajectory,20,False,1.0,1.0,,1.0,0.3616938616938617,1.0
reacher,0.001,0.0,trajectory,21,False,1.0,1.0,,1.0,1.0,0.14685314685314685
reacher,0.001,0.0,trajectory,22,False,1.0,1.0,,1.0,1.0,1.0
reacher,0.001,0.0,trajectory,23,False,0.018648018648018648,1.0,,1.0,0.4292929292929293,0.3803418803418803
reacher,0.001,0.0,trajectory,24,False,1.0,1.0,,1.0,1.0,1.0
reacher,0.001,0.0,trajectory,25,False,0.3853923853923854,0.36596736596736595,,1.0,0.3581973581973582,0.05283605283605283
reacher,0.001,0.0,trajectory,26,False,0.6783216783216783,1.0,,1.0,1.0,1.0
reacher,0.001,0.0,trajectory,27,False,1.0,1.0,,1.0,1.0,1.0
reacher,0.001,0.0,trajectory,28,False,1.0,1.0,,1.0,0.9961149961149961,1.0
reacher,0.001,0.0,trajectory,29,False,0.8018648018648018,1.0,,1.0,0.506993006993007,1.0
reacher,0.001,0.0,trajectory,30,False,1.0,1.0,,1.0,0.6495726495726496,1.0
reacher,0.001,0.0,trajectory,31,False,1.0,1.0,,1.0,1.0,1.0
reacher,0.001,0.0,trajectory,32,False,1.0,1.0,,1.0,1.0,1.0
reacher,0.001,0.0,trajectory,33,False,0.8694638694638694,1.0,,1.0,1.0,0.9786324786324786
reacher,0.001,0.0,trajectory,34,False,1.0,1.0,,1.0,1.0,1.0
reacher,0.001,0.0,trajectory,35,False,0.3593628593628594,1.0,,1.0,1.0,1.0
reacher,0.001,0.0,trajectory,36,False,1.0,0.5742035742035743,,1.0,1.0,1.0
reacher,0.001,0.0,trajectory,37,False,1.0,1.0,,1.0,1.0,1.0
reacher,0.001,0.0,trajectory,38,False,1.0,0.789044289044289,,1.0,1.0,1.0
reacher,0.001,0.0,trajectory,39,False,1.0,1.0,,1.0,1.0,1.0
reacher,0.001,0.0,trajectory,40,False,1.0,1.0,,1.0,1.0,1.0
reacher,0.001,0.0,trajectory,41,False,0.2668997668997669,1.0,,1.0,0.36868686868686873,1.0
reacher,0.001,0.0,trajectory,42,False,1.0,0.14296814296814297,,1.0,1.0,0.662004662004662
reacher,0.001,0.0,trajectory,43,False,1.0,1.0,,1.0,1.0,1.0
reacher,0.001,0.0,trajectory,44,False,1.0,1.0,,1.0,1.0,0.5407925407925408
reacher,0.001,0.0,trajectory,45,False,1.0,0.5905205905205906,,1.0,0.26845376845376845,1.0
reacher,0.001,0.0,trajectory,46,False,1.0,1.0,,1.0,1.0,1.0
reacher,0.001,0.0,trajectory,47,False,0.22027972027972026,1.0,,1.0,1.0,1.0
reacher,0.001,0.0,trajectory,48,False,1.0,1.0,,1.0,1.0,1.0
reacher,0.001,0.0,trajectory,49,False,0.10062160062160062,1.0,,1.0,0.019036519036519036,1.0
reacher,0.001,0.0,trajectory,50,False,1.0,1.0,,1.0,1.0,1.0
reacher,0.001,0.0,trajectory,51,False,0.5633255633255634,1.0,,1.0,1.0,1.0
reacher,0.001,0.0,trajectory,52,False,1.0,0.6868686868686869,,1.0,1.0,1.0
reacher,0.001,0.0,trajectory,53,False,0.7560217560217561,1.0,,1.0,0.0916860916860917,1.0
reacher,0.001,0.0,trajectory,54,False,1.0,1.0,,1.0,1.0,0.07964257964257965
reacher,0.001,0.0,trajectory,55,False,1.0,1.0,,1.0,1.0,1.0
reacher,0.001,0.0,trajectory,56,False,0.5481740481740481,1.0,,1.0,1.0,1.0
reacher,0.001,0.0,trajectory,57,False,1.0,1.0,,1.0,1.0,1.0
reacher,0.001,0.0,trajectory,58,False,1.0,1.0,,1.0,1.0,1.0
reacher,0.001,0.0,trajectory,59,False,1.0,1.0,,1.0,1.0,0.040015540015540016
reacher,0.001,0.0,trajectory,60,False,1.0,1.0,,1.0,1.0,1.0
reacher,0.001,0.0,trajectory,61,False,1.0,1.0,,1.0,1.0,1.0
reacher,0.001,0.0,trajectory,62,False,1.0,0.19502719502719504,,1.0,1.0,1.0
reacher,0.001,0.0,trajectory,63,False,1.0,1.0,,1.0,1.0,1.0
reacher,0.001,0.0,trajectory,64,False,1.0,1.0,,1.0,1.0,1.0
reacher,0.001,0.0,trajectory,65,False,0.7385392385392385,1.0,,1.0,0.5889665889665889,0.6045066045066045
reacher,0.001,0.0,trajectory,66,False,1.0,1.0,,1.0,0.23426573426573424,0.304972804972805
reacher,0.001,0.0,trajectory,67,False,0.21173271173271171,1.0,,1.0,1.0,1.0
reacher,0.001,0.0,trajectory,68,False,1.0,0.587024087024087,,1.0,1.0,0.4040404040404041
reacher,0.001,0.0,trajectory,69,False,1.0,1.0,,1.0,0.0404040404040404,1.0
reacher,0.001,0.0,trajectory,70,False,0.405982905982906,1.0,,1.0,0.3904428904428905,1.0
reacher,0.001,0.0,trajectory,71,False,1.0,1.0,,1.0,1.0,0.6153846153846154
reacher,0.001,0.0,trajectory,72,False,1.0,1.0,,1.0,0.364024864024864,1.0
reacher,0.001,0.0,trajectory,73,False,1.0,1.0,,1.0,1.0,1.0
reacher,0.001,0.0,trajectory,74,False,1.0,1.0,,1.0,1.0,1.0
reacher,0.001,0.0,trajectory,75,False,1.0,0.9992229992229993,,1.0,0.022144522144522148,1.0
reacher,0.001,0.0,trajectory,76,False,1.0,1.0,,1.0,1.0,1.0
reacher,0.001,0.0,trajectory,77,False,1.0,0.7983682983682984,,1.0,1.0,1.0
reacher,0.001,0.0,trajectory,78,False,1.0,1.0,,1.0,0.9452214452214452,1.0
reacher,0.001,0.0,trajectory,79,False,1.0,1.0,,1.0,1.0,1.0
reacher,0.001,0.0,trajectory,80,False,1.0,1.0,,1.0,1.0,1.0
reacher,0.001,0.0,trajectory,81,False,0.2567987567987568,1.0,,1.0,1.0,1.0
reacher,0.001,0.0,trajectory,82,False,1.0,1.0,,1.0,1.0,1.0
reacher,0.001,0.0,trajectory,83,False,0.19036519036519037,0.3791763791763792,,1.0,1.0,1.0
reacher,0.001,0.0,trajectory,84,False,1.0,1.0,,1.0,1.0,0.43667443667443673
reacher,0.001,0.0,trajectory,85,False,0.6841491841491841,1.0,,1.0,0.6561771561771562,1.0
reacher,0.001,0.0,trajectory,86,False,0.44250194250194247,1.0,,1.0,0.25369075369075367,1.0
reacher,0.001,0.0,trajectory,87,False,1.0,1.0,,1.0,1.0,1.0
reacher,0.001,0.0,trajectory,88,False,1.0,1.0,,1.0,1.0,0.9425019425019425
reacher,0.001,0.0,trajectory,89,False,1.0,1.0,,1.0,1.0,0.2564102564102564
reacher,0.001,0.0,trajectory,90,False,1.0,1.0,,1.0,1.0,1.0
reacher,0.001,0.0,trajectory,91,False,1.0,0.6052836052836053,,1.0,1.0,1.0
reacher,0.001,0.0,trajectory,92,False,0.716006216006216,0.3838383838383838,,1.0,1.0,1.0
reacher,0.001,0.0,trajectory,93,False,1.0,1.0,,1.0,1.0,1.0
reacher,0.001,0.0,trajectory,94,False,1.0,0.4794094794094794,,1.0,0.8803418803418804,1.0
reacher,0.001,0.0,trajectory,95,False,0.48679098679098676,1.0,,1.0,0.07264957264957266,1.0
reacher,0.001,0.0,trajectory,96,False,1.0,1.0,,1.0,1.0,1.0
reacher,0.001,0.0,trajectory,97,False,1.0,1.0,,1.0,1.0,1.0
reacher,0.001,0.0,trajectory,98,False,0.6643356643356644,1.0,,1.0,1.0,0.9545454545454546
reacher,0.001,0.0,trajectory,99,False,1.0,0.4949494949494949,,1.0,0.9696969696969697,1.0
reacher,0.001,0.0,trajectory,100,False,1.0,1.0,,1.0,1.0,1.0
reacher,0.001,0.0,trajectory,101,False,1.0,1.0,,1.0,1.0,0.2715617715617715
reacher,0.001,0.0,trajectory,102,False,1.0,1.0,,1.0,1.0,1.0
reacher,0.001,0.0,trajectory,103,False,0.24825174825174826,1.0,,1.0,0.5668220668220668,0.7560217560217561
reacher,0.001,0.0,trajectory,104,False,1.0,1.0,,1.0,1.0,1.0
reacher,0.001,0.0,trajectory,105,False,1.0,0.5512820512820513,,1.0,1.0,1.0
reacher,0.001,0.0,trajectory,106,False,1.0,1.0,,1.0,1.0,1.0
reacher,0.001,0.0,trajectory,107,False,1.0,1.0,,1.0,0.343045843045843,1.0
reacher,0.001,0.0,trajectory,108,False,1.0,0.9557109557109557,,1.0,1.0,1.0
reacher,0.001,0.0,trajectory,109,False,1.0,1.0,,1.0,1.0,1.0
reacher,0.001,0.0,trajectory,110,False,1.0,1.0,,1.0,1.0,1.0
reacher,0.001,0.0,trajectory,111,False,1.0,0.6911421911421911,,1.0,1.0,1.0
reacher,0.001,0.0,trajectory,112,False,1.0,1.0,,1.0,1.0,0.6954156954156954
reacher,0.001,0.0,trajectory,113,False,0.8543123543123543,1.0,,1.0,1.0,0.18414918414918413
reacher,0.001,0.0,trajectory,114,False,1.0,1.0,,1.0,1.0,1.0
reacher,0.001,0.0,trajectory,115,False,1.0,1.0,,1.0,0.6573426573426573,1.0
reacher,0.001,0.0,trajectory,116,False,1.0,1.0,,1.0,1.0,1.0
reacher,0.001,0.0,trajectory,117,False,1.0,0.905982905982906,,1.0,1.0,1.0
reacher,0.001,0.0,trajectory,118,False,1.0,1.0,,1.0,1.0,1.0
reacher,0.001,0.0,trajectory,119,False,1.0,1.0,,1.0,1.0,1.0
reacher,0.001,0.0,trajectory,120,False,1.0,1.0,,1.0,1.0,1.0
reacher,0.001,0.0,trajectory,121,False,1.0,1.0,,1.0,0.3667443667443668,1.0
reacher,0.001,0.0,trajectory,122,False,1.0,1.0,,1.0,1.0,1.0
reacher,0.001,0.0,trajectory,123,False,1.0,1.0,,1.0,1.0,1.0
reacher,0.001,0.0,trajectory,124,False,1.0,1.0,,1.0,1.0,1.0
reacher,0.001,0.0,trajectory,125,False,1.0,1.0,,1.0,1.0,1.0
reacher,0.001,0.0,trajectory,126,False,1.0,1.0,,1.0,1.0,1.0
reacher,0.001,0.0,trajectory,127,False,1.0,1.0,,1.0,1.0,0.42346542346542343
reacher,0.001,0.0,trajectory,128,False,1.0,1.0,,1.0,1.0,1.0
reacher,0.001,0.0,trajectory,129,False,1.0,0.7296037296037295,,1.0,1.0,0.0944055944055944
reacher,0.001,0.0,trajectory,130,False,1.0,0.2948717948717949,,1.0,1.0,1.0
reacher,0.001,0.0,trajectory,131,False,1.0,1.0,,1.0,0.49805749805749805,1.0
reacher,0.001,0.0,trajectory,132,False,0.8123543123543124,0.045454545454545456,,1.0,1.0,1.0
reacher,0.001,0.0,trajectory,133,False,1.0,1.0,,1.0,1.0,0.08158508158508158
reacher,0.001,0.0,trajectory,134,False,1.0,1.0,,1.0,0.6087801087801088,1.0
reacher,0.001,0.0,trajectory,135,False,1.0,1.0,,1.0,0.43006993006993005,1.0
reacher,0.001,0.0,trajectory,136,False,1.0,0.0777000777000777,,1.0,0.6056721056721057,1.0
reacher,0.001,0.0,trajectory,137,False,1.0,1.0,,1.0,1.0,1.0
reacher,0.001,0.0,trajectory,138,False,1.0,0.11383061383061382,,1.0,1.0,1.0
reacher,0.001,0.0,trajectory,139,False,1.0,1.0,,1.0,1.0,1.0
reacher,0.001,0.0,trajectory,140,False,1.0,1.0,,1.0,1.0,1.0
reacher,0.001,0.0,trajectory,141,False,1.0,1.0,,1.0,1.0,1.0
reacher,0.001,0.0,trajectory,142,False,1.0,1.0,,1.0,1.0,1.0
reacher,0.001,0.0,trajectory,143,True,0.008158508158508158,0.71989121989122,,1.0,1.0,1.0
reacher,0.001,0.0,trajectory,144,False,0.34110334110334106,1.0,,1.0,1.0,0.13636363636363635
reacher,0.001,0.0,trajectory,145,False,0.8294483294483295,1.0,,1.0,1.0,1.0
reacher,0.001,0.0,trajectory,146,False,0.5135975135975136,1.0,,1.0,1.0,1.0
reacher,0.001,0.0,trajectory,147,False,1.0,1.0,,1.0,1.0,1.0
reacher,0.001,0.0,trajectory,148,False,1.0,1.0,,1.0,1.0,1.0
reacher,0.001,0.0,trajectory,149,False,0.9265734265734266,1.0,,1.0,1.0,1.0
reacher,0.001,0.0,trajectory,150,False,1.0,0.8069153069153069,,1.0,1.0,1.0
reacher,0.001,0.0,trajectory,151,False,1.0,1.0,,1.0,1.0,1.0
reacher,0.001,0.0,trajectory,152,False,0.12432012432012432,1.0,,1.0,0.3368298368298368,1.0
reacher,0.001,0.0,trajectory,153,False,1.0,1.0,,1.0,0.8294483294483295,1.0
reacher,0.001,0.0,trajectory,154,False,0.5528360528360529,1.0,,1.0,1.0,1.0
reacher,0.001,0.0,trajectory,155,False,0.4976689976689977,0.11810411810411811,,1.0,0.33644133644133645,0.2913752913752914
reacher,0.001,0.0,trajectory,156,False,1.0,1.0,,1.0,1.0,1.0
reacher,0.001,0.0,trajectory,157,False,1.0,1.0,,1.0,1.0,1.0
reacher,0.001,0.0,trajectory,158,False,1.0,1.0,,1.0,1.0,0.8978243978243978
reacher,0.001,0.0,trajectory,159,False,1.0,1.0,,1.0,1.0,1.0
reacher,0.001,0.0,trajectory,160,False,1.0,1.0,,1.0,1.0,1.0
reacher,0.001,0.0,trajectory,161,False,1.0,0.9063714063714063,,1.0,1.0,1.0
reacher,0.001,0.0,trajectory,162,False,1.0,1.0,,1.0,1.0,1.0
reacher,0.001,0.0,trajectory,163,False,1.0,1.0,,1.0,1.0,1.0
reacher,0.001,0.0,trajectory,164,False,1.0,1.0,,1.0,1.0,1.0
reacher,0.001,0.0,trajectory,165,False,1.0,1.0,,1.0,0.351981351981352,1.0
reacher,0.001,0.0,trajectory,166,False,1.0,1.0,,1.0,0.513986013986014,1.0
reacher,0.001,0.0,trajectory,167,False,1.0,0.7614607614607615,,1.0,1.0,1.0
reacher,0.001,0.0,trajectory,168,False,1.0,1.0,,1.0,1.0,1.0
reacher,0.001,0.0,trajectory,169,False,1.0,1.0,,1.0,1.0,1.0
reacher,0.001,0.0,trajectory,170,False,1.0,0.2533022533022533,,1.0,1.0,1.0
reacher,0.001,0.0,trajectory,171,False,1.0,1.0,,1.0,1.0,1.0
reacher,0.001,0.0,trajectory,172,False,1.0,1.0,,1.0,1.0,1.0
reacher,0.001,0.0,trajectory,173,False,1.0,0.7463092463092463,,1.0,1.0,1.0
reacher,0.001,0.0,trajectory,174,False,1.0,1.0,,1.0,1.0,1.0
reacher,0.001,0.0,trajectory,175,False,1.0,0.4541569541569541,,1.0,1.0,0.7412587412587412
reacher,0.001,0.0,trajectory,176,False,0.025252525252525256,0.36829836829836826,,1.0,0.5202020202020202,1.0
reacher,0.001,0.0,trajectory,177,False,0.43512043512043513,0.6021756021756022,,1.0,1.0,0.9125874125874125
reacher,0.001,0.0,trajectory,178,False,1.0,1.0,,1.0,1.0,1.0
reacher,0.001,0.0,trajectory,179,False,1.0,1.0,,1.0,1.0,1.0
reacher,0.001,0.0,trajectory,180,False,1.0,0.9662004662004663,,1.0,1.0,0.8488733488733489
reacher,0.001,0.0,trajectory,181,False,1.0,0.16045066045066045,,1.0,1.0,0.24203574203574205
reacher,0.001,0.0,trajectory,182,False,1.0,1.0,,1.0,1.0,1.0
reacher,0.001,0.0,trajectory,183,False,1.0,1.0,,1.0,0.053613053613053616,1.0
reacher,0.001,0.0,trajectory,184,False,1.0,1.0,,1.0,0.1919191919191919,1.0
reacher,0.001,0.0,trajectory,185,False,1.0,1.0,,1.0,0.9902874902874903,1.0
reacher,0.001,0.0,trajectory,186,False,1.0,1.0,,1.0,1.0,1.0
reacher,0.001,0.0,trajectory,187,False,0.37839937839937837,1.0,,1.0,1.0,1.0
reacher,0.001,0.0,trajectory,188,False,1.0,1.0,,1.0,1.0,1.0
reacher,0.001,0.0,trajectory,189,False,1.0,0.08391608391608392,,1.0,0.35353535353535354,1.0
reacher,0.001,0.0,trajectory,190,False,1.0,1.0,,1.0,0.9595959595959596,1.0
reacher,0.001,0.0,trajectory,191,False,1.0,1.0,,1.0,1.0,1.0
reacher,0.001,0.0,trajectory,192,False,1.0,1.0,,1.0,1.0,1.0
reacher,0.001,0.0,trajectory,193,False,1.0,1.0,,1.0,1.0,1.0
reacher,0.001,0.0,trajectory,194,False,1.0,1.0,,1.0,1.0,1.0
reacher,0.001,0.0,trajectory,195,False,1.0,1.0,,1.0,1.0,1.0
reacher,0.001,0.0,trajectory,196,False,1.0,1.0,,1.0,1.0,1.0
reacher,0.001,0.0,trajectory,197,False,0.6383061383061384,1.0,,1.0,1.0,0.7187257187257188
reacher,0.001,0.0,trajectory,198,False,0.05710955710955711,1.0,,1.0,1.0,0.6612276612276612
reacher,0.001,0.0,trajectory,199,False,0.2125097125097125,1.0,,1.0,0.18414918414918413,1.0
reacher,0.001,0.0,trajectory,200,False,1.0,1.0,,1.0,1.0,1.0
reacher,0.001,0.0,trajectory,201,False,1.0,1.0,,1.0,1.0,1.0
reacher,0.001,0.0,trajectory,202,False,1.0,1.0,,1.0,1.0,1.0
reacher,0.001,0.0,trajectory,203,False,1.0,0.048174048174048176,,1.0,1.0,0.5784770784770785
reacher,0.001,0.0,trajectory,204,False,0.21095571095571097,1.0,,1.0,0.6775446775446775,0.07847707847707847
reacher,0.001,0.0,trajectory,205,False,1.0,1.0,,1.0,1.0,1.0
reacher,0.001,0.0,trajectory,206,False,0.7583527583527584,1.0,,1.0,1.0,1.0
reacher,0.001,0.0,trajectory,207,False,1.0,1.0,,1.0,1.0,0.7012432012432013
reacher,0.001,0.0,trajectory,208,False,1.0,1.0,,1.0,1.0,1.0
reacher,0.001,0.0,trajectory,209,False,1.0,1.0,,1.0,1.0,1.0
reacher,0.001,0.0,trajectory,210,False,1.0,1.0,,1.0,1.0,1.0
reacher,0.001,0.0,trajectory,211,False,1.0,1.0,,1.0,0.6857031857031858,1.0
reacher,0.001,0.0,trajectory,212,False,1.0,1.0,,1.0,1.0,1.0
reacher,0.001,0.0,trajectory,213,False,1.0,1.0,,1.0,1.0,1.0
reacher,0.001,0.0,trajectory,214,False,1.0,1.0,,1.0,1.0,1.0
reacher,0.001,0.0,trajectory,215,False,0.517094017094017,1.0,,1.0,1.0,1.0
reacher,0.001,0.0,trajectory,216,False,0.9463869463869463,0.64996114996115,,1.0,1.0,1.0
reacher,0.001,0.0,trajectory,217,False,1.0,1.0,,1.0,1.0,0.1993006993006993
reacher,0.001,0.0,trajectory,218,False,1.0,1.0,,1.0,1.0,1.0
reacher,0.001,0.0,trajectory,219,False,1.0,1.0,,1.0,1.0,1.0
reacher,0.001,0.0,trajectory,220,False,1.0,1.0,,1.0,0.6122766122766122,1.0
reacher,0.001,0.0,trajectory,221,False,1.0,1.0,,1.0,1.0,1.0
reacher,0.001,0.0,trajectory,222,False,1.0,1.0,,1.0,1.0,0.9184149184149184
reacher,0.001,0.0,trajectory,223,False,0.1317016317016317,1.0,,1.0,1.0,0.722999222999223
reacher,0.001,0.0,trajectory,224,False,1.0,1.0,,1.0,1.0,0.9343434343434344
reacher,0.001,0.0,trajectory,225,False,1.0,1.0,,1.0,1.0,1.0
reacher,0.001,0.0,trajectory,226,False,1.0,1.0,,1.0,1.0,1.0
reacher,0.001,0.0,trajectory,227,False,1.0,0.6037296037296037,,1.0,1.0,1.0
reacher,0.001,0.0,trajectory,228,False,0.22377622377622378,1.0,,1.0,1.0,1.0
reacher,0.001,0.0,trajectory,229,False,1.0,1.0,,1.0,1.0,0.24592074592074592
reacher,0.001,0.0,trajectory,230,False,1.0,1.0,,1.0,1.0,1.0
reacher,0.001,0.0,trajectory,231,False,1.0,1.0,,1.0,1.0,1.0
reacher,0.001,0.0,trajectory,232,False,1.0,1.0,,1.0,0.6017871017871018,1.0
reacher,0.001,0.0,trajectory,233,False,1.0,1.0,,1.0,1.0,1.0
reacher,0.001,0.0,trajectory,234,False,1.0,1.0,,1.0,0.9230769230769231,1.0
reacher,0.001,0.0,trajectory,235,False,0.1421911421911422,0.9444444444444444,,1.0,0.3329448329448329,1.0
reacher,0.001,0.0,trajectory,236,False,1.0,1.0,,1.0,1.0,1.0
reacher,0.001,0.0,trajectory,237,False,0.9747474747474748,1.0,,1.0,1.0,1.0
reacher,0.001,0.0,trajectory,238,False,1.0,1.0,,1.0,1.0,1.0
reacher,0.001,0.0,trajectory,239,False,1.0,1.0,,1.0,1.0,1.0
reacher,0.001,0.0,trajectory,240,False,0.07614607614607614,0.40520590520590516,,1.0,0.8515928515928516,0.8531468531468532
reacher,0.001,0.0,trajectory,241,False,1.0,1.0,,1.0,1.0,1.0
reacher,0.001,0.0,trajectory,242,False,0.08702408702408702,0.9362859362859364,,1.0,0.5357420357420357,0.6013986013986015
reacher,0.001,0.0,trajectory,243,False,1.0,1.0,,1.0,1.0,1.0
reacher,0.001,0.0,trajectory,244,False,1.0,1.0,,1.0,1.0,1.0
reacher,0.001,0.0,trajectory,245,False,1.0,1.0,,1.0,1.0,0.9588189588189588
reacher,0.001,0.0,trajectory,246,False,1.0,1.0,,1.0,0.34382284382284384,1.0
reacher,0.001,0.0,trajectory,247,False,1.0,1.0,,1.0,0.18414918414918413,1.0
reacher,0.001,0.0,trajectory,248,False,1.0,1.0,,1.0,1.0,0.4312354312354312
reacher,0.001,0.0,trajectory,249,False,1.0,1.0,,1.0,1.0,1.0
reacher,0.001,0.0,trajectory,250,False,1.0,1.0,,1.0,1.0,0.9335664335664335
reacher,0.001,0.0,trajectory,251,False,1.0,1.0,,1.0,1.0,1.0
reacher,0.001,0.0,trajectory,252,False,0.7241647241647242,1.0,,1.0,1.0,1.0
reacher,0.001,0.0,trajectory,253,False,1.0,1.0,,1.0,1.0,1.0
reacher,0.001,0.0,trajectory,254,False,1.0,1.0,,1.0,1.0,1.0
reacher,0.001,0.0,trajectory,255,False,1.0,1.0,,1.0,1.0,1.0
reacher,0.001,0.0,trajectory,256,False,1.0,0.22027972027972026,,1.0,1.0,1.0
reacher,0.001,0.0,trajectory,257,False,0.3282828282828283,1.0,,1.0,0.6534576534576535,1.0
reacher,0.001,0.0,trajectory,258,False,1.0,1.0,,1.0,0.9052059052059053,0.10567210567210567
reacher,0.001,0.0,trajectory,259,False,0.7797202797202797,1.0,,1.0,0.9226884226884227,1.0
reacher,0.001,0.0,trajectory,260,False,1.0,1.0,,1.0,1.0,1.0
reacher,0.001,0.0,trajectory,261,False,1.0,1.0,,1.0,1.0,1.0
reacher,0.001,0.0,trajectory,262,False,1.0,1.0,,1.0,1.0,1.0
reacher,0.001,0.0,trajectory,263,False,0.2707847707847708,1.0,,1.0,0.9588189588189588,0.6748251748251748
reacher,0.001,0.0,trajectory,264,False,1.0,1.0,,1.0,1.0,1.0
reacher,0.001,0.0,trajectory,265,False,1.0,1.0,,1.0,1.0,1.0
reacher,0.001,0.0,trajectory,266,False,1.0,1.0,,1.0,0.3306138306138306,0.3096348096348096
reacher,0.001,0.0,trajectory,267,False,0.7575757575757576,1.0,,1.0,1.0,1.0
reacher,0.001,0.0,trajectory,268,False,1.0,1.0,,1.0,0.40442890442890445,1.0
reacher,0.001,0.0,trajectory,269,False,1.0,1.0,,1.0,1.0,1.0
reacher,0.001,0.0,trajectory,270,False,0.2618492618492619,1.0,,1.0,0.2940947940947941,1.0
reacher,0.001,0.0,trajectory,271,False,1.0,1.0,,1.0,0.03923853923853923,1.0
reacher,0.001,0.0,trajectory,272,False,1.0,1.0,,1.0,1.0,1.0
reacher,0.001,0.0,trajectory,273,False,1.0,0.8088578088578089,,1.0,1.0,1.0
reacher,0.001,0.0,trajectory,274,False,0.7070707070707071,1.0,,1.0,1.0,0.8053613053613053
reacher,0.001,0.0,trajectory,275,False,1.0,1.0,,1.0,1.0,1.0
reacher,0.001,0.0,trajectory,276,False,1.0,1.0,,1.0,1.0,0.23737373737373738
reacher,0.001,0.0,trajectory,277,False,1.0,1.0,,1.0,1.0,1.0
reacher,0.001,0.0,trajectory,278,False,1.0,0.9184149184149184,,1.0,1.0,1.0
reacher,0.001,0.0,trajectory,279,False,1.0,1.0,,1.0,0.3232323232323232,1.0
reacher,0.001,0.0,trajectory,280,False,1.0,0.22494172494172493,,1.0,1.0,1.0
reacher,0.001,0.0,trajectory,281,False,1.0,1.0,,1.0,1.0,1.0
reacher,0.001,0.0,trajectory,282,False,1.0,0.43045843045843046,,1.0,1.0,1.0
reacher,0.001,0.0,trajectory,283,False,1.0,1.0,,1.0,1.0,1.0
reacher,0.001,0.0,trajectory,284,False,1.0,1.0,,1.0,1.0,1.0
reacher,0.001,0.0,trajectory,285,False,1.0,1.0,,1.0,1.0,1.0
reacher,0.001,0.0,trajectory,286,False,1.0,1.0,,1.0,1.0,1.0
reacher,0.001,0.0,trajectory,287,False,1.0,0.7665112665112666,,1.0,1.0,1.0
reacher,0.001,0.0,trajectory,288,False,1.0,0.017094017094017096,,1.0,1.0,1.0
reacher,0.001,0.0,trajectory,289,False,1.0,1.0,,1.0,1.0,0.08430458430458432
reacher,0.001,0.0,trajectory,290,True,1.0,0.8620823620823621,,1.0,0.006993006993006993,1.0
reacher,0.001,0.0,trajectory,291,False,0.6554001554001554,1.0,,1.0,1.0,1.0
reacher,0.001,0.0,trajectory,292,False,1.0,1.0,,1.0,1.0,1.0
reacher,0.001,0.0,trajectory,293,False,0.5462315462315462,0.6262626262626263,,1.0,1.0,1.0
reacher,0.001,0.0,trajectory,294,False,0.8275058275058276,1.0,,1.0,1.0,0.8473193473193473
reacher,0.001,0.0,trajectory,295,False,1.0,0.39588189588189593,,1.0,1.0,1.0
reacher,0.001,0.0,trajectory,296,False,1.0,1.0,,1.0,0.23853923853923853,0.4801864801864802
reacher,0.001,0.0,trajectory,297,False,1.0,1.0,,1.0,1.0,1.0
reacher,0.001,0.0,trajectory,298,False,1.0,0.4933954933954934,,1.0,1.0,1.0
reacher,0.001,0.0,trajectory,299,False,1.0,1.0,,1.0,1.0,1.0
reacher,0.001,0.0,trajectory,300,False,1.0,1.0,,1.0,1.0,1.0
reacher,0.001,0.0,trajectory,301,False,1.0,1.0,,1.0,0.8706293706293706,1.0
reacher,0.001,0.0,trajectory,302,False,1.0,1.0,,1.0,1.0,1.0
reacher,0.001,0.0,trajectory,303,False,0.2952602952602953,1.0,,1.0,1.0,0.1655011655011655
reacher,0.001,0.0,trajectory,304,False,0.411033411033411,1.0,,1.0,1.0,1.0
reacher,0.001,0.0,trajectory,305,False,1.0,0.8931623931623932,,1.0,1.0,1.0
reacher,0.001,0.0,trajectory,306,False,1.0,0.7362082362082362,,1.0,1.0,1.0
reacher,0.001,0.0,trajectory,307,False,1.0,1.0,,1.0,1.0,1.0
reacher,0.001,0.0,trajectory,308,False,1.0,1.0,,1.0,1.0,1.0
reacher,0.001,0.0,trajectory,309,False,1.0,1.0,,1.0,1.0,1.0
reacher,0.001,0.0,trajectory,310,False,1.0,1.0,,1.0,1.0,1.0
reacher,0.001,0.0,trajectory,311,False,0.24553224553224556,1.0,,1.0,1.0,1.0
reacher,0.001,0.0,trajectory,312,False,0.1282051282051282,0.2501942501942502,,1.0,1.0,1.0
reacher,0.001,0.0,trajectory,313,False,1.0,1.0,,1.0,1.0,0.24164724164724163
reacher,0.001,0.0,trajectory,314,False,1.0,1.0,,1.0,1.0,1.0
reacher,0.001,0.0,trajectory,315,False,1.0,1.0,,1.0,0.8224553224553224,1.0
reacher,0.001,0.0,trajectory,316,False,0.2540792540792541,1.0,,1.0,0.24164724164724163,1.0
reacher,0.001,0.0,trajectory,317,False,1.0,0.08003108003108003,,1.0,1.0,1.0
reacher,0.001,0.0,trajectory,318,False,1.0,0.11227661227661229,,1.0,1.0,1.0
reacher,0.001,0.0,trajectory,319,False,1.0,1.0,,1.0,1.0,1.0
reacher,0.001,0.0,trajectory,320,False,1.0,1.0,,1.0,1.0,0.8535353535353535
reacher,0.001,0.0,trajectory,321,False,1.0,1.0,,1.0,1.0,1.0
reacher,0.001,0.0,trajectory,322,False,1.0,1.0,,1.0,1.0,0.44133644133644134
reacher,0.001,0.0,trajectory,323,False,1.0,1.0,,1.0,1.0,1.0
reacher,0.001,0.0,trajectory,324,False,1.0,1.0,,1.0,1.0,1.0
reacher,0.001,0.0,trajectory,325,False,1.0,1.0,,1.0,1.0,0.9273504273504274
reacher,0.001,0.0,trajectory,326,False,1.0,1.0,,1.0,1.0,1.0
reacher,0.001,0.0,trajectory,327,False,1.0,0.8286713286713286,,1.0,0.08313908313908314,1.0
reacher,0.001,0.0,trajectory,328,False,1.0,0.30069930069930073,,1.0,1.0,1.0
reacher,0.001,0.0,trajectory,329,False,1.0,1.0,,1.0,1.0,0.8193473193473194
reacher,0.001,0.0,trajectory,330,False,1.0,1.0,,1.0,1.0,0.8539238539238538
reacher,0.001,0.0,trajectory,331,False,1.0,0.9844599844599844,,1.0,1.0,1.0
reacher,0.001,0.0,trajectory,332,False,0.337995337995338,1.0,,1.0,1.0,0.9623154623154623
reacher,0.001,0.0,trajectory,333,False,1.0,0.5236985236985238,,1.0,0.693084693084693,0.3578088578088578
reacher,0.001,0.0,trajectory,334,False,1.0,1.0,,1.0,1.0,1.0
reacher,0.001,0.0,trajectory,335,False,1.0,1.0,,1.0,1.0,1.0
reacher,0.001,0.0,trajectory,336,False,1.0,1.0,,1.0,0.1344211344211344,1.0
reacher,0.001,0.0,trajectory,337,False,1.0,1.0,,1.0,0.06915306915306915,1.0
reacher,0.001,0.0,trajectory,338,False,1.0,1.0,,1.0,0.21950271950271952,1.0
reacher,0.001,0.0,trajectory,339,False,1.0,1.0,,1.0,1.0,1.0
reacher,0.001,0.0,trajectory,340,False,1.0,1.0,,1.0,1.0,1.0
reacher,0.001,0.0,trajectory,341,False,1.0,1.0,,1.0,1.0,1.0
reacher,0.001,0.0,trajectory,342,False,1.0,1.0,,1.0,1.0,0.22766122766122765
reacher,0.001,0.0,trajectory,343,False,1.0,1.0,,1.0,1.0,1.0
reacher,0.001,0.0,trajectory,344,False,1.0,1.0,,1.0,1.0,1.0
reacher,0.001,0.0,trajectory,345,False,1.0,1.0,,1.0,1.0,1.0
reacher,0.001,0.0,trajectory,346,False,0.7964257964257965,1.0,,1.0,1.0,1.0
reacher,0.001,0.0,trajectory,347,False,1.0,1.0,,1.0,1.0,1.0
reacher,0.001,0.0,trajectory,348,False,0.5205905205905206,1.0,,1.0,1.0,1.0
reacher,0.001,0.0,trajectory,349,False,1.0,0.18919968919968919,,1.0,1.0,1.0
reacher,0.001,0.0,trajectory,350,False,1.0,1.0,,1.0,1.0,1.0
reacher,0.001,0.0,trajectory,351,False,0.8515928515928516,1.0,,1.0,0.44871794871794873,1.0
reacher,0.001,0.0,trajectory,352,False,0.797979797979798,1.0,,1.0,1.0,1.0
reacher,0.001,0.0,trajectory,353,False,1.0,0.5221445221445221,,1.0,1.0,0.4222999222999223
reacher,0.001,0.0,trajectory,354,False,1.0,1.0,,1.0,1.0,1.0
reacher,0.001,0.0,trajectory,355,False,1.0,1.0,,1.0,0.3193473193473193,1.0
reacher,0.001,0.0,trajectory,356,False,1.0,1.0,,1.0,0.8403263403263403,1.0
reacher,0.001,0.0,trajectory,357,False,1.0,1.0,,1.0,1.0,1.0
reacher,0.001,0.0,trajectory,358,False,0.31701631701631705,1.0,,1.0,1.0,1.0
reacher,0.001,0.0,trajectory,359,False,1.0,1.0,,1.0,1.0,0.4184149184149184
reacher,0.001,0.0,trajectory,360,False,1.0,0.20512820512820512,,1.0,0.054778554778554776,1.0
reacher,0.001,0.0,trajectory,361,False,1.0,1.0,,1.0,1.0,1.0
reacher,0.001,0.0,trajectory,362,False,1.0,1.0,,1.0,1.0,1.0
reacher,0.001,0.0,trajectory,363,False,1.0,1.0,,1.0,1.0,1.0
reacher,0.001,0.0,trajectory,364,False,1.0,0.651903651903652,,1.0,1.0,1.0
reacher,0.001,0.0,trajectory,365,False,1.0,1.0,,1.0,1.0,1.0
reacher,0.001,0.0,trajectory,366,False,1.0,1.0,,1.0,1.0,1.0
reacher,0.001,0.0,trajectory,367,False,0.8407148407148407,1.0,,1.0,1.0,1.0
reacher,0.001,0.0,trajectory,368,False,1.0,0.38694638694638694,,1.0,0.30574980574980576,1.0
reacher,0.001,0.0,trajectory,369,False,1.0,1.0,,1.0,1.0,1.0
reacher,0.001,0.0,trajectory,370,False,0.2878787878787879,1.0,,1.0,1.0,1.0
reacher,0.001,0.0,trajectory,371,False,1.0,1.0,,1.0,0.5108780108780109,1.0
reacher,0.001,0.0,trajectory,372,False,1.0,1.0,,1.0,1.0,1.0
reacher,0.001,0.0,trajectory,373,False,0.5303030303030303,0.8193473193473194,,1.0,1.0,0.77000777000777
reacher,0.001,0.0,trajectory,374,False,1.0,0.7070707070707071,,1.0,1.0,1.0
reacher,0.001,0.0,trajectory,375,False,1.0,1.0,,1.0,1.0,1.0
reacher,0.001,0.0,trajectory,376,False,1.0,1.0,,1.0,0.2874902874902875,1.0
reacher,0.001,0.0,trajectory,377,False,1.0,1.0,,1.0,1.0,1.0
reacher,0.001,0.0,trajectory,378,False,1.0,1.0,,1.0,1.0,1.0
reacher,0.001,0.0,trajectory,379,False,1.0,1.0,,1.0,1.0,1.0
reacher,0.001,0.0,trajectory,380,False,1.0,1.0,,1.0,1.0,1.0
reacher,0.001,0.0,trajectory,381,False,0.1048951048951049,0.5738150738150738,,1.0,1.0,1.0
reacher,0.001,0.0,trajectory,382,False,1.0,1.0,,1.0,1.0,1.0
reacher,0.001,0.0,trajectory,383,False,1.0,1.0,,1.0,1.0,1.0
reacher,0.001,0.0,trajectory,384,False,1.0,1.0,,1.0,1.0,1.0
reacher,0.001,0.0,trajectory,385,False,1.0,1.0,,1.0,1.0,0.46464646464646464
reacher,0.001,0.0,trajectory,386,False,1.0,1.0,,1.0,1.0,1.0
reacher,0.001,0.0,trajectory,387,False,0.3721833721833722,1.0,,1.0,0.6721056721056722,1.0
reacher,0.001,0.0,trajectory,388,False,1.0,1.0,,1.0,1.0,0.9432789432789433
reacher,0.001,0.0,trajectory,389,False,1.0,1.0,,1.0,1.0,1.0
reacher,0.001,0.0,trajectory,390,False,1.0,1.0,,1.0,1.0,1.0
reacher,0.001,0.0,trajectory,391,False,1.0,1.0,,1.0,1.0,1.0
reacher,0.001,0.0,trajectory,392,False,1.0,1.0,,1.0,0.632090132090132,1.0
reacher,0.001,0.0,trajectory,393,False,1.0,0.933954933954934,,1.0,1.0,1.0
reacher,0.001,0.0,trajectory,394,False,1.0,1.0,,1.0,1.0,1.0
reacher,0.001,0.0,trajectory,395,False,1.0,1.0,,1.0,1.0,0.1895881895881896
reacher,0.001,0.0,trajectory,396,False,0.49961149961149964,1.0,,1.0,1.0,0.7051282051282051
reacher,0.001,0.0,trajectory,397,False,1.0,0.25213675213675213,,1.0,0.7703962703962703,1.0
reacher,0.001,0.0,trajectory,398,False,1.0,1.0,,1.0,1.0,1.0
reacher,0.001,0.0,trajectory,399,False,1.0,1.0,,1.0,1.0,0.9646464646464646
reacher,0.001,0.0,trajectory,400,False,1.0,0.06332556332556333,,1.0,1.0,1.0
reacher,0.001,0.0,trajectory,401,False,1.0,1.0,,1.0,0.11616161616161616,1.0
reacher,0.001,0.0,trajectory,402,False,1.0,0.7867132867132867,,1.0,1.0,0.7836052836052836
reacher,0.001,0.0,trajectory,403,False,0.26845376845376845,1.0,,1.0,1.0,1.0
reacher,0.001,0.0,trajectory,404,False,1.0,0.17637917637917638,,1.0,0.5186480186480187,1.0
reacher,0.001,0.0,trajectory,405,False,0.8255633255633256,1.0,,1.0,1.0,1.0
reacher,0.001,0.0,trajectory,406,False,1.0,1.0,,1.0,0.42268842268842266,1.0
reacher,0.001,0.0,trajectory,407,False,1.0,1.0,,1.0,1.0,1.0
reacher,0.001,0.0,trajectory,408,False,0.337995337995338,1.0,,1.0,1.0,1.0
reacher,0.001,0.0,trajectory,409,False,0.5780885780885782,0.5648795648795648,,1.0,1.0,1.0
reacher,0.001,0.0,trajectory,410,False,1.0,1.0,,1.0,1.0,1.0
reacher,0.001,0.0,trajectory,411,False,0.20784770784770784,1.0,,1.0,1.0,1.0
reacher,0.001,0.0,trajectory,412,False,0.628982128982129,1.0,,1.0,1.0,1.0
reacher,0.001,0.0,trajectory,413,False,0.07381507381507382,1.0,,1.0,1.0,1.0
reacher,0.001,0.0,trajectory,414,False,1.0,1.0,,1.0,1.0,1.0
reacher,0.001,0.0,trajectory,415,False,1.0,1.0,,1.0,1.0,1.0
reacher,0.001,0.0,trajectory,416,False,1.0,1.0,,1.0,0.5761460761460762,1.0
reacher,0.001,0.0,trajectory,417,False,1.0,0.9335664335664335,,1.0,1.0,1.0
reacher,0.001,0.0,trajectory,418,False,1.0,0.3609168609168609,,1.0,1.0,1.0
reacher,0.001,0.0,trajectory,419,False,0.5944055944055944,1.0,,1.0,1.0,1.0
reacher,0.001,0.0,trajectory,420,False,0.47824397824397824,1.0,,1.0,0.03885003885003885,1.0
reacher,0.001,0.0,trajectory,421,False,1.0,1.0,,1.0,1.0,1.0
reacher,0.001,0.0,trajectory,422,False,1.0,0.19541569541569542,,1.0,1.0,1.0
reacher,0.001,0.0,trajectory,423,False,1.0,1.0,,1.0,1.0,1.0
reacher,0.001,0.0,trajectory,424,False,1.0,0.06526806526806526,,1.0,1.0,1.0
reacher,0.001,0.0,trajectory,425,False,1.0,1.0,,1.0,1.0,1.0
reacher,0.001,0.0,trajectory,426,False,1.0,1.0,,1.0,1.0,1.0
reacher,0.001,0.0,trajectory,427,False,1.0,1.0,,1.0,1.0,1.0
reacher,0.001,0.0,trajectory,428,False,0.8609168609168609,1.0,,1.0,0.5077700077700078,1.0
reacher,0.001,0.0,trajectory,429,False,1.0,1.0,,1.0,1.0,1.0
reacher,0.001,0.0,trajectory,430,False,1.0,1.0,,1.0,1.0,1.0
reacher,0.001,0.0,trajectory,431,False,1.0,1.0,,1.0,1.0,1.0
reacher,0.001,0.0,trajectory,432,False,1.0,1.0,,1.0,1.0,1.0
reacher,0.001,0.0,trajectory,433,False,1.0,1.0,,1.0,1.0,1.0
reacher,0.001,0.0,trajectory,434,False,0.6336441336441336,1.0,,1.0,1.0,1.0
reacher,0.001,0.0,trajectory,435,False,1.0,1.0,,1.0,1.0,0.17327117327117325
reacher,0.001,0.0,trajectory,436,False,1.0,1.0,,1.0,1.0,1.0
reacher,0.001,0.0,trajectory,437,False,1.0,1.0,,1.0,1.0,1.0
reacher,0.001,0.0,trajectory,438,False,0.7385392385392385,1.0,,1.0,0.27000777000777,1.0
reacher,0.001,0.0,trajectory,439,False,1.0,1.0,,1.0,0.11188811188811189,1.0
reacher,0.001,0.0,trajectory,440,False,1.0,1.0,,1.0,0.616938616938617,1.0
reacher,0.001,0.0,trajectory,441,False,1.0,1.0,,1.0,1.0,1.0
reacher,0.001,0.0,trajectory,442,False,1.0,0.022921522921522924,,1.0,1.0,1.0
reacher,0.001,0.0,trajectory,443,False,1.0,0.9720279720279721,,1.0,1.0,1.0
reacher,0.001,0.0,trajectory,444,False,1.0,1.0,,1.0,1.0,1.0
reacher,0.001,0.0,trajectory,445,False,1.0,1.0,,1.0,1.0,1.0
reacher,0.001,0.0,trajectory,446,False,1.0,1.0,,1.0,0.8469308469308469,1.0
reacher,0.001,0.0,trajectory,447,False,1.0,1.0,,1.0,1.0,1.0
reacher,0.001,0.0,trajectory,448,False,1.0,1.0,,1.0,1.0,1.0
reacher,0.001,0.0,trajectory,449,False,1.0,1.0,,1.0,1.0,1.0
reacher,0.001,0.0,trajectory,450,False,1.0,1.0,,1.0,1.0,0.8667443667443668
reacher,0.001,0.0,trajectory,451,False,1.0,1.0,,1.0,1.0,1.0
reacher,0.001,0.0,trajectory,452,False,0.2296037296037296,1.0,,1.0,1.0,1.0
reacher,0.001,0.0,trajectory,453,False,1.0,1.0,,1.0,1.0,1.0
reacher,0.001,0.0,trajectory,454,False,1.0,1.0,,1.0,1.0,1.0
reacher,0.001,0.0,trajectory,455,False,0.7233877233877234,1.0,,1.0,1.0,1.0
reacher,0.001,0.0,trajectory,456,False,0.6452991452991453,1.0,,1.0,1.0,1.0
reacher,0.001,0.0,trajectory,457,False,1.0,1.0,,1.0,1.0,1.0
reacher,0.001,0.0,trajectory,458,False,0.6437451437451437,1.0,,1.0,1.0,1.0
reacher,0.001,0.0,trajectory,459,False,1.0,1.0,,1.0,1.0,1.0
reacher,0.001,0.0,trajectory,460,False,1.0,1.0,,1.0,1.0,1.0
reacher,0.001,0.0,trajectory,461,False,1.0,1.0,,1.0,1.0,1.0
reacher,0.001,0.0,trajectory,462,False,1.0,1.0,,1.0,1.0,1.0
reacher,0.001,0.0,trajectory,463,False,1.0,1.0,,1.0,1.0,1.0
reacher,0.001,0.0,trajectory,464,False,1.0,1.0,,1.0,1.0,1.0
reacher,0.001,0.0,trajectory,465,False,1.0,1.0,,1.0,1.0,1.0
reacher,0.001,0.0,trajectory,466,False,1.0,0.611111111111111,,1.0,0.053613053613053616,1.0
reacher,0.001,0.0,trajectory,467,False,1.0,1.0,,1.0,1.0,0.8275058275058276
reacher,0.001,0.0,trajectory,468,False,1.0,1.0,,1.0,1.0,1.0
reacher,0.001,0.0,trajectory,469,False,0.6511266511266511,1.0,,1.0,1.0,1.0
reacher,0.001,0.0,trajectory,470,False,1.0,0.13053613053613053,,1.0,1.0,0.3803418803418803
reacher,0.001,0.0,trajectory,471,False,1.0,1.0,,1.0,0.28477078477078477,1.0
reacher,0.001,0.0,trajectory,472,False,1.0,0.5473970473970474,,1.0,0.9289044289044289,1.0
reacher,0.001,0.0,trajectory,473,False,1.0,1.0,,1.0,1.0,1.0
reacher,0.001,0.0,trajectory,474,False,1.0,0.5027195027195027,,1.0,1.0,1.0
reacher,0.001,0.0,trajectory,475,False,0.6686091686091686,1.0,,1.0,1.0,0.6604506604506605
reacher,0.001,0.0,trajectory,476,False,0.3010878010878011,1.0,,1.0,1.0,0.044289044289044295
reacher,0.001,0.0,trajectory,477,False,1.0,1.0,,1.0,1.0,1.0
reacher,0.001,0.0,trajectory,478,False,0.6787101787101788,1.0,,1.0,0.026418026418026416,1.0
reacher,0.001,0.0,trajectory,479,False,1.0,0.7983682983682984,,1.0,1.0,1.0
reacher,0.001,0.0,trajectory,480,False,1.0,1.0,,1.0,0.08896658896658896,1.0
reacher,0.001,0.0,trajectory,481,False,0.9731934731934732,1.0,,1.0,1.0,1.0
reacher,0.001,0.0,trajectory,482,False,1.0,1.0,,1.0,1.0,1.0
reacher,0.001,0.0,trajectory,483,False,1.0,1.0,,1.0,0.7482517482517482,1.0
reacher,0.001,0.0,trajectory,484,False,0.9331779331779332,1.0,,1.0,0.10256410256410256,1.0
reacher,0.001,0.0,trajectory,485,False,0.33721833721833727,1.0,,1.0,1.0,1.0
reacher,0.001,0.0,trajectory,486,False,1.0,0.5287490287490287,,1.0,1.0,1.0
reacher,0.001,0.0,trajectory,487,False,1.0,1.0,,1.0,1.0,0.5271950271950272
reacher,0.001,0.0,trajectory,488,False,1.0,1.0,,1.0,1.0,1.0
reacher,0.001,0.0,trajectory,489,False,1.0,1.0,,1.0,1.0,1.0
reacher,0.001,0.0,trajectory,490,False,1.0,1.0,,1.0,1.0,1.0
reacher,0.001,0.0,trajectory,491,False,1.0,1.0,,1.0,1.0,1.0
reacher,0.001,0.0,trajectory,492,False,1.0,0.3337218337218337,,1.0,1.0,1.0
reacher,0.001,0.0,trajectory,493,False,0.43278943278943277,0.3601398601398601,,1.0,1.0,1.0
reacher,0.001,0.0,trajectory,494,False,0.7404817404817404,1.0,,1.0,1.0,1.0
reacher,0.001,0.0,trajectory,495,False,0.2595182595182595,1.0,,1.0,1.0,1.0
reacher,0.001,0.0,trajectory,496,False,1.0,0.022921522921522924,,1.0,1.0,1.0
reacher,0.001,0.0,trajectory,497,False,1.0,1.0,,1.0,1.0,1.0
reacher,0.001,0.0,trajectory,498,False,1.0,1.0,,1.0,0.4976689976689977,1.0
reacher,0.001,0.0,trajectory,499,False,1.0,1.0,,1.0,0.6934731934731935,1.0
